OrderID,CustomerID,RestaurantID,CategoryID,City,OrderDate,OrderValue,DiscountPct,PaymentMethod,DeliveryTimeMin,Status,Rating
1,31,56,1,Chennai,2024-05-03 08:07:00,498.67,30,Wallet,36,Delivered,5.0
2,387,35,10,Hyderabad,2024-09-03 14:02:00,682.63,10,Cash on Delivery,27,Delivered,4.4
3,117,54,1,Kolkata,2024-01-04 17:24:00,262.55,0,UPI,24,Delivered,3.9
4,195,10,10,Mumbai,2024-10-29 13:14:00,184.65,10,UPI,31,Delivered,4.7
5,90,17,1,Kolkata,2024-07-09 12:34:00,422.69,30,Credit Card,10,Delivered,4.8
6,178,51,7,Kolkata,2024-11-08 12:52:00,146.87,0,UPI,28,Refunded,
7,145,42,9,Jaipur,2024-10-28 11:13:00,336.72,10,UPI,39,Delivered,4.4
8,202,30,9,Ahmedabad,2024-02-08 16:34:00,199.86,10,Wallet,39,Delivered,4.4
9,322,44,1,Lucknow,2024-09-08 20:14:00,427.86,0,Debit Card,16,Delivered,4.2
10,344,55,5,Bangalore,2024-07-28 10:32:00,236.99,50,Wallet,45,Cancelled,
11,203,7,14,Ahmedabad,2024-05-13 18:26:00,576.3,20,Debit Card,59,Delivered,5.0
12,24,18,9,Lucknow,2024-03-31 09:55:00,873.57,0,Credit Card,52,Delivered,4.1
13,355,19,11,Jaipur,2024-02-15 13:13:00,563.97,0,UPI,30,Delivered,4.2
14,105,15,14,Hyderabad,2024-04-09 12:07:00,99.0,0,Wallet,28,Delivered,4.6
15,275,39,11,Lucknow,2024-07-08 10:18:00,99.0,50,UPI,26,Delivered,3.9
16,322,44,1,Lucknow,2024-01-30 22:13:00,147.11,50,Debit Card,53,Delivered,4.8
17,60,22,4,Ahmedabad,2024-03-24 08:24:00,353.01,30,UPI,30,Refunded,
18,371,39,11,Lucknow,2024-12-09 21:25:00,99.0,20,UPI,28,Delivered,4.6
19,15,42,9,Jaipur,2024-04-11 14:21:00,318.79,0,UPI,43,Delivered,5.0
20,85,57,8,Delhi,2024-03-23 21:50:00,424.97,30,Debit Card,46,Refunded,
21,197,56,1,Chennai,2024-10-01 16:27:00,580.31,50,Wallet,45,Delivered,4.0
22,235,54,1,Kolkata,2024-06-21 14:13:00,189.02,50,Debit Card,24,Delivered,4.5
23,344,60,1,Hyderabad,2024-03-03 16:58:00,137.05,20,Debit Card,40,Delivered,4.4
24,263,30,9,Ahmedabad,2024-05-03 14:56:00,257.3,50,Wallet,50,Delivered,4.6
25,6,20,14,Kolkata,2024-10-01 22:51:00,145.93,0,Cash on Delivery,35,Delivered,4.1
26,381,32,5,Bangalore,2024-04-29 13:52:00,262.24,50,Wallet,38,Delivered,4.4
27,289,42,9,Jaipur,2024-11-12 11:39:00,420.95,0,Credit Card,37,Delivered,4.2
28,58,25,3,Kolkata,2024-10-12 16:32:00,99.0,20,Wallet,32,Cancelled,
29,145,23,13,Delhi,2024-11-03 16:13:00,707.07,30,Debit Card,40,Delivered,4.6
30,366,5,12,Ahmedabad,2024-07-21 12:34:00,896.86,30,UPI,44,Delivered,2.9
31,42,50,14,Hyderabad,2024-11-29 21:40:00,139.66,20,UPI,48,Delivered,4.0
32,350,41,8,Kolkata,2024-07-14 18:03:00,113.23,30,UPI,34,Delivered,5.0
33,200,30,9,Ahmedabad,2024-09-20 09:40:00,194.48,30,UPI,36,Delivered,5.0
34,174,48,4,Pune,2024-05-04 21:21:00,99.0,50,Cash on Delivery,30,Delivered,4.3
35,385,39,11,Lucknow,2024-04-29 22:54:00,138.58,0,Cash on Delivery,51,Delivered,4.5
36,335,57,8,Delhi,2024-01-16 20:48:00,326.11,0,Wallet,31,Delivered,4.4
37,95,27,6,Ahmedabad,2024-06-06 19:34:00,283.12,10,Debit Card,34,Refunded,
38,217,57,8,Delhi,2024-09-23 21:49:00,299.99,50,Cash on Delivery,36,Delivered,4.5
39,111,42,9,Jaipur,2024-09-11 12:04:00,197.0,0,UPI,37,Cancelled,
40,353,37,8,Mumbai,2024-10-30 11:36:00,737.66,20,Debit Card,20,Delivered,3.6
41,180,7,14,Ahmedabad,2024-06-20 08:52:00,580.99,10,Cash on Delivery,40,Delivered,3.7
42,163,5,12,Ahmedabad,2024-07-19 20:08:00,229.3,0,Cash on Delivery,39,Delivered,3.7
43,119,15,14,Hyderabad,2024-11-19 10:16:00,133.25,50,Credit Card,37,Delivered,3.8
44,325,51,7,Kolkata,2024-08-03 08:07:00,166.45,10,Debit Card,39,Delivered,5.0
45,389,42,9,Jaipur,2024-10-27 14:46:00,346.96,30,UPI,34,Delivered,3.4
46,228,8,14,Ahmedabad,2024-11-27 13:11:00,117.98,0,Cash on Delivery,21,Delivered,5.0
47,145,56,1,Chennai,2024-06-22 22:14:00,1132.17,50,Cash on Delivery,46,Delivered,4.3
48,308,9,11,Bangalore,2024-12-26 10:25:00,124.43,10,Debit Card,20,Cancelled,
49,142,11,7,Ahmedabad,2024-11-03 20:21:00,425.9,0,UPI,26,Delivered,3.4
50,122,60,1,Hyderabad,2024-08-19 12:50:00,124.37,50,UPI,47,Delivered,3.8
51,285,22,4,Ahmedabad,2024-02-07 11:56:00,333.63,50,Credit Card,21,Delivered,4.4
52,392,34,3,Bangalore,2024-06-05 10:03:00,113.53,0,Debit Card,33,Delivered,3.3
53,226,35,10,Hyderabad,2024-11-06 14:27:00,594.91,0,UPI,53,Refunded,
54,360,13,9,Bangalore,2024-01-28 11:21:00,210.27,10,Cash on Delivery,36,Delivered,3.9
55,257,11,7,Ahmedabad,2024-03-16 20:02:00,429.01,0,UPI,21,Delivered,3.4
56,285,60,1,Hyderabad,2024-12-07 19:01:00,99.0,0,UPI,43,Delivered,4.5
57,165,32,5,Bangalore,2024-06-10 18:54:00,490.71,50,Cash on Delivery,39,Delivered,3.4
58,221,42,9,Jaipur,2024-12-26 08:07:00,433.59,0,Debit Card,36,Delivered,3.2
59,69,59,11,Jaipur,2024-03-27 13:05:00,144.99,0,Cash on Delivery,15,Delivered,5.0
60,309,15,14,Hyderabad,2024-08-01 16:17:00,137.79,0,UPI,48,Delivered,3.9
61,224,38,15,Hyderabad,2024-03-01 19:05:00,99.0,20,UPI,53,Cancelled,
62,124,1,6,Mumbai,2024-08-05 18:07:00,136.81,0,UPI,35,Delivered,3.9
63,344,46,1,Kolkata,2024-12-27 08:56:00,434.59,0,UPI,28,Delivered,4.4
64,339,50,14,Hyderabad,2024-04-02 20:48:00,238.01,0,Cash on Delivery,40,Delivered,4.1
65,12,24,9,Mumbai,2024-12-20 15:13:00,280.68,0,UPI,40,Delivered,3.6
66,52,43,4,Lucknow,2024-10-17 20:19:00,912.98,20,Wallet,41,Refunded,
67,129,40,6,Kolkata,2024-11-07 08:12:00,316.15,20,Cash on Delivery,35,Delivered,3.7
68,135,22,4,Ahmedabad,2024-07-07 13:48:00,111.49,50,Debit Card,40,Delivered,4.5
69,145,3,12,Kolkata,2024-10-28 08:07:00,208.01,10,Wallet,42,Delivered,3.5
70,127,14,7,Mumbai,2024-02-12 11:59:00,203.4,10,UPI,61,Delivered,4.1
71,226,2,12,Jaipur,2024-12-18 17:38:00,152.66,0,UPI,39,Delivered,5.0
72,71,32,5,Bangalore,2024-12-06 12:48:00,387.58,30,Cash on Delivery,37,Delivered,3.9
73,273,48,4,Pune,2024-07-10 21:41:00,103.54,0,UPI,20,Delivered,4.8
74,187,38,15,Hyderabad,2024-12-28 13:40:00,101.29,20,Wallet,21,Delivered,3.5
75,3,33,1,Mumbai,2024-09-21 15:36:00,158.5,20,Wallet,36,Delivered,4.2
76,285,46,1,Kolkata,2024-10-31 16:16:00,308.24,20,Wallet,34,Delivered,4.8
77,22,42,9,Jaipur,2024-12-09 12:50:00,412.47,50,Wallet,25,Delivered,3.8
78,166,6,4,Mumbai,2024-02-28 14:54:00,412.08,0,Debit Card,25,Delivered,5.0
79,310,41,8,Kolkata,2024-02-10 14:12:00,212.77,20,Debit Card,41,Delivered,4.1
80,363,39,11,Lucknow,2024-07-10 18:45:00,99.0,0,UPI,29,Delivered,3.4
81,246,25,3,Kolkata,2024-05-26 18:12:00,99.0,0,Cash on Delivery,27,Delivered,4.7
82,234,34,3,Bangalore,2024-05-06 21:44:00,176.33,0,UPI,25,Delivered,5.0
83,325,11,7,Ahmedabad,2024-01-01 15:43:00,305.47,50,Cash on Delivery,27,Delivered,3.4
84,158,46,1,Kolkata,2024-01-19 19:07:00,277.87,0,Wallet,31,Cancelled,
85,151,37,8,Mumbai,2024-04-18 19:47:00,655.25,10,UPI,35,Delivered,4.4
86,213,41,8,Kolkata,2024-10-27 17:38:00,236.29,10,UPI,37,Delivered,3.7
87,376,7,14,Ahmedabad,2024-09-06 12:07:00,1054.61,50,Credit Card,31,Delivered,3.5
88,218,57,8,Delhi,2024-06-01 18:45:00,287.89,0,Cash on Delivery,17,Delivered,3.6
89,246,46,1,Kolkata,2024-12-08 21:44:00,249.8,0,Cash on Delivery,24,Delivered,4.2
90,303,59,11,Jaipur,2024-08-02 08:46:00,99.0,20,Debit Card,30,Delivered,4.9
91,276,48,4,Pune,2024-12-05 09:17:00,218.85,20,Cash on Delivery,45,Cancelled,
92,151,22,4,Ahmedabad,2024-11-19 21:32:00,241.2,20,UPI,34,Refunded,
93,196,48,4,Pune,2024-05-06 11:17:00,295.27,0,Debit Card,39,Delivered,4.1
94,21,39,11,Lucknow,2024-05-26 22:27:00,99.0,0,Debit Card,49,Delivered,4.4
95,257,10,10,Mumbai,2024-03-24 08:32:00,105.67,20,UPI,33,Delivered,3.8
96,399,21,9,Jaipur,2024-11-27 17:50:00,528.28,50,Credit Card,35,Delivered,4.0
97,17,6,4,Mumbai,2024-05-22 16:38:00,340.46,0,Wallet,35,Delivered,3.6
98,51,49,12,Pune,2024-09-14 22:28:00,304.02,0,Wallet,36,Delivered,3.0
99,270,1,6,Mumbai,2024-04-14 17:01:00,115.75,20,Debit Card,25,Delivered,3.8
100,315,34,3,Bangalore,2024-11-02 18:12:00,105.33,10,Wallet,40,Delivered,4.8
101,83,59,11,Jaipur,2024-09-22 21:17:00,136.57,10,UPI,36,Delivered,2.6
102,306,14,7,Mumbai,2024-02-20 13:08:00,288.44,30,Wallet,27,Delivered,4.8
103,124,36,12,Bangalore,2024-02-08 19:02:00,664.79,0,UPI,33,Delivered,4.3
104,290,27,6,Ahmedabad,2024-03-24 13:26:00,142.46,10,Credit Card,16,Delivered,4.0
105,262,9,11,Bangalore,2024-04-26 09:28:00,99.0,20,UPI,20,Delivered,3.8
106,365,55,5,Bangalore,2024-06-14 10:15:00,302.15,50,Cash on Delivery,44,Delivered,4.4
107,49,6,4,Mumbai,2024-12-15 15:01:00,339.13,10,UPI,33,Delivered,4.9
108,6,31,14,Chennai,2024-03-21 16:11:00,99.0,0,UPI,48,Delivered,4.3
109,117,17,1,Kolkata,2024-08-22 08:54:00,474.29,0,Credit Card,36,Delivered,4.0
110,118,53,3,Pune,2024-10-27 22:25:00,486.77,10,UPI,37,Delivered,5.0
111,263,43,4,Lucknow,2024-12-22 12:48:00,1035.09,0,UPI,35,Delivered,4.2
112,353,60,1,Hyderabad,2024-05-06 22:24:00,99.0,0,Debit Card,25,Delivered,3.1
113,374,36,12,Bangalore,2024-10-05 15:56:00,611.18,10,UPI,39,Delivered,4.3
114,129,21,9,Jaipur,2024-10-20 19:20:00,517.26,30,UPI,28,Cancelled,
115,397,27,6,Ahmedabad,2024-04-16 09:35:00,349.88,20,UPI,38,Delivered,3.7
116,171,41,8,Kolkata,2024-04-08 20:54:00,147.59,0,UPI,27,Delivered,3.9
117,27,28,8,Hyderabad,2024-03-13 12:37:00,1164.32,50,Credit Card,42,Delivered,4.9
118,199,16,1,Lucknow,2024-05-01 21:59:00,1069.72,10,Debit Card,39,Delivered,4.6
119,372,35,10,Hyderabad,2024-12-29 09:31:00,356.01,0,Credit Card,47,Delivered,3.0
120,387,36,12,Bangalore,2024-07-13 19:43:00,799.57,30,UPI,42,Delivered,3.1
121,314,56,1,Chennai,2024-11-30 16:22:00,405.31,30,Debit Card,34,Delivered,4.2
122,345,35,10,Hyderabad,2024-12-25 18:47:00,755.18,0,Debit Card,50,Cancelled,
123,97,45,14,Bangalore,2024-06-08 17:58:00,245.61,30,UPI,39,Delivered,4.7
124,17,19,11,Jaipur,2024-11-08 13:35:00,650.55,10,UPI,12,Delivered,2.8
125,173,57,8,Delhi,2024-06-15 09:55:00,462.27,0,UPI,29,Delivered,4.7
126,101,21,9,Jaipur,2024-06-04 12:06:00,676.2,0,UPI,34,Refunded,
127,186,58,1,Lucknow,2024-07-14 12:55:00,338.3,10,UPI,48,Delivered,5.0
128,184,33,1,Mumbai,2024-11-16 08:46:00,380.24,50,UPI,31,Delivered,4.8
129,215,23,13,Delhi,2024-05-27 10:28:00,491.47,50,Credit Card,28,Cancelled,
130,251,55,5,Bangalore,2024-07-20 19:17:00,282.64,0,Debit Card,14,Delivered,3.6
131,216,6,4,Mumbai,2024-05-05 18:48:00,288.61,20,Wallet,48,Delivered,4.5
132,29,32,5,Bangalore,2024-10-20 12:07:00,622.31,0,Debit Card,49,Delivered,4.2
133,102,22,4,Ahmedabad,2024-06-24 11:55:00,203.04,0,Debit Card,24,Delivered,5.0
134,123,3,12,Kolkata,2024-07-22 13:00:00,257.98,20,UPI,21,Delivered,4.8
135,54,35,10,Hyderabad,2024-01-31 11:48:00,621.05,0,UPI,45,Delivered,3.6
136,283,16,1,Lucknow,2024-12-30 09:04:00,750.74,0,Credit Card,48,Delivered,4.5
137,102,42,9,Jaipur,2024-12-09 18:02:00,483.32,30,Debit Card,28,Refunded,
138,117,59,11,Jaipur,2024-03-15 20:03:00,99.0,50,Cash on Delivery,33,Delivered,3.6
139,104,25,3,Kolkata,2024-06-02 18:45:00,99.0,20,Cash on Delivery,41,Delivered,4.7
140,45,17,1,Kolkata,2024-12-28 18:41:00,290.49,0,UPI,25,Delivered,3.9
141,114,39,11,Lucknow,2024-02-20 09:05:00,99.0,30,UPI,26,Delivered,4.1
142,343,13,9,Bangalore,2024-11-10 20:14:00,310.68,0,Debit Card,32,Delivered,4.2
143,31,28,8,Hyderabad,2024-09-01 21:41:00,862.28,0,Debit Card,25,Refunded,
144,164,11,7,Ahmedabad,2024-05-01 20:36:00,454.68,0,UPI,64,Delivered,3.8
145,189,10,10,Mumbai,2024-06-18 19:36:00,200.6,0,Debit Card,47,Delivered,4.2
146,293,39,11,Lucknow,2024-02-04 14:05:00,99.0,50,UPI,32,Refunded,
147,195,24,9,Mumbai,2024-07-14 09:59:00,241.93,0,Debit Card,36,Delivered,4.4
148,292,38,15,Hyderabad,2024-07-19 08:28:00,99.0,0,UPI,19,Delivered,3.9
149,375,24,9,Mumbai,2024-03-17 18:46:00,129.94,20,Debit Card,39,Refunded,
150,261,33,1,Mumbai,2024-05-05 11:16:00,405.42,0,Cash on Delivery,42,Delivered,4.2
151,207,17,1,Kolkata,2024-04-18 13:03:00,495.57,20,Wallet,28,Delivered,3.7
152,52,57,8,Delhi,2024-03-09 12:40:00,594.1,50,Wallet,31,Delivered,3.4
153,49,44,1,Lucknow,2024-10-31 20:33:00,290.97,0,Credit Card,26,Delivered,4.1
154,6,36,12,Bangalore,2024-12-30 13:52:00,850.07,10,Credit Card,49,Delivered,4.7
155,379,35,10,Hyderabad,2024-12-08 10:02:00,340.18,10,Credit Card,48,Delivered,4.7
156,394,6,4,Mumbai,2024-02-11 09:31:00,249.44,30,UPI,39,Delivered,4.7
157,374,58,1,Lucknow,2024-04-18 10:57:00,209.0,50,UPI,36,Delivered,4.7
158,224,60,1,Hyderabad,2024-12-06 21:43:00,99.0,0,UPI,23,Cancelled,
159,23,16,1,Lucknow,2024-01-21 19:10:00,669.16,50,Debit Card,28,Delivered,4.2
160,145,45,14,Bangalore,2024-12-24 11:50:00,187.47,20,Credit Card,32,Delivered,3.8
161,110,28,8,Hyderabad,2024-04-01 22:23:00,645.98,10,UPI,28,Delivered,3.9
162,212,41,8,Kolkata,2024-05-04 10:12:00,184.6,0,Debit Card,41,Delivered,4.0
163,300,32,5,Bangalore,2024-04-20 09:10:00,99.0,50,Debit Card,19,Delivered,3.7
164,41,26,7,Kolkata,2024-09-29 10:59:00,557.85,30,Cash on Delivery,22,Delivered,4.5
165,399,11,7,Ahmedabad,2024-12-03 15:21:00,351.33,50,Debit Card,29,Delivered,3.7
166,172,52,2,Kolkata,2024-09-05 15:57:00,175.61,10,UPI,19,Delivered,3.0
167,186,25,3,Kolkata,2024-10-01 12:38:00,99.0,50,UPI,45,Delivered,4.7
168,214,31,14,Chennai,2024-12-06 15:27:00,219.8,30,Cash on Delivery,46,Delivered,4.4
169,306,21,9,Jaipur,2024-01-05 08:36:00,739.75,10,UPI,18,Delivered,3.1
170,52,45,14,Bangalore,2024-06-12 13:18:00,99.89,0,Credit Card,38,Delivered,3.7
171,70,55,5,Bangalore,2024-03-04 18:52:00,232.34,50,Credit Card,31,Delivered,4.0
172,196,51,7,Kolkata,2024-12-19 18:53:00,191.75,50,Wallet,35,Delivered,4.1
173,151,3,12,Kolkata,2024-06-21 22:11:00,223.11,50,Debit Card,40,Delivered,5.0
174,109,12,12,Bangalore,2024-09-02 12:53:00,122.72,0,Debit Card,14,Delivered,3.5
175,118,51,7,Kolkata,2024-01-05 08:55:00,119.8,30,UPI,46,Delivered,3.5
176,365,40,6,Kolkata,2024-01-20 16:45:00,273.45,30,Wallet,40,Delivered,4.9
177,95,46,1,Kolkata,2024-01-12 13:16:00,446.15,10,Debit Card,46,Delivered,4.0
178,256,54,1,Kolkata,2024-05-26 17:47:00,249.67,30,UPI,16,Delivered,4.8
179,44,41,8,Kolkata,2024-04-17 19:51:00,133.49,0,Debit Card,35,Delivered,3.9
180,67,25,3,Kolkata,2024-12-17 13:54:00,99.0,0,UPI,40,Delivered,4.8
181,156,56,1,Chennai,2024-09-06 11:37:00,689.76,0,UPI,39,Delivered,3.9
182,323,17,1,Kolkata,2024-03-15 08:23:00,296.9,50,Credit Card,44,Delivered,4.0
183,206,38,15,Hyderabad,2024-07-21 16:50:00,99.0,0,Cash on Delivery,40,Delivered,3.5
184,274,36,12,Bangalore,2024-08-29 08:50:00,918.73,50,Credit Card,16,Delivered,5.0
185,155,36,12,Bangalore,2024-08-06 09:27:00,636.84,10,Debit Card,47,Delivered,3.6
186,179,19,11,Jaipur,2024-06-23 22:46:00,555.77,30,Debit Card,30,Delivered,3.3
187,60,44,1,Lucknow,2024-09-16 14:44:00,460.42,30,Debit Card,37,Delivered,5.0
188,74,57,8,Delhi,2024-06-11 22:08:00,421.35,10,UPI,51,Delivered,4.5
189,49,2,12,Jaipur,2024-11-23 11:44:00,162.36,10,UPI,35,Delivered,5.0
190,271,17,1,Kolkata,2024-12-02 08:48:00,277.17,0,UPI,31,Delivered,3.7
191,73,30,9,Ahmedabad,2024-08-12 15:18:00,281.16,0,UPI,23,Delivered,4.5
192,196,47,10,Mumbai,2024-03-03 13:02:00,347.5,0,Wallet,22,Delivered,4.9
193,399,10,10,Mumbai,2024-11-20 20:46:00,274.91,0,Cash on Delivery,23,Delivered,3.4
194,179,35,10,Hyderabad,2024-07-07 22:54:00,506.35,50,UPI,35,Delivered,4.3
195,48,52,2,Kolkata,2024-07-26 09:31:00,168.86,30,Credit Card,57,Delivered,3.8
196,72,36,12,Bangalore,2024-01-22 20:21:00,803.28,20,Wallet,32,Delivered,3.9
197,113,54,1,Kolkata,2024-06-19 10:53:00,203.07,10,UPI,35,Delivered,3.6
198,245,33,1,Mumbai,2024-10-24 21:20:00,455.34,10,Credit Card,42,Cancelled,
199,385,1,6,Mumbai,2024-07-22 09:40:00,121.45,50,UPI,28,Cancelled,
200,391,18,9,Lucknow,2024-05-31 10:55:00,659.96,20,Debit Card,49,Delivered,4.4
201,309,4,12,Jaipur,2024-10-12 16:29:00,373.8,30,Wallet,30,Delivered,4.0
202,159,55,5,Bangalore,2024-10-29 10:18:00,299.98,0,Wallet,47,Delivered,3.5
203,274,54,1,Kolkata,2024-09-20 17:48:00,247.95,0,Credit Card,41,Cancelled,
204,268,47,10,Mumbai,2024-11-22 21:06:00,217.63,10,Debit Card,36,Delivered,5.0
205,304,27,6,Ahmedabad,2024-03-07 08:35:00,261.88,10,Debit Card,29,Delivered,4.1
206,30,25,3,Kolkata,2024-01-25 12:00:00,110.88,0,UPI,44,Delivered,3.2
207,97,55,5,Bangalore,2024-02-06 20:39:00,304.89,0,UPI,34,Delivered,3.7
208,251,28,8,Hyderabad,2024-05-15 12:59:00,719.82,0,Wallet,30,Delivered,3.2
209,7,53,3,Pune,2024-05-07 16:00:00,392.96,30,UPI,51,Cancelled,
210,92,22,4,Ahmedabad,2024-06-12 10:01:00,171.32,0,UPI,14,Delivered,3.7
211,113,42,9,Jaipur,2024-07-09 15:22:00,596.72,0,Credit Card,50,Delivered,4.3
212,259,25,3,Kolkata,2024-09-21 09:45:00,106.65,20,Wallet,55,Delivered,4.5
213,107,17,1,Kolkata,2024-09-16 21:30:00,521.61,0,Debit Card,26,Delivered,4.6
214,63,59,11,Jaipur,2024-12-23 18:34:00,99.0,50,Debit Card,28,Delivered,3.7
215,390,57,8,Delhi,2024-03-12 10:13:00,681.54,30,Credit Card,24,Delivered,3.9
216,358,54,1,Kolkata,2024-07-06 20:44:00,253.68,50,Cash on Delivery,44,Delivered,4.4
217,271,44,1,Lucknow,2024-10-16 20:18:00,290.78,20,Debit Card,29,Delivered,4.6
218,199,52,2,Kolkata,2024-05-02 13:15:00,236.54,20,Wallet,34,Delivered,4.0
219,347,12,12,Bangalore,2024-03-06 15:16:00,208.23,0,Credit Card,41,Refunded,
220,337,16,1,Lucknow,2024-06-10 17:59:00,500.7,0,Credit Card,19,Refunded,
221,146,37,8,Mumbai,2024-05-23 13:59:00,631.71,0,Cash on Delivery,20,Delivered,4.5
222,61,16,1,Lucknow,2024-11-17 09:25:00,867.91,30,Cash on Delivery,38,Delivered,3.8
223,120,17,1,Kolkata,2024-01-13 15:46:00,402.43,0,UPI,31,Delivered,2.8
224,61,55,5,Bangalore,2024-10-16 14:02:00,280.85,0,UPI,25,Cancelled,
225,309,31,14,Chennai,2024-08-02 21:55:00,180.97,0,Wallet,35,Cancelled,
226,26,15,14,Hyderabad,2024-02-24 18:53:00,172.44,10,Credit Card,34,Delivered,4.6
227,115,13,9,Bangalore,2024-08-08 14:52:00,277.24,20,Credit Card,26,Delivered,4.4
228,40,40,6,Kolkata,2024-10-21 08:16:00,236.2,0,UPI,37,Delivered,4.0
229,344,27,6,Ahmedabad,2024-08-20 21:52:00,586.64,20,Credit Card,25,Delivered,4.2
230,116,21,9,Jaipur,2024-09-25 12:18:00,512.93,30,Cash on Delivery,42,Delivered,4.8
231,136,2,12,Jaipur,2024-02-22 10:56:00,210.99,0,Credit Card,33,Delivered,4.1
232,277,8,14,Ahmedabad,2024-10-07 13:30:00,142.74,30,UPI,53,Delivered,2.4
233,299,42,9,Jaipur,2024-12-02 14:22:00,306.29,0,UPI,22,Delivered,2.9
234,21,7,14,Ahmedabad,2024-02-01 21:09:00,915.49,50,Wallet,29,Delivered,4.9
235,387,10,10,Mumbai,2024-01-10 11:07:00,135.19,0,Wallet,44,Delivered,4.5
236,31,57,8,Delhi,2024-02-23 11:19:00,742.58,10,Cash on Delivery,24,Delivered,4.8
237,247,4,12,Jaipur,2024-06-08 09:13:00,422.63,10,Debit Card,35,Delivered,5.0
238,27,43,4,Lucknow,2024-06-26 19:45:00,781.5,20,Credit Card,15,Delivered,5.0
239,73,41,8,Kolkata,2024-02-22 15:14:00,148.09,0,Wallet,24,Delivered,3.3
240,97,36,12,Bangalore,2024-01-22 21:03:00,613.47,0,Cash on Delivery,26,Cancelled,
241,161,35,10,Hyderabad,2024-07-23 18:22:00,533.93,10,Cash on Delivery,33,Refunded,
242,346,43,4,Lucknow,2024-09-20 09:11:00,770.47,50,UPI,45,Delivered,4.0
243,300,3,12,Kolkata,2024-04-28 22:13:00,221.12,0,Credit Card,32,Delivered,3.6
244,299,58,1,Lucknow,2024-10-16 09:55:00,315.88,30,Cash on Delivery,32,Delivered,4.2
245,287,18,9,Lucknow,2024-12-19 22:10:00,749.45,0,UPI,27,Delivered,3.3
246,373,58,1,Lucknow,2024-12-26 19:48:00,174.2,0,Credit Card,24,Delivered,4.1
247,212,51,7,Kolkata,2024-03-19 16:30:00,182.42,10,Debit Card,45,Cancelled,
248,76,46,1,Kolkata,2024-08-28 17:28:00,163.05,50,Credit Card,37,Delivered,3.1
249,143,56,1,Chennai,2024-06-02 09:31:00,317.23,10,Cash on Delivery,32,Delivered,3.9
250,34,43,4,Lucknow,2024-08-01 13:16:00,771.64,30,UPI,51,Delivered,5.0
251,336,24,9,Mumbai,2024-12-08 15:49:00,138.16,50,Cash on Delivery,10,Refunded,
252,4,32,5,Bangalore,2024-09-20 16:05:00,421.37,30,UPI,45,Delivered,3.7
253,328,34,3,Bangalore,2024-11-20 19:56:00,248.98,0,Wallet,19,Delivered,3.7
254,98,59,11,Jaipur,2024-11-15 20:27:00,129.54,30,UPI,36,Delivered,4.2
255,366,2,12,Jaipur,2024-05-18 16:00:00,172.39,10,Cash on Delivery,45,Delivered,4.2
256,217,2,12,Jaipur,2024-04-16 10:08:00,99.0,10,Credit Card,17,Delivered,4.3
257,28,10,10,Mumbai,2024-06-10 19:03:00,156.79,30,UPI,47,Delivered,3.6
258,201,23,13,Delhi,2024-04-09 09:14:00,751.22,0,Debit Card,34,Delivered,3.7
259,386,15,14,Hyderabad,2024-11-02 20:18:00,150.68,0,Wallet,27,Delivered,4.1
260,273,54,1,Kolkata,2024-06-25 13:47:00,143.49,0,UPI,37,Delivered,4.7
261,314,12,12,Bangalore,2024-02-25 19:50:00,129.19,20,UPI,40,Delivered,3.7
262,127,43,4,Lucknow,2024-07-04 14:25:00,932.33,0,Credit Card,59,Cancelled,
263,202,17,1,Kolkata,2024-11-11 18:24:00,460.45,10,UPI,33,Delivered,4.0
264,9,18,9,Lucknow,2024-04-29 14:09:00,680.6,20,Wallet,43,Delivered,2.9
265,287,14,7,Mumbai,2024-06-23 14:20:00,327.22,20,UPI,36,Delivered,3.8
266,88,17,1,Kolkata,2024-08-22 20:36:00,240.82,30,Debit Card,39,Delivered,4.2
267,318,15,14,Hyderabad,2024-01-24 19:10:00,187.0,30,UPI,32,Delivered,4.6
268,19,12,12,Bangalore,2024-09-29 11:46:00,180.81,0,UPI,27,Delivered,3.6
269,81,59,11,Jaipur,2024-10-07 21:08:00,122.4,20,UPI,39,Delivered,4.2
270,107,16,1,Lucknow,2024-01-21 11:18:00,816.7,0,Credit Card,25,Delivered,4.3
271,311,32,5,Bangalore,2024-07-29 19:36:00,321.61,50,Credit Card,15,Delivered,3.0
272,230,23,13,Delhi,2024-10-24 08:36:00,883.2,20,UPI,36,Delivered,3.3
273,112,38,15,Hyderabad,2024-10-30 14:27:00,99.0,0,Cash on Delivery,27,Delivered,4.4
274,220,34,3,Bangalore,2024-02-10 10:46:00,212.31,0,Credit Card,32,Delivered,4.1
275,123,34,3,Bangalore,2024-05-25 21:34:00,156.33,10,UPI,18,Delivered,4.2
276,244,16,1,Lucknow,2024-08-23 16:59:00,672.4,0,UPI,45,Delivered,3.5
277,178,34,3,Bangalore,2024-01-13 09:36:00,191.41,0,UPI,10,Delivered,3.2
278,65,40,6,Kolkata,2024-04-09 22:01:00,279.98,30,UPI,39,Delivered,4.4
279,380,7,14,Ahmedabad,2024-01-16 16:08:00,877.62,0,Credit Card,40,Delivered,4.2
280,3,33,1,Mumbai,2024-06-14 18:53:00,603.48,0,Wallet,37,Delivered,2.9
281,207,4,12,Jaipur,2024-04-09 20:22:00,417.78,10,Wallet,45,Delivered,4.0
282,394,43,4,Lucknow,2024-06-21 20:33:00,536.76,20,Cash on Delivery,23,Delivered,5.0
283,21,52,2,Kolkata,2024-08-03 15:06:00,248.0,0,UPI,55,Delivered,4.5
284,293,7,14,Ahmedabad,2024-10-18 09:02:00,825.97,10,UPI,26,Delivered,3.6
285,15,18,9,Lucknow,2024-01-28 13:43:00,707.17,30,Wallet,42,Delivered,4.2
286,343,4,12,Jaipur,2024-05-28 19:39:00,351.94,0,Debit Card,53,Delivered,4.0
287,206,49,12,Pune,2024-11-05 13:00:00,203.63,50,UPI,33,Delivered,5.0
288,202,11,7,Ahmedabad,2024-12-21 12:59:00,321.83,10,UPI,28,Delivered,3.4
289,120,43,4,Lucknow,2024-08-22 10:12:00,475.4,30,Credit Card,43,Delivered,4.9
290,137,20,14,Kolkata,2024-11-08 08:53:00,322.41,0,Debit Card,29,Delivered,3.4
291,300,11,7,Ahmedabad,2024-02-23 17:52:00,452.18,10,Wallet,26,Delivered,4.3
292,295,15,14,Hyderabad,2024-02-13 22:52:00,154.19,50,UPI,42,Delivered,4.5
293,389,46,1,Kolkata,2024-03-14 21:12:00,203.44,0,UPI,43,Delivered,4.8
294,25,17,1,Kolkata,2024-06-13 13:23:00,530.72,20,Credit Card,35,Delivered,4.6
295,312,34,3,Bangalore,2024-09-14 13:16:00,114.76,10,UPI,36,Delivered,3.2
296,234,50,14,Hyderabad,2024-12-21 21:09:00,192.14,0,Debit Card,37,Cancelled,
297,121,48,4,Pune,2024-06-11 16:02:00,258.93,0,Debit Card,33,Delivered,4.1
298,90,12,12,Bangalore,2024-04-20 13:16:00,99.0,0,UPI,32,Delivered,4.4
299,320,42,9,Jaipur,2024-09-24 13:51:00,421.13,30,Debit Card,21,Delivered,4.8
300,200,28,8,Hyderabad,2024-01-24 20:42:00,601.46,0,UPI,28,Delivered,3.4
301,180,48,4,Pune,2024-08-15 17:59:00,207.27,10,Debit Card,35,Delivered,3.5
302,345,35,10,Hyderabad,2024-12-11 13:00:00,443.83,20,Debit Card,56,Delivered,3.2
303,368,8,14,Ahmedabad,2024-12-05 14:27:00,117.81,0,UPI,24,Delivered,4.1
304,76,27,6,Ahmedabad,2024-09-28 22:16:00,547.91,20,Debit Card,30,Delivered,4.3
305,137,22,4,Ahmedabad,2024-04-13 19:57:00,350.8,30,UPI,22,Delivered,4.3
306,138,54,1,Kolkata,2024-10-09 13:52:00,193.2,10,UPI,14,Delivered,3.9
307,10,57,8,Delhi,2024-06-18 18:46:00,610.7,20,UPI,49,Delivered,4.0
308,201,24,9,Mumbai,2024-08-09 16:33:00,220.53,20,UPI,40,Delivered,4.0
309,318,2,12,Jaipur,2024-05-13 14:31:00,168.72,0,Cash on Delivery,49,Delivered,4.0
310,346,31,14,Chennai,2024-08-11 12:24:00,216.41,10,UPI,16,Delivered,3.0
311,219,22,4,Ahmedabad,2024-02-02 14:57:00,158.95,20,Debit Card,41,Delivered,3.5
312,60,1,6,Mumbai,2024-01-07 11:56:00,133.88,0,Wallet,56,Refunded,
313,147,14,7,Mumbai,2024-05-05 19:15:00,236.84,0,UPI,45,Delivered,4.4
314,107,25,3,Kolkata,2024-07-26 18:52:00,99.0,0,UPI,41,Delivered,3.8
315,38,36,12,Bangalore,2024-05-14 11:46:00,749.67,30,UPI,27,Delivered,3.8
316,134,36,12,Bangalore,2024-11-02 16:31:00,898.04,20,UPI,50,Delivered,4.9
317,399,41,8,Kolkata,2024-11-26 15:32:00,249.7,10,UPI,29,Delivered,4.7
318,221,3,12,Kolkata,2024-08-04 15:07:00,236.21,0,Cash on Delivery,40,Delivered,3.7
319,303,5,12,Ahmedabad,2024-02-14 13:58:00,671.31,10,UPI,25,Delivered,5.0
320,133,1,6,Mumbai,2024-05-11 15:02:00,99.0,30,Debit Card,34,Delivered,4.0
321,334,54,1,Kolkata,2024-06-05 09:33:00,339.52,0,UPI,45,Delivered,4.6
322,53,19,11,Jaipur,2024-07-23 22:59:00,585.09,10,UPI,44,Delivered,4.1
323,62,33,1,Mumbai,2024-08-05 11:25:00,348.35,20,UPI,35,Cancelled,
324,23,42,9,Jaipur,2024-04-13 16:54:00,455.45,0,UPI,57,Delivered,3.7
325,44,54,1,Kolkata,2024-05-12 15:31:00,190.83,50,UPI,33,Delivered,4.6
326,308,30,9,Ahmedabad,2024-11-26 22:31:00,99.0,0,Debit Card,46,Delivered,3.6
327,46,12,12,Bangalore,2024-01-28 13:40:00,152.11,30,Debit Card,29,Delivered,4.0
328,147,10,10,Mumbai,2024-01-17 18:25:00,254.69,50,UPI,23,Delivered,4.1
329,216,34,3,Bangalore,2024-07-17 17:56:00,257.83,10,Cash on Delivery,33,Delivered,3.9
330,340,16,1,Lucknow,2024-01-26 16:09:00,806.63,0,UPI,18,Cancelled,
331,47,40,6,Kolkata,2024-10-27 10:10:00,321.83,10,UPI,38,Delivered,3.3
332,347,46,1,Kolkata,2024-06-29 15:39:00,282.66,10,Cash on Delivery,36,Delivered,4.4
333,308,29,11,Bangalore,2024-03-08 22:30:00,320.03,0,Wallet,41,Delivered,4.7
334,24,15,14,Hyderabad,2024-11-16 08:46:00,119.0,10,Cash on Delivery,35,Cancelled,
335,145,48,4,Pune,2024-02-21 13:23:00,179.17,0,UPI,32,Delivered,4.2
336,89,11,7,Ahmedabad,2024-07-06 16:46:00,369.24,30,Wallet,36,Delivered,3.6
337,174,44,1,Lucknow,2024-06-07 16:45:00,325.69,50,Debit Card,46,Cancelled,
338,64,34,3,Bangalore,2024-08-29 17:48:00,248.19,50,Credit Card,45,Delivered,5.0
339,119,36,12,Bangalore,2024-01-05 11:51:00,611.75,20,Wallet,48,Delivered,4.0
340,223,30,9,Ahmedabad,2024-12-26 18:55:00,145.62,30,Cash on Delivery,12,Delivered,4.0
341,156,35,10,Hyderabad,2024-02-23 08:49:00,715.96,0,Debit Card,46,Delivered,2.3
342,178,9,11,Bangalore,2024-08-13 22:31:00,99.0,10,Cash on Delivery,42,Delivered,3.4
343,320,18,9,Lucknow,2024-03-01 17:20:00,860.27,0,UPI,55,Delivered,4.8
344,342,19,11,Jaipur,2024-02-15 12:05:00,537.98,20,Debit Card,30,Delivered,5.0
345,56,39,11,Lucknow,2024-10-20 21:21:00,99.0,30,UPI,32,Delivered,4.9
346,59,4,12,Jaipur,2024-07-28 21:09:00,472.89,0,Wallet,38,Delivered,3.5
347,389,6,4,Mumbai,2024-10-28 20:30:00,191.31,10,Debit Card,11,Delivered,4.4
348,381,51,7,Kolkata,2024-08-09 10:29:00,223.38,0,Cash on Delivery,10,Delivered,3.9
349,220,33,1,Mumbai,2024-01-06 20:07:00,716.19,30,Credit Card,38,Delivered,3.9
350,185,32,5,Bangalore,2024-08-22 19:32:00,547.71,30,Cash on Delivery,23,Delivered,3.3
351,47,16,1,Lucknow,2024-07-27 18:12:00,567.73,0,UPI,22,Cancelled,
352,377,11,7,Ahmedabad,2024-02-19 18:30:00,120.92,30,Debit Card,40,Delivered,4.4
353,102,22,4,Ahmedabad,2024-06-04 19:05:00,228.64,50,Cash on Delivery,19,Delivered,3.3
354,44,36,12,Bangalore,2024-06-17 11:34:00,458.99,10,UPI,42,Delivered,2.7
355,15,50,14,Hyderabad,2024-09-08 15:58:00,175.21,10,UPI,26,Delivered,3.9
356,236,23,13,Delhi,2024-03-30 21:56:00,1092.63,0,Credit Card,26,Delivered,2.6
357,361,26,7,Kolkata,2024-11-27 18:36:00,743.55,0,UPI,39,Delivered,3.6
358,51,60,1,Hyderabad,2024-03-29 09:18:00,151.95,50,UPI,23,Delivered,4.5
359,309,31,14,Chennai,2024-11-06 13:53:00,154.43,30,UPI,52,Delivered,4.8
360,34,29,11,Bangalore,2024-06-02 13:03:00,380.69,0,UPI,34,Delivered,4.5
361,124,5,12,Ahmedabad,2024-04-17 10:28:00,201.28,0,Cash on Delivery,35,Delivered,4.0
362,77,54,1,Kolkata,2024-02-28 20:33:00,110.05,0,Wallet,41,Delivered,3.8
363,392,38,15,Hyderabad,2024-09-29 18:42:00,99.0,10,Cash on Delivery,46,Delivered,3.5
364,123,25,3,Kolkata,2024-09-01 09:33:00,125.24,0,UPI,30,Delivered,5.0
365,205,60,1,Hyderabad,2024-09-03 15:12:00,99.0,0,Cash on Delivery,42,Delivered,3.3
366,228,34,3,Bangalore,2024-12-27 15:29:00,248.16,50,Credit Card,43,Delivered,4.2
367,70,12,12,Bangalore,2024-12-17 11:46:00,99.0,10,Cash on Delivery,50,Delivered,4.5
368,230,22,4,Ahmedabad,2024-04-03 08:42:00,206.12,50,Credit Card,30,Refunded,
369,21,9,11,Bangalore,2024-02-08 08:58:00,116.5,20,UPI,43,Delivered,2.9
370,108,60,1,Hyderabad,2024-03-24 15:49:00,122.72,30,Debit Card,41,Delivered,2.7
371,364,20,14,Kolkata,2024-12-07 20:21:00,216.13,50,Credit Card,39,Delivered,4.5
372,241,29,11,Bangalore,2024-02-13 16:36:00,302.58,10,Wallet,13,Delivered,3.2
373,251,44,1,Lucknow,2024-03-14 11:36:00,161.33,30,Cash on Delivery,48,Refunded,
374,135,29,11,Bangalore,2024-06-04 17:42:00,290.54,10,UPI,45,Delivered,4.3
375,90,45,14,Bangalore,2024-08-03 17:59:00,264.9,50,Cash on Delivery,42,Delivered,3.6
376,79,27,6,Ahmedabad,2024-12-25 09:54:00,368.45,0,Credit Card,29,Delivered,4.3
377,177,54,1,Kolkata,2024-03-31 13:36:00,155.12,30,UPI,51,Delivered,4.3
378,298,55,5,Bangalore,2024-06-03 16:28:00,308.61,50,Credit Card,34,Cancelled,
379,308,17,1,Kolkata,2024-12-29 20:44:00,674.23,0,UPI,40,Delivered,4.7
380,102,5,12,Ahmedabad,2024-01-10 11:08:00,825.99,30,UPI,24,Delivered,4.4
381,361,52,2,Kolkata,2024-09-04 14:26:00,215.69,50,UPI,32,Refunded,
382,335,45,14,Bangalore,2024-02-03 10:00:00,246.23,20,UPI,36,Delivered,4.2
383,112,13,9,Bangalore,2024-06-08 16:28:00,447.48,0,UPI,26,Delivered,5.0
384,181,42,9,Jaipur,2024-11-22 08:02:00,428.96,0,Cash on Delivery,28,Delivered,3.5
385,104,15,14,Hyderabad,2024-04-26 21:34:00,170.76,50,UPI,40,Delivered,4.1
386,16,15,14,Hyderabad,2024-04-08 08:38:00,135.47,20,Credit Card,45,Delivered,4.6
387,96,18,9,Lucknow,2024-03-31 17:13:00,1282.79,20,Credit Card,20,Delivered,2.5
388,293,50,14,Hyderabad,2024-01-17 09:44:00,243.13,0,UPI,58,Delivered,5.0
389,146,2,12,Jaipur,2024-04-25 20:19:00,137.97,20,Wallet,26,Cancelled,
390,302,23,13,Delhi,2024-06-29 18:17:00,620.55,10,Debit Card,25,Delivered,4.0
391,2,43,4,Lucknow,2024-11-19 08:49:00,332.13,10,Cash on Delivery,50,Delivered,4.4
392,119,13,9,Bangalore,2024-09-13 17:25:00,157.75,0,Credit Card,42,Delivered,3.8
393,343,43,4,Lucknow,2024-12-30 11:51:00,586.62,0,Cash on Delivery,45,Delivered,4.4
394,94,4,12,Jaipur,2024-12-08 17:58:00,511.4,50,Wallet,27,Delivered,4.3
395,191,47,10,Mumbai,2024-07-21 16:40:00,274.46,10,UPI,40,Delivered,3.4
396,3,54,1,Kolkata,2024-07-11 08:21:00,124.71,50,Credit Card,61,Delivered,3.8
397,111,55,5,Bangalore,2024-12-19 15:44:00,180.51,20,Credit Card,26,Delivered,4.4
398,177,25,3,Kolkata,2024-08-08 11:04:00,108.45,50,Wallet,42,Delivered,5.0
399,257,11,7,Ahmedabad,2024-09-12 18:55:00,600.82,20,UPI,27,Delivered,3.9
400,361,50,14,Hyderabad,2024-05-28 10:11:00,133.88,10,Debit Card,25,Delivered,3.3
401,22,48,4,Pune,2024-10-08 10:18:00,227.54,0,UPI,33,Delivered,4.3
402,398,42,9,Jaipur,2024-04-18 19:06:00,346.55,0,Wallet,35,Delivered,3.9
403,220,12,12,Bangalore,2024-10-29 14:06:00,131.26,0,Debit Card,33,Delivered,4.6
404,173,13,9,Bangalore,2024-06-02 15:04:00,194.39,0,Wallet,34,Cancelled,
405,224,9,11,Bangalore,2024-05-11 14:41:00,118.79,30,Wallet,57,Refunded,
406,390,59,11,Jaipur,2024-03-24 22:49:00,99.0,30,Debit Card,52,Delivered,3.7
407,65,53,3,Pune,2024-04-25 20:28:00,447.27,30,Debit Card,37,Delivered,3.3
408,277,45,14,Bangalore,2024-02-10 10:47:00,259.06,10,Debit Card,36,Delivered,5.0
409,249,38,15,Hyderabad,2024-04-12 21:27:00,131.1,0,Credit Card,50,Delivered,3.8
410,260,6,4,Mumbai,2024-11-19 17:14:00,234.32,20,Credit Card,42,Delivered,3.6
411,131,43,4,Lucknow,2024-07-13 22:23:00,816.81,10,UPI,38,Refunded,
412,113,51,7,Kolkata,2024-10-09 15:35:00,190.78,0,UPI,57,Delivered,3.7
413,286,59,11,Jaipur,2024-01-24 15:41:00,99.0,0,Wallet,26,Delivered,4.9
414,287,43,4,Lucknow,2024-01-04 10:33:00,900.84,0,UPI,35,Refunded,
415,211,10,10,Mumbai,2024-06-29 15:51:00,180.89,0,Cash on Delivery,34,Delivered,5.0
416,20,23,13,Delhi,2024-10-05 20:04:00,672.11,0,UPI,40,Delivered,3.6
417,215,15,14,Hyderabad,2024-12-16 21:52:00,108.05,20,Credit Card,24,Delivered,4.0
418,310,45,14,Bangalore,2024-11-13 16:56:00,302.72,50,UPI,40,Delivered,4.3
419,251,23,13,Delhi,2024-09-05 19:53:00,641.02,0,Credit Card,32,Delivered,3.0
420,382,40,6,Kolkata,2024-11-21 12:56:00,189.91,0,UPI,45,Delivered,3.8
421,271,37,8,Mumbai,2024-05-17 15:06:00,514.79,50,Debit Card,32,Delivered,5.0
422,180,34,3,Bangalore,2024-04-12 13:20:00,205.07,10,Debit Card,29,Delivered,3.9
423,194,16,1,Lucknow,2024-11-12 11:02:00,521.19,20,Cash on Delivery,42,Delivered,4.9
424,313,45,14,Bangalore,2024-06-27 13:46:00,157.25,0,Debit Card,36,Delivered,4.1
425,79,51,7,Kolkata,2024-11-27 13:50:00,185.95,0,Wallet,32,Delivered,2.8
426,180,41,8,Kolkata,2024-08-26 16:04:00,226.92,0,Cash on Delivery,33,Refunded,
427,163,47,10,Mumbai,2024-12-08 17:49:00,149.1,0,UPI,30,Delivered,4.7
428,202,32,5,Bangalore,2024-01-30 21:36:00,486.98,30,UPI,56,Delivered,3.9
429,14,38,15,Hyderabad,2024-01-25 18:50:00,100.98,30,UPI,40,Delivered,5.0
430,347,40,6,Kolkata,2024-07-24 16:47:00,335.29,0,UPI,43,Delivered,4.2
431,246,56,1,Chennai,2024-02-16 13:35:00,1069.05,10,Credit Card,40,Delivered,4.1
432,14,46,1,Kolkata,2024-02-08 15:21:00,129.35,20,Wallet,38,Delivered,4.4
433,99,5,12,Ahmedabad,2024-07-31 13:20:00,614.69,10,Credit Card,31,Delivered,4.3
434,33,17,1,Kolkata,2024-08-28 18:54:00,596.18,0,Cash on Delivery,28,Delivered,3.1
435,257,22,4,Ahmedabad,2024-10-13 17:09:00,212.58,0,UPI,31,Delivered,4.7
436,34,39,11,Lucknow,2024-02-01 18:33:00,120.65,0,UPI,42,Cancelled,
437,19,41,8,Kolkata,2024-09-11 21:08:00,213.5,20,Cash on Delivery,31,Delivered,4.1
438,152,48,4,Pune,2024-05-18 17:21:00,258.77,0,UPI,48,Delivered,4.1
439,260,18,9,Lucknow,2024-09-29 11:47:00,836.29,0,Wallet,52,Delivered,4.4
440,164,28,8,Hyderabad,2024-04-20 16:58:00,294.97,0,UPI,18,Delivered,4.6
441,77,13,9,Bangalore,2024-12-22 13:48:00,289.09,50,Wallet,51,Delivered,4.7
442,314,50,14,Hyderabad,2024-11-16 22:24:00,188.85,0,Cash on Delivery,24,Delivered,4.5
443,137,42,9,Jaipur,2024-02-20 11:16:00,485.65,0,Debit Card,32,Cancelled,
444,359,1,6,Mumbai,2024-03-28 09:39:00,202.96,0,Wallet,36,Delivered,3.1
445,208,53,3,Pune,2024-09-27 14:58:00,465.85,20,UPI,14,Refunded,
446,242,50,14,Hyderabad,2024-07-16 08:46:00,126.51,30,UPI,28,Delivered,4.1
447,67,19,11,Jaipur,2024-06-15 20:56:00,545.93,50,UPI,37,Delivered,3.5
448,116,34,3,Bangalore,2024-03-21 09:58:00,153.44,0,UPI,23,Delivered,4.2
449,202,59,11,Jaipur,2024-06-17 20:08:00,99.0,0,Credit Card,22,Delivered,4.0
450,376,4,12,Jaipur,2024-05-20 13:05:00,685.85,0,Wallet,54,Delivered,5.0
451,250,43,4,Lucknow,2024-12-05 11:52:00,597.51,30,UPI,36,Delivered,3.3
452,278,3,12,Kolkata,2024-01-03 08:48:00,132.63,0,Wallet,45,Delivered,4.1
453,112,41,8,Kolkata,2024-03-16 22:44:00,236.21,50,Wallet,54,Delivered,4.2
454,331,10,10,Mumbai,2024-07-01 08:16:00,242.42,10,Cash on Delivery,43,Delivered,3.8
455,234,28,8,Hyderabad,2024-09-27 11:31:00,947.68,20,Wallet,30,Delivered,4.1
456,176,34,3,Bangalore,2024-12-17 11:17:00,250.39,0,Cash on Delivery,29,Delivered,5.0
457,392,39,11,Lucknow,2024-12-04 18:51:00,104.37,10,Credit Card,40,Delivered,4.3
458,143,47,10,Mumbai,2024-03-18 17:32:00,261.71,0,Debit Card,42,Delivered,5.0
459,32,59,11,Jaipur,2024-09-26 09:54:00,128.19,20,Debit Card,38,Delivered,3.8
460,181,19,11,Jaipur,2024-08-03 18:28:00,741.29,0,UPI,43,Delivered,4.6
461,67,42,9,Jaipur,2024-12-04 13:56:00,248.71,10,UPI,34,Delivered,3.6
462,4,56,1,Chennai,2024-06-16 10:52:00,613.13,10,Credit Card,35,Delivered,3.6
463,286,52,2,Kolkata,2024-07-11 12:26:00,237.68,0,UPI,31,Delivered,3.0
464,269,46,1,Kolkata,2024-12-01 13:39:00,269.12,0,Wallet,26,Delivered,3.5
465,236,36,12,Bangalore,2024-01-13 21:34:00,347.12,20,Credit Card,26,Delivered,4.1
466,277,57,8,Delhi,2024-05-26 19:15:00,414.01,30,UPI,31,Delivered,5.0
467,41,43,4,Lucknow,2024-02-12 17:24:00,818.1,0,UPI,42,Delivered,4.0
468,121,3,12,Kolkata,2024-05-27 22:03:00,250.94,10,Credit Card,35,Delivered,4.2
469,275,23,13,Delhi,2024-05-30 09:55:00,669.24,0,UPI,31,Delivered,4.8
470,231,17,1,Kolkata,2024-01-22 10:56:00,681.29,50,UPI,32,Delivered,3.9
471,304,7,14,Ahmedabad,2024-11-23 14:13:00,744.4,50,Wallet,17,Delivered,3.5
472,86,26,7,Kolkata,2024-04-23 14:18:00,534.66,20,UPI,30,Delivered,3.6
473,63,43,4,Lucknow,2024-06-27 09:51:00,779.92,0,Debit Card,43,Delivered,4.8
474,192,18,9,Lucknow,2024-11-23 19:32:00,797.63,30,UPI,23,Delivered,4.2
475,293,60,1,Hyderabad,2024-04-22 19:52:00,101.13,0,Wallet,19,Delivered,4.2
476,31,46,1,Kolkata,2024-11-26 12:26:00,99.0,30,Debit Card,23,Delivered,3.6
477,330,46,1,Kolkata,2024-05-19 08:05:00,175.73,0,Debit Card,30,Delivered,4.9
478,146,6,4,Mumbai,2024-04-06 12:56:00,271.66,0,Cash on Delivery,34,Delivered,5.0
479,107,31,14,Chennai,2024-11-29 12:53:00,186.57,50,Debit Card,37,Delivered,4.2
480,359,29,11,Bangalore,2024-02-28 08:49:00,273.07,50,UPI,42,Delivered,4.7
481,110,9,11,Bangalore,2024-01-19 13:04:00,99.0,20,Credit Card,33,Delivered,3.7
482,276,54,1,Kolkata,2024-02-16 14:03:00,256.66,50,UPI,42,Delivered,4.9
483,210,35,10,Hyderabad,2024-10-15 20:19:00,702.66,0,Credit Card,23,Delivered,4.4
484,139,17,1,Kolkata,2024-06-30 14:14:00,216.07,0,Credit Card,47,Delivered,3.4
485,86,60,1,Hyderabad,2024-08-02 21:22:00,102.91,0,Cash on Delivery,39,Delivered,4.4
486,44,12,12,Bangalore,2024-05-07 13:28:00,99.0,30,UPI,15,Delivered,4.4
487,82,36,12,Bangalore,2024-09-04 11:28:00,679.93,20,UPI,36,Delivered,4.2
488,64,52,2,Kolkata,2024-10-06 09:09:00,313.07,0,Wallet,58,Delivered,4.4
489,378,48,4,Pune,2024-12-26 16:07:00,205.52,0,Wallet,56,Delivered,4.1
490,343,24,9,Mumbai,2024-08-05 21:28:00,117.14,30,Wallet,35,Delivered,4.0
491,321,10,10,Mumbai,2024-07-20 08:01:00,118.61,0,Debit Card,41,Delivered,4.2
492,55,58,1,Lucknow,2024-01-06 17:04:00,180.05,30,UPI,24,Delivered,3.9
493,74,30,9,Ahmedabad,2024-11-13 16:04:00,199.62,30,Wallet,22,Delivered,3.7
494,373,29,11,Bangalore,2024-03-22 17:19:00,129.65,30,UPI,33,Cancelled,
495,129,39,11,Lucknow,2024-08-06 08:11:00,109.88,20,UPI,30,Delivered,4.8
496,256,10,10,Mumbai,2024-03-11 18:02:00,232.63,0,UPI,36,Delivered,3.8
497,231,39,11,Lucknow,2024-09-22 09:24:00,99.0,20,Debit Card,41,Delivered,4.0
498,137,55,5,Bangalore,2024-10-17 09:59:00,403.43,20,UPI,41,Delivered,3.8
499,351,28,8,Hyderabad,2024-10-06 17:37:00,653.37,0,Cash on Delivery,45,Delivered,3.6
500,355,18,9,Lucknow,2024-01-22 17:42:00,1020.63,30,UPI,40,Delivered,5.0
501,112,41,8,Kolkata,2024-10-21 18:28:00,116.74,30,UPI,46,Delivered,3.2
502,308,54,1,Kolkata,2024-08-17 11:26:00,218.0,20,Credit Card,45,Cancelled,
503,146,50,14,Hyderabad,2024-02-10 13:19:00,227.0,50,UPI,33,Delivered,4.3
504,33,17,1,Kolkata,2024-04-17 10:19:00,314.73,0,Wallet,15,Delivered,4.0
505,260,11,7,Ahmedabad,2024-11-17 21:52:00,420.07,30,Wallet,23,Delivered,4.4
506,87,1,6,Mumbai,2024-10-16 13:02:00,117.57,20,UPI,41,Delivered,4.0
507,331,17,1,Kolkata,2024-05-13 22:26:00,362.57,0,Wallet,37,Delivered,4.4
508,265,36,12,Bangalore,2024-09-22 16:32:00,686.35,50,Debit Card,55,Cancelled,
509,320,36,12,Bangalore,2024-12-17 13:40:00,433.78,0,Credit Card,19,Cancelled,
510,30,46,1,Kolkata,2024-04-09 18:59:00,289.22,20,Cash on Delivery,44,Cancelled,
511,392,60,1,Hyderabad,2024-09-14 20:03:00,117.76,50,Wallet,35,Delivered,4.3
512,232,9,11,Bangalore,2024-03-05 10:25:00,99.0,50,UPI,27,Delivered,4.5
513,389,45,14,Bangalore,2024-09-22 12:14:00,214.52,0,UPI,53,Delivered,5.0
514,76,60,1,Hyderabad,2024-11-10 13:50:00,99.0,30,Credit Card,24,Delivered,3.0
515,129,28,8,Hyderabad,2024-02-17 12:58:00,468.23,50,UPI,38,Delivered,4.1
516,271,48,4,Pune,2024-09-04 13:35:00,176.0,10,UPI,47,Delivered,3.5
517,89,33,1,Mumbai,2024-04-07 21:24:00,482.92,10,Debit Card,27,Delivered,3.7
518,170,3,12,Kolkata,2024-10-10 08:48:00,244.34,0,Cash on Delivery,17,Delivered,3.5
519,128,51,7,Kolkata,2024-10-27 11:06:00,130.27,0,UPI,41,Delivered,3.9
520,174,8,14,Ahmedabad,2024-10-31 16:35:00,110.07,20,UPI,46,Delivered,4.8
521,26,50,14,Hyderabad,2024-03-23 08:09:00,145.05,0,Cash on Delivery,30,Delivered,3.9
522,61,6,4,Mumbai,2024-03-13 20:45:00,189.64,20,UPI,19,Delivered,4.3
523,379,59,11,Jaipur,2024-04-15 13:47:00,99.0,20,Cash on Delivery,37,Delivered,4.6
524,67,52,2,Kolkata,2024-06-14 08:09:00,149.0,10,Wallet,32,Cancelled,
525,26,58,1,Lucknow,2024-10-09 13:49:00,160.78,50,Wallet,16,Delivered,3.6
526,83,6,4,Mumbai,2024-08-31 18:20:00,381.36,20,Debit Card,41,Delivered,3.6
527,364,29,11,Bangalore,2024-05-06 16:27:00,498.27,10,UPI,28,Refunded,
528,367,37,8,Mumbai,2024-09-27 11:28:00,400.21,0,UPI,41,Delivered,4.1
529,60,12,12,Bangalore,2024-03-13 18:25:00,131.28,20,Cash on Delivery,58,Delivered,3.0
530,39,9,11,Bangalore,2024-09-04 19:16:00,105.23,0,Wallet,35,Delivered,5.0
531,123,41,8,Kolkata,2024-02-12 16:40:00,99.0,20,UPI,36,Delivered,4.1
532,292,49,12,Pune,2024-06-18 09:19:00,233.29,30,UPI,36,Delivered,4.4
533,277,19,11,Jaipur,2024-06-16 14:48:00,477.48,30,Cash on Delivery,34,Delivered,4.0
534,374,17,1,Kolkata,2024-09-01 14:46:00,457.6,0,UPI,23,Delivered,4.5
535,304,54,1,Kolkata,2024-02-16 22:32:00,153.64,10,UPI,38,Delivered,4.0
536,282,48,4,Pune,2024-03-09 18:47:00,166.13,20,Wallet,29,Delivered,4.4
537,191,44,1,Lucknow,2024-10-16 15:10:00,387.43,10,UPI,31,Delivered,4.9
538,292,32,5,Bangalore,2024-03-01 09:02:00,450.33,0,UPI,28,Delivered,2.8
539,152,35,10,Hyderabad,2024-11-13 17:32:00,609.2,10,Debit Card,40,Delivered,4.5
540,384,14,7,Mumbai,2024-11-26 09:29:00,118.44,0,Cash on Delivery,27,Delivered,3.8
541,233,49,12,Pune,2024-10-30 14:09:00,199.88,30,UPI,39,Delivered,3.4
542,146,54,1,Kolkata,2024-12-03 13:18:00,290.98,0,Credit Card,40,Delivered,3.2
543,271,16,1,Lucknow,2024-06-12 18:12:00,731.11,10,Debit Card,36,Refunded,
544,335,21,9,Jaipur,2024-06-22 10:09:00,481.14,20,Credit Card,21,Delivered,4.2
545,134,12,12,Bangalore,2024-12-23 08:54:00,146.3,10,UPI,29,Cancelled,
546,171,60,1,Hyderabad,2024-03-31 21:07:00,147.1,0,UPI,34,Delivered,4.3
547,28,24,9,Mumbai,2024-06-27 21:41:00,155.23,50,Debit Card,22,Delivered,3.7
548,136,34,3,Bangalore,2024-07-27 16:05:00,240.29,0,Cash on Delivery,38,Delivered,3.3
549,376,8,14,Ahmedabad,2024-04-16 16:38:00,107.92,10,Cash on Delivery,49,Delivered,4.2
550,241,44,1,Lucknow,2024-10-10 08:53:00,177.04,30,Cash on Delivery,40,Delivered,4.1
551,344,21,9,Jaipur,2024-02-06 16:17:00,455.21,0,Cash on Delivery,23,Delivered,4.5
552,228,48,4,Pune,2024-02-25 18:20:00,149.97,30,UPI,59,Delivered,4.5
553,287,8,14,Ahmedabad,2024-09-14 20:57:00,99.0,0,Wallet,30,Delivered,4.8
554,303,28,8,Hyderabad,2024-12-28 18:59:00,1019.19,0,Wallet,38,Delivered,4.5
555,34,16,1,Lucknow,2024-08-17 17:39:00,475.51,0,Credit Card,28,Cancelled,
556,2,10,10,Mumbai,2024-04-23 19:42:00,244.96,20,UPI,37,Delivered,3.1
557,362,52,2,Kolkata,2024-02-06 22:27:00,148.3,0,Debit Card,49,Delivered,4.1
558,195,15,14,Hyderabad,2024-01-18 09:21:00,211.08,20,Debit Card,24,Delivered,4.7
559,94,4,12,Jaipur,2024-05-18 17:56:00,349.62,30,UPI,30,Delivered,4.6
560,328,26,7,Kolkata,2024-07-23 11:21:00,550.35,30,Debit Card,37,Delivered,5.0
561,308,15,14,Hyderabad,2024-09-12 14:42:00,124.52,10,Cash on Delivery,18,Delivered,4.6
562,135,36,12,Bangalore,2024-11-05 15:03:00,262.42,0,Cash on Delivery,43,Delivered,3.3
563,204,32,5,Bangalore,2024-07-25 08:54:00,199.9,20,UPI,28,Refunded,
564,250,43,4,Lucknow,2024-01-03 21:37:00,322.94,50,UPI,35,Delivered,3.2
565,147,38,15,Hyderabad,2024-08-29 16:00:00,107.61,10,Debit Card,24,Delivered,4.1
566,346,4,12,Jaipur,2024-04-11 13:20:00,396.56,0,Wallet,24,Cancelled,
567,348,41,8,Kolkata,2024-05-12 08:09:00,235.68,30,Credit Card,35,Delivered,4.2
568,254,9,11,Bangalore,2024-12-13 12:49:00,99.0,20,Cash on Delivery,51,Delivered,3.8
569,399,35,10,Hyderabad,2024-04-18 22:19:00,174.31,0,UPI,25,Delivered,4.6
570,334,55,5,Bangalore,2024-03-23 10:03:00,347.64,20,Debit Card,44,Delivered,2.6
571,176,28,8,Hyderabad,2024-03-09 08:03:00,972.74,0,Wallet,48,Delivered,3.8
572,125,37,8,Mumbai,2024-05-19 19:26:00,834.13,10,Debit Card,45,Delivered,2.7
573,251,47,10,Mumbai,2024-11-07 17:22:00,333.32,20,Wallet,33,Cancelled,
574,398,60,1,Hyderabad,2024-06-01 12:57:00,99.0,20,Debit Card,37,Delivered,3.6
575,131,9,11,Bangalore,2024-02-21 15:24:00,107.96,30,Cash on Delivery,50,Delivered,3.9
576,50,2,12,Jaipur,2024-08-24 14:45:00,118.34,0,UPI,44,Delivered,4.7
577,93,3,12,Kolkata,2024-02-01 14:31:00,169.7,10,UPI,35,Delivered,3.4
578,380,58,1,Lucknow,2024-02-05 21:41:00,131.75,50,UPI,23,Delivered,4.0
579,310,53,3,Pune,2024-06-25 17:57:00,387.09,50,Credit Card,53,Refunded,
580,390,44,1,Lucknow,2024-10-21 08:48:00,539.58,50,UPI,36,Delivered,3.8
581,220,48,4,Pune,2024-07-31 20:08:00,108.78,30,Cash on Delivery,30,Delivered,4.0
582,334,5,12,Ahmedabad,2024-01-06 10:44:00,359.35,0,Wallet,40,Delivered,3.9
583,334,10,10,Mumbai,2024-02-04 14:21:00,206.78,0,Debit Card,14,Delivered,3.9
584,20,28,8,Hyderabad,2024-04-27 12:41:00,1289.43,30,UPI,42,Delivered,3.7
585,205,15,14,Hyderabad,2024-03-27 08:11:00,102.76,0,Wallet,41,Delivered,4.3
586,91,14,7,Mumbai,2024-11-08 22:21:00,202.85,0,Credit Card,39,Delivered,4.8
587,355,46,1,Kolkata,2024-10-11 22:36:00,300.36,0,Cash on Delivery,44,Delivered,4.1
588,173,23,13,Delhi,2024-03-27 20:31:00,888.36,30,Wallet,38,Delivered,5.0
589,189,13,9,Bangalore,2024-02-15 11:46:00,237.49,10,Wallet,41,Delivered,4.1
590,312,16,1,Lucknow,2024-04-21 14:44:00,562.35,10,Credit Card,42,Delivered,4.6
591,2,30,9,Ahmedabad,2024-09-03 15:20:00,283.59,0,Cash on Delivery,45,Delivered,3.6
592,361,40,6,Kolkata,2024-05-13 19:17:00,227.21,0,Debit Card,32,Delivered,4.0
593,168,8,14,Ahmedabad,2024-04-03 13:53:00,108.62,0,Credit Card,39,Delivered,3.9
594,368,17,1,Kolkata,2024-10-15 21:16:00,379.68,0,Credit Card,30,Delivered,3.4
595,24,30,9,Ahmedabad,2024-05-05 18:31:00,276.35,50,Credit Card,38,Delivered,3.6
596,365,17,1,Kolkata,2024-05-01 17:46:00,454.58,20,Credit Card,35,Delivered,4.3
597,68,35,10,Hyderabad,2024-04-24 11:33:00,207.83,10,Cash on Delivery,26,Delivered,4.9
598,370,1,6,Mumbai,2024-07-19 17:27:00,129.16,0,UPI,41,Delivered,4.4
599,194,49,12,Pune,2024-01-11 21:38:00,275.03,0,Debit Card,17,Delivered,4.3
600,84,58,1,Lucknow,2024-09-03 22:53:00,310.79,20,Cash on Delivery,24,Delivered,3.6
601,207,24,9,Mumbai,2024-05-06 10:53:00,180.08,0,Wallet,42,Delivered,4.4
602,49,48,4,Pune,2024-05-31 15:42:00,99.0,0,UPI,28,Cancelled,
603,32,49,12,Pune,2024-05-16 22:32:00,343.68,0,Wallet,40,Delivered,3.7
604,317,25,3,Kolkata,2024-01-19 10:09:00,125.67,30,Wallet,58,Delivered,3.4
605,170,2,12,Jaipur,2024-06-23 17:00:00,154.75,20,Debit Card,14,Delivered,3.6
606,129,25,3,Kolkata,2024-12-19 10:12:00,99.0,30,Cash on Delivery,38,Delivered,4.0
607,102,14,7,Mumbai,2024-09-02 08:33:00,295.02,50,Credit Card,53,Delivered,3.8
608,35,39,11,Lucknow,2024-04-02 22:12:00,99.0,30,Wallet,37,Delivered,4.3
609,307,57,8,Delhi,2024-02-17 08:52:00,631.4,0,Debit Card,35,Cancelled,
610,199,51,7,Kolkata,2024-11-15 20:28:00,230.85,30,UPI,31,Delivered,3.9
611,301,33,1,Mumbai,2024-10-21 15:25:00,341.48,0,Credit Card,27,Delivered,4.3
612,77,17,1,Kolkata,2024-01-17 14:12:00,493.65,20,Debit Card,14,Delivered,3.9
613,369,59,11,Jaipur,2024-11-20 17:48:00,99.0,20,UPI,30,Delivered,4.1
614,321,31,14,Chennai,2024-01-07 17:48:00,196.23,0,Cash on Delivery,36,Delivered,3.5
615,14,10,10,Mumbai,2024-04-12 12:00:00,185.21,30,UPI,37,Delivered,5.0
616,349,6,4,Mumbai,2024-08-28 21:16:00,430.3,30,Debit Card,44,Delivered,3.1
617,131,39,11,Lucknow,2024-06-19 16:58:00,99.0,20,Debit Card,44,Delivered,5.0
618,238,25,3,Kolkata,2024-09-09 10:14:00,99.0,0,Wallet,37,Cancelled,
619,280,38,15,Hyderabad,2024-01-29 12:42:00,99.0,0,Cash on Delivery,38,Delivered,4.4
620,65,37,8,Mumbai,2024-10-08 19:15:00,699.81,30,Cash on Delivery,34,Delivered,3.2
621,138,30,9,Ahmedabad,2024-01-25 13:27:00,267.73,30,Wallet,27,Delivered,4.2
622,269,34,3,Bangalore,2024-03-13 15:55:00,180.27,0,Debit Card,44,Delivered,4.2
623,228,18,9,Lucknow,2024-11-16 20:56:00,805.23,20,Cash on Delivery,33,Delivered,5.0
624,201,24,9,Mumbai,2024-03-26 16:50:00,215.79,0,UPI,38,Delivered,3.3
625,142,49,12,Pune,2024-12-29 10:53:00,217.94,0,Cash on Delivery,61,Refunded,
626,100,56,1,Chennai,2024-08-20 14:13:00,823.89,30,UPI,44,Delivered,3.3
627,138,27,6,Ahmedabad,2024-12-04 10:01:00,329.65,0,Wallet,33,Delivered,4.3
628,168,58,1,Lucknow,2024-09-27 10:10:00,399.99,0,UPI,20,Delivered,4.2
629,99,27,6,Ahmedabad,2024-06-29 21:29:00,435.89,10,UPI,46,Delivered,5.0
630,311,55,5,Bangalore,2024-02-26 15:17:00,295.92,30,UPI,10,Delivered,3.5
631,319,39,11,Lucknow,2024-02-17 09:31:00,99.0,10,UPI,31,Delivered,3.5
632,327,21,9,Jaipur,2024-05-15 13:05:00,391.91,30,Credit Card,16,Delivered,5.0
633,355,19,11,Jaipur,2024-07-22 22:56:00,625.4,0,Credit Card,30,Refunded,
634,66,39,11,Lucknow,2024-12-25 11:14:00,109.9,20,Wallet,30,Delivered,4.1
635,335,23,13,Delhi,2024-08-07 11:56:00,162.01,30,UPI,36,Delivered,3.7
636,329,39,11,Lucknow,2024-02-18 20:17:00,157.77,0,UPI,33,Delivered,4.5
637,47,48,4,Pune,2024-11-17 20:44:00,244.27,20,Cash on Delivery,44,Delivered,2.9
638,337,44,1,Lucknow,2024-11-30 11:28:00,265.7,0,UPI,41,Delivered,4.3
639,382,47,10,Mumbai,2024-05-02 17:28:00,295.42,0,Wallet,43,Delivered,3.7
640,231,15,14,Hyderabad,2024-11-18 10:02:00,168.97,10,Credit Card,21,Delivered,3.8
641,308,43,4,Lucknow,2024-06-30 21:39:00,861.44,10,Debit Card,34,Refunded,
642,146,2,12,Jaipur,2024-02-28 14:03:00,110.83,20,UPI,41,Delivered,4.9
643,207,35,10,Hyderabad,2024-02-29 11:10:00,510.67,0,UPI,36,Delivered,4.4
644,146,51,7,Kolkata,2024-05-01 22:42:00,163.59,0,Cash on Delivery,29,Delivered,3.4
645,152,20,14,Kolkata,2024-04-05 18:29:00,342.39,10,Credit Card,27,Delivered,4.1
646,279,28,8,Hyderabad,2024-08-22 09:48:00,773.09,0,Wallet,54,Delivered,4.2
647,140,57,8,Delhi,2024-12-13 22:59:00,564.68,10,Credit Card,40,Delivered,3.9
648,151,58,1,Lucknow,2024-11-12 15:14:00,181.73,0,Cash on Delivery,14,Delivered,3.5
649,21,15,14,Hyderabad,2024-02-17 16:35:00,153.03,0,Wallet,22,Delivered,4.2
650,254,16,1,Lucknow,2024-05-15 16:57:00,945.09,10,UPI,14,Cancelled,
651,64,33,1,Mumbai,2024-11-09 12:47:00,317.9,0,Cash on Delivery,21,Delivered,4.5
652,218,47,10,Mumbai,2024-11-13 14:31:00,220.89,50,UPI,23,Delivered,4.4
653,72,12,12,Bangalore,2024-11-09 11:16:00,106.62,50,Debit Card,47,Delivered,3.7
654,162,39,11,Lucknow,2024-12-20 12:18:00,99.0,20,Cash on Delivery,40,Delivered,4.0
655,130,39,11,Lucknow,2024-07-10 19:28:00,99.0,50,Credit Card,26,Delivered,2.8
656,69,43,4,Lucknow,2024-02-28 14:27:00,876.52,20,UPI,27,Delivered,5.0
657,225,20,14,Kolkata,2024-09-21 22:27:00,231.54,0,Debit Card,29,Delivered,3.7
658,246,29,11,Bangalore,2024-08-02 22:02:00,222.83,30,Wallet,26,Delivered,3.8
659,68,43,4,Lucknow,2024-10-03 17:35:00,1240.3,0,Wallet,32,Delivered,3.3
660,384,49,12,Pune,2024-09-01 13:41:00,197.37,50,Cash on Delivery,27,Delivered,4.6
661,107,3,12,Kolkata,2024-11-27 17:12:00,296.84,50,UPI,33,Delivered,4.7
662,109,48,4,Pune,2024-09-23 13:15:00,219.98,10,Wallet,22,Delivered,3.8
663,328,5,12,Ahmedabad,2024-01-08 15:58:00,537.23,30,Wallet,34,Delivered,3.4
664,103,60,1,Hyderabad,2024-11-08 15:44:00,99.0,10,UPI,37,Cancelled,
665,141,2,12,Jaipur,2024-04-03 21:11:00,207.16,50,UPI,25,Delivered,4.1
666,65,23,13,Delhi,2024-05-17 19:10:00,821.88,0,Wallet,28,Delivered,3.9
667,134,26,7,Kolkata,2024-07-25 08:25:00,637.84,0,Wallet,33,Delivered,4.5
668,199,26,7,Kolkata,2024-01-02 09:11:00,670.8,0,UPI,44,Delivered,4.0
669,368,7,14,Ahmedabad,2024-12-11 14:17:00,1135.58,0,Wallet,46,Delivered,4.0
670,155,60,1,Hyderabad,2024-11-13 08:37:00,99.0,0,Credit Card,34,Delivered,4.5
671,79,10,10,Mumbai,2024-08-26 10:37:00,156.87,50,Wallet,38,Refunded,
672,382,5,12,Ahmedabad,2024-08-09 20:00:00,412.7,0,Credit Card,34,Delivered,3.2
673,250,47,10,Mumbai,2024-06-21 19:20:00,185.03,50,Credit Card,47,Delivered,3.9
674,377,12,12,Bangalore,2024-04-19 20:26:00,209.48,0,UPI,52,Delivered,4.2
675,87,32,5,Bangalore,2024-12-21 14:21:00,279.62,10,Wallet,43,Delivered,3.8
676,304,42,9,Jaipur,2024-03-14 14:52:00,354.49,20,Credit Card,39,Delivered,4.3
677,241,31,14,Chennai,2024-07-25 11:31:00,99.0,0,Cash on Delivery,39,Cancelled,
678,88,22,4,Ahmedabad,2024-10-05 14:05:00,243.92,0,UPI,36,Delivered,4.2
679,324,17,1,Kolkata,2024-12-05 17:36:00,384.68,20,Cash on Delivery,27,Delivered,4.6
680,172,20,14,Kolkata,2024-12-05 19:32:00,316.25,0,Credit Card,30,Delivered,3.9
681,357,20,14,Kolkata,2024-01-28 15:00:00,302.58,30,UPI,38,Delivered,2.9
682,17,43,4,Lucknow,2024-06-13 22:21:00,380.68,50,UPI,30,Delivered,3.2
683,223,8,14,Ahmedabad,2024-03-10 20:20:00,105.55,0,UPI,21,Delivered,4.4
684,294,47,10,Mumbai,2024-04-05 10:14:00,168.2,0,Cash on Delivery,33,Cancelled,
685,394,34,3,Bangalore,2024-01-05 19:55:00,208.47,10,Credit Card,19,Delivered,4.2
686,310,49,12,Pune,2024-10-28 09:47:00,206.04,30,UPI,54,Cancelled,
687,219,23,13,Delhi,2024-08-04 15:45:00,1162.56,10,UPI,29,Delivered,4.0
688,234,38,15,Hyderabad,2024-07-05 15:39:00,179.9,20,Credit Card,35,Refunded,
689,390,53,3,Pune,2024-09-11 20:06:00,463.28,0,UPI,47,Delivered,4.0
690,248,28,8,Hyderabad,2024-04-13 20:37:00,772.27,0,Credit Card,60,Delivered,3.7
691,390,13,9,Bangalore,2024-09-14 15:10:00,99.0,30,Debit Card,33,Delivered,3.7
692,52,29,11,Bangalore,2024-06-30 20:37:00,152.01,0,Credit Card,27,Cancelled,
693,15,8,14,Ahmedabad,2024-06-24 18:19:00,111.59,0,Debit Card,41,Delivered,3.8
694,324,11,7,Ahmedabad,2024-05-19 18:30:00,396.12,0,UPI,35,Delivered,3.9
695,112,47,10,Mumbai,2024-03-31 20:09:00,281.6,0,UPI,34,Delivered,4.2
696,184,45,14,Bangalore,2024-12-30 18:34:00,152.12,0,Cash on Delivery,37,Delivered,4.1
697,360,18,9,Lucknow,2024-12-16 22:15:00,818.1,20,Wallet,39,Delivered,3.9
698,7,50,14,Hyderabad,2024-09-09 20:48:00,99.0,10,Credit Card,55,Delivered,4.5
699,51,25,3,Kolkata,2024-10-17 11:10:00,99.0,10,UPI,22,Delivered,4.6
700,314,49,12,Pune,2024-07-05 12:50:00,284.99,20,Credit Card,54,Delivered,4.9
701,241,22,4,Ahmedabad,2024-10-30 12:34:00,301.79,0,Wallet,33,Delivered,4.0
702,245,45,14,Bangalore,2024-03-26 13:30:00,192.98,50,Debit Card,44,Delivered,3.8
703,365,35,10,Hyderabad,2024-04-23 08:31:00,588.47,30,Wallet,37,Delivered,4.1
704,367,29,11,Bangalore,2024-12-21 14:14:00,239.76,0,UPI,35,Delivered,3.8
705,186,21,9,Jaipur,2024-09-12 18:57:00,566.54,30,Cash on Delivery,37,Delivered,4.1
706,287,56,1,Chennai,2024-12-20 10:15:00,638.87,30,Debit Card,27,Delivered,4.3
707,92,7,14,Ahmedabad,2024-07-15 12:09:00,1189.81,10,Debit Card,51,Cancelled,
708,106,12,12,Bangalore,2024-12-04 16:03:00,135.2,30,Credit Card,41,Delivered,4.2
709,13,36,12,Bangalore,2024-03-01 20:18:00,711.78,20,Debit Card,39,Delivered,4.0
710,146,24,9,Mumbai,2024-06-19 09:09:00,246.45,10,Cash on Delivery,32,Delivered,4.5
711,119,32,5,Bangalore,2024-03-01 18:24:00,460.29,10,Wallet,21,Cancelled,
712,203,27,6,Ahmedabad,2024-10-02 10:22:00,356.15,10,UPI,42,Delivered,5.0
713,141,32,5,Bangalore,2024-05-18 21:33:00,449.18,0,Debit Card,42,Delivered,3.7
714,115,59,11,Jaipur,2024-07-01 19:04:00,99.0,20,Wallet,41,Delivered,4.3
715,152,32,5,Bangalore,2024-07-09 18:04:00,427.16,10,UPI,36,Delivered,4.0
716,57,32,5,Bangalore,2024-02-20 12:11:00,465.91,50,Credit Card,33,Delivered,3.6
717,382,26,7,Kolkata,2024-02-19 11:53:00,436.6,10,UPI,47,Delivered,3.7
718,157,11,7,Ahmedabad,2024-04-22 17:19:00,355.61,20,UPI,40,Delivered,3.9
719,310,46,1,Kolkata,2024-06-14 16:13:00,202.79,0,Wallet,38,Delivered,5.0
720,133,18,9,Lucknow,2024-07-21 18:17:00,426.93,30,Credit Card,20,Delivered,4.7
721,163,39,11,Lucknow,2024-06-03 14:53:00,112.46,0,Debit Card,17,Delivered,3.6
722,275,5,12,Ahmedabad,2024-07-28 15:22:00,428.72,0,UPI,58,Delivered,4.4
723,183,16,1,Lucknow,2024-03-15 12:43:00,875.2,50,UPI,43,Delivered,3.5
724,77,11,7,Ahmedabad,2024-05-12 14:40:00,378.11,30,Wallet,48,Delivered,3.7
725,325,54,1,Kolkata,2024-02-28 22:24:00,236.89,0,Debit Card,19,Delivered,4.9
726,44,35,10,Hyderabad,2024-06-30 17:21:00,242.96,0,UPI,45,Delivered,5.0
727,206,48,4,Pune,2024-12-04 08:06:00,131.24,30,Wallet,32,Delivered,3.0
728,38,11,7,Ahmedabad,2024-09-16 08:14:00,298.97,0,Credit Card,36,Delivered,4.1
729,318,42,9,Jaipur,2024-04-13 19:21:00,543.65,50,Credit Card,40,Cancelled,
730,22,23,13,Delhi,2024-08-01 09:46:00,840.7,0,Debit Card,37,Delivered,4.3
731,73,55,5,Bangalore,2024-07-27 20:45:00,230.24,10,UPI,37,Delivered,3.9
732,241,34,3,Bangalore,2024-05-21 09:19:00,171.34,10,Debit Card,26,Delivered,4.2
733,154,48,4,Pune,2024-04-21 08:54:00,235.77,30,Debit Card,41,Delivered,3.9
734,237,17,1,Kolkata,2024-02-28 18:14:00,329.3,0,UPI,26,Delivered,4.5
735,381,10,10,Mumbai,2024-09-24 15:53:00,244.14,30,Cash on Delivery,27,Delivered,3.9
736,5,18,9,Lucknow,2024-01-20 21:37:00,701.77,0,UPI,36,Delivered,4.4
737,221,44,1,Lucknow,2024-05-10 19:55:00,416.37,0,Cash on Delivery,22,Delivered,4.7
738,310,8,14,Ahmedabad,2024-03-30 21:12:00,99.0,10,UPI,47,Delivered,4.6
739,86,59,11,Jaipur,2024-11-17 12:48:00,99.0,0,Wallet,47,Delivered,4.0
740,177,26,7,Kolkata,2024-08-17 09:35:00,362.16,0,Wallet,31,Delivered,2.7
741,259,3,12,Kolkata,2024-01-26 18:07:00,372.12,20,UPI,32,Refunded,
742,220,59,11,Jaipur,2024-12-29 15:42:00,100.63,30,Wallet,35,Delivered,4.4
743,38,52,2,Kolkata,2024-05-29 11:07:00,139.56,30,Debit Card,15,Delivered,3.2
744,142,24,9,Mumbai,2024-01-29 15:25:00,145.87,50,Cash on Delivery,20,Delivered,4.4
745,398,3,12,Kolkata,2024-07-27 11:51:00,288.55,0,Cash on Delivery,42,Delivered,4.3
746,235,38,15,Hyderabad,2024-05-23 21:42:00,99.0,0,UPI,39,Delivered,4.0
747,203,2,12,Jaipur,2024-01-07 20:58:00,141.98,0,UPI,31,Delivered,4.1
748,329,35,10,Hyderabad,2024-08-26 15:47:00,372.14,50,UPI,31,Refunded,
749,294,17,1,Kolkata,2024-06-03 12:22:00,380.84,0,Credit Card,42,Delivered,5.0
750,172,9,11,Bangalore,2024-03-28 22:08:00,103.04,10,UPI,16,Delivered,4.9
751,125,36,12,Bangalore,2024-06-27 11:36:00,727.85,50,Credit Card,54,Delivered,3.9
752,326,22,4,Ahmedabad,2024-08-21 08:46:00,184.03,20,UPI,44,Delivered,3.0
753,65,31,14,Chennai,2024-08-10 14:56:00,157.45,50,Debit Card,31,Delivered,5.0
754,281,55,5,Bangalore,2024-09-20 22:30:00,381.24,20,UPI,39,Delivered,3.2
755,272,34,3,Bangalore,2024-08-09 21:19:00,276.43,0,UPI,49,Delivered,4.2
756,244,24,9,Mumbai,2024-08-18 12:54:00,179.74,20,UPI,25,Cancelled,
757,15,60,1,Hyderabad,2024-09-24 08:16:00,121.75,0,Cash on Delivery,48,Delivered,4.1
758,226,9,11,Bangalore,2024-03-04 17:29:00,120.28,30,Wallet,35,Delivered,4.4
759,131,46,1,Kolkata,2024-01-11 09:49:00,221.57,50,UPI,42,Refunded,
760,195,58,1,Lucknow,2024-03-11 19:57:00,247.62,0,Cash on Delivery,44,Delivered,4.9
761,293,43,4,Lucknow,2024-10-16 18:19:00,870.94,0,Wallet,37,Delivered,4.1
762,209,2,12,Jaipur,2024-02-19 13:23:00,117.13,50,Wallet,46,Delivered,3.8
763,381,21,9,Jaipur,2024-02-21 22:36:00,463.91,0,Debit Card,31,Delivered,4.3
764,113,34,3,Bangalore,2024-03-24 10:36:00,188.14,0,UPI,35,Delivered,3.3
765,244,27,6,Ahmedabad,2024-05-05 16:39:00,367.64,0,UPI,27,Delivered,3.7
766,166,37,8,Mumbai,2024-03-12 15:43:00,680.47,20,UPI,28,Cancelled,
767,191,7,14,Ahmedabad,2024-02-25 14:39:00,849.49,50,Debit Card,37,Delivered,4.0
768,257,22,4,Ahmedabad,2024-04-19 15:28:00,201.59,20,Credit Card,43,Delivered,4.4
769,327,4,12,Jaipur,2024-12-15 15:59:00,476.72,0,Debit Card,22,Delivered,4.9
770,218,14,7,Mumbai,2024-05-17 14:27:00,439.01,30,UPI,39,Delivered,4.7
771,359,34,3,Bangalore,2024-02-18 11:12:00,167.9,0,UPI,47,Delivered,4.7
772,275,23,13,Delhi,2024-02-05 12:25:00,798.98,0,Wallet,48,Delivered,4.8
773,52,44,1,Lucknow,2024-03-26 11:30:00,345.77,0,Wallet,34,Delivered,4.5
774,374,42,9,Jaipur,2024-12-03 13:23:00,531.03,0,Cash on Delivery,24,Delivered,4.1
775,158,25,3,Kolkata,2024-10-04 09:30:00,113.03,50,UPI,42,Delivered,3.5
776,363,1,6,Mumbai,2024-01-11 19:45:00,100.82,50,Wallet,39,Delivered,4.1
777,55,51,7,Kolkata,2024-04-05 21:04:00,120.19,0,UPI,35,Delivered,3.1
778,14,55,5,Bangalore,2024-07-10 13:09:00,260.98,0,Cash on Delivery,32,Delivered,3.8
779,269,48,4,Pune,2024-05-07 21:23:00,158.55,30,UPI,38,Delivered,4.1
780,340,15,14,Hyderabad,2024-12-20 19:47:00,99.0,0,Debit Card,39,Delivered,4.1
781,90,32,5,Bangalore,2024-11-11 21:22:00,303.23,0,Cash on Delivery,31,Delivered,3.7
782,27,14,7,Mumbai,2024-05-24 08:54:00,189.93,10,Wallet,33,Delivered,3.1
783,89,41,8,Kolkata,2024-08-10 22:41:00,139.44,50,Cash on Delivery,21,Delivered,3.8
784,393,21,9,Jaipur,2024-11-08 14:41:00,879.01,0,Wallet,38,Delivered,3.9
785,41,55,5,Bangalore,2024-06-29 15:33:00,273.65,0,Credit Card,39,Delivered,4.2
786,304,47,10,Mumbai,2024-09-21 13:12:00,258.67,30,Debit Card,23,Delivered,4.5
787,268,58,1,Lucknow,2024-03-29 09:50:00,318.96,0,UPI,34,Delivered,3.9
788,138,7,14,Ahmedabad,2024-04-15 22:14:00,1154.62,0,UPI,30,Delivered,3.9
789,6,36,12,Bangalore,2024-11-14 14:38:00,837.0,10,Cash on Delivery,46,Delivered,3.7
790,242,21,9,Jaipur,2024-01-13 08:31:00,652.63,0,Wallet,22,Delivered,4.1
791,162,50,14,Hyderabad,2024-02-09 11:25:00,169.88,20,UPI,46,Delivered,4.7
792,180,40,6,Kolkata,2024-08-06 12:17:00,182.03,0,UPI,48,Delivered,3.5
793,297,12,12,Bangalore,2024-11-28 16:11:00,190.91,30,UPI,11,Delivered,2.9
794,6,15,14,Hyderabad,2024-02-07 10:59:00,190.05,0,Wallet,41,Delivered,4.2
795,386,15,14,Hyderabad,2024-11-22 16:34:00,185.83,30,UPI,40,Delivered,4.8
796,271,17,1,Kolkata,2024-02-17 09:15:00,415.07,50,UPI,20,Delivered,4.3
797,272,34,3,Bangalore,2024-10-21 11:58:00,153.23,10,UPI,32,Delivered,3.5
798,156,44,1,Lucknow,2024-12-10 21:39:00,256.75,20,UPI,31,Delivered,4.0
799,85,35,10,Hyderabad,2024-12-30 08:48:00,673.26,0,Cash on Delivery,26,Delivered,4.1
800,200,39,11,Lucknow,2024-08-16 13:18:00,99.0,0,Wallet,29,Cancelled,
801,10,38,15,Hyderabad,2024-03-17 16:59:00,105.59,10,UPI,44,Delivered,4.5
802,138,14,7,Mumbai,2024-12-11 21:30:00,192.18,0,UPI,36,Delivered,3.6
803,242,55,5,Bangalore,2024-11-05 11:59:00,235.66,50,Wallet,29,Delivered,5.0
804,394,59,11,Jaipur,2024-02-08 15:24:00,99.0,0,Wallet,24,Delivered,3.9
805,201,5,12,Ahmedabad,2024-11-28 18:37:00,488.81,10,UPI,43,Delivered,3.7
806,156,30,9,Ahmedabad,2024-07-09 13:55:00,214.18,0,UPI,52,Delivered,4.3
807,275,4,12,Jaipur,2024-08-07 12:29:00,195.21,10,Wallet,33,Delivered,3.3
808,225,15,14,Hyderabad,2024-05-10 20:53:00,179.47,10,Debit Card,34,Delivered,5.0
809,68,39,11,Lucknow,2024-08-13 13:31:00,118.28,0,Wallet,61,Delivered,4.4
810,184,35,10,Hyderabad,2024-07-18 14:07:00,508.42,10,UPI,43,Delivered,3.9
811,195,45,14,Bangalore,2024-11-13 16:05:00,132.55,50,Debit Card,46,Delivered,3.5
812,42,10,10,Mumbai,2024-07-24 10:09:00,133.38,30,Debit Card,29,Delivered,4.0
813,396,55,5,Bangalore,2024-09-12 18:11:00,424.79,0,Wallet,27,Delivered,4.7
814,151,2,12,Jaipur,2024-06-25 18:30:00,99.0,50,Wallet,48,Cancelled,
815,84,44,1,Lucknow,2024-12-14 22:04:00,201.84,30,UPI,40,Cancelled,
816,134,60,1,Hyderabad,2024-07-08 11:24:00,164.49,30,Debit Card,37,Delivered,3.9
817,309,24,9,Mumbai,2024-05-06 16:30:00,347.76,0,UPI,39,Delivered,3.6
818,354,28,8,Hyderabad,2024-09-10 12:57:00,1132.31,0,Cash on Delivery,52,Delivered,4.5
819,298,22,4,Ahmedabad,2024-03-24 14:21:00,231.91,0,Cash on Delivery,28,Cancelled,
820,30,44,1,Lucknow,2024-01-13 20:41:00,242.72,10,Wallet,37,Delivered,3.5
821,9,32,5,Bangalore,2024-04-23 08:19:00,198.08,0,UPI,28,Delivered,4.2
822,170,31,14,Chennai,2024-07-23 08:53:00,168.28,30,UPI,38,Delivered,4.3
823,290,19,11,Jaipur,2024-09-29 15:57:00,385.54,0,UPI,43,Cancelled,
824,168,51,7,Kolkata,2024-11-23 09:26:00,215.32,10,UPI,38,Delivered,4.3
825,344,21,9,Jaipur,2024-04-18 14:45:00,221.98,30,UPI,52,Cancelled,
826,145,3,12,Kolkata,2024-11-23 15:58:00,265.03,50,Wallet,30,Delivered,4.4
827,228,6,4,Mumbai,2024-04-20 18:12:00,383.59,0,Credit Card,40,Delivered,3.5
828,306,32,5,Bangalore,2024-08-16 08:27:00,521.52,20,Debit Card,48,Delivered,4.0
829,76,2,12,Jaipur,2024-07-07 14:01:00,187.51,0,Wallet,31,Delivered,3.9
830,223,24,9,Mumbai,2024-09-02 09:16:00,220.43,10,Wallet,30,Delivered,4.2
831,177,45,14,Bangalore,2024-10-12 14:12:00,207.66,10,Credit Card,33,Delivered,3.0
832,189,59,11,Jaipur,2024-04-05 09:28:00,127.24,0,UPI,21,Delivered,3.3
833,302,60,1,Hyderabad,2024-08-25 21:17:00,110.22,50,UPI,46,Delivered,5.0
834,46,27,6,Ahmedabad,2024-09-25 18:20:00,444.74,0,Credit Card,37,Delivered,4.5
835,382,9,11,Bangalore,2024-04-03 12:47:00,101.03,0,Cash on Delivery,18,Delivered,4.0
836,17,13,9,Bangalore,2024-02-24 08:39:00,265.34,0,Cash on Delivery,31,Delivered,4.1
837,66,55,5,Bangalore,2024-04-25 22:08:00,148.75,0,Debit Card,48,Delivered,5.0
838,360,14,7,Mumbai,2024-06-28 17:43:00,161.69,50,Wallet,32,Delivered,3.0
839,261,51,7,Kolkata,2024-02-22 14:51:00,132.76,50,Cash on Delivery,51,Delivered,4.2
840,123,11,7,Ahmedabad,2024-11-08 11:08:00,385.54,20,Wallet,32,Delivered,3.9
841,231,14,7,Mumbai,2024-06-30 22:00:00,177.42,0,Wallet,21,Delivered,4.8
842,125,16,1,Lucknow,2024-02-13 10:10:00,515.46,30,UPI,14,Delivered,4.4
843,112,10,10,Mumbai,2024-04-07 16:31:00,178.12,0,UPI,56,Delivered,5.0
844,272,20,14,Kolkata,2024-09-27 19:32:00,317.65,20,Credit Card,27,Cancelled,
845,81,16,1,Lucknow,2024-08-24 21:56:00,272.97,0,Debit Card,29,Delivered,4.6
846,246,60,1,Hyderabad,2024-03-12 18:11:00,99.0,10,Debit Card,34,Delivered,3.8
847,347,58,1,Lucknow,2024-11-16 18:39:00,262.12,0,UPI,37,Delivered,4.0
848,391,34,3,Bangalore,2024-02-11 21:50:00,277.2,30,Wallet,25,Delivered,4.5
849,392,57,8,Delhi,2024-05-18 14:42:00,824.12,0,UPI,48,Delivered,5.0
850,328,16,1,Lucknow,2024-12-16 08:32:00,673.01,30,Wallet,38,Cancelled,
851,215,14,7,Mumbai,2024-08-08 12:20:00,223.24,0,Credit Card,47,Cancelled,
852,352,53,3,Pune,2024-02-25 13:21:00,479.35,0,UPI,15,Delivered,3.7
853,235,28,8,Hyderabad,2024-04-11 12:44:00,801.1,10,UPI,40,Delivered,4.3
854,367,18,9,Lucknow,2024-07-10 10:53:00,739.9,30,UPI,39,Delivered,2.9
855,82,26,7,Kolkata,2024-07-18 16:48:00,517.48,20,UPI,35,Delivered,3.9
856,294,38,15,Hyderabad,2024-08-14 10:10:00,99.0,0,Cash on Delivery,30,Delivered,5.0
857,310,7,14,Ahmedabad,2024-12-09 08:20:00,376.05,10,UPI,20,Refunded,
858,76,45,14,Bangalore,2024-04-24 09:39:00,242.92,30,Cash on Delivery,21,Cancelled,
859,15,34,3,Bangalore,2024-12-04 14:27:00,188.43,10,UPI,48,Delivered,5.0
860,220,47,10,Mumbai,2024-09-29 13:18:00,312.51,0,UPI,39,Cancelled,
861,230,49,12,Pune,2024-07-02 13:27:00,266.78,0,Cash on Delivery,33,Delivered,4.5
862,372,45,14,Bangalore,2024-02-07 14:36:00,114.02,50,Credit Card,32,Delivered,5.0
863,265,7,14,Ahmedabad,2024-08-31 11:21:00,1099.48,10,Debit Card,45,Cancelled,
864,264,33,1,Mumbai,2024-08-05 08:42:00,403.76,10,UPI,45,Delivered,3.9
865,110,35,10,Hyderabad,2024-06-12 17:12:00,387.91,0,UPI,27,Delivered,4.1
866,307,52,2,Kolkata,2024-11-03 17:31:00,167.95,20,UPI,21,Delivered,3.9
867,200,50,14,Hyderabad,2024-04-14 11:54:00,127.32,0,Credit Card,39,Delivered,4.5
868,226,39,11,Lucknow,2024-07-06 21:18:00,109.98,0,UPI,47,Delivered,5.0
869,185,21,9,Jaipur,2024-07-04 19:34:00,483.32,10,Debit Card,42,Delivered,4.3
870,31,49,12,Pune,2024-08-25 15:55:00,401.4,0,Wallet,52,Delivered,3.4
871,102,28,8,Hyderabad,2024-10-10 08:41:00,866.99,10,UPI,33,Delivered,3.4
872,259,32,5,Bangalore,2024-07-28 15:32:00,634.96,0,Wallet,38,Refunded,
873,99,44,1,Lucknow,2024-07-26 09:03:00,213.49,50,UPI,34,Delivered,3.6
874,339,16,1,Lucknow,2024-05-16 22:15:00,675.57,0,Cash on Delivery,43,Delivered,3.6
875,299,56,1,Chennai,2024-07-02 19:30:00,950.28,50,Cash on Delivery,28,Delivered,3.6
876,285,10,10,Mumbai,2024-05-21 20:24:00,235.33,30,UPI,37,Delivered,4.2
877,266,23,13,Delhi,2024-10-16 10:57:00,746.48,30,Wallet,51,Delivered,3.2
878,140,48,4,Pune,2024-04-27 17:08:00,135.41,50,Credit Card,28,Delivered,4.4
879,302,52,2,Kolkata,2024-10-08 11:39:00,99.0,0,UPI,15,Delivered,4.7
880,286,50,14,Hyderabad,2024-01-10 10:02:00,186.8,20,Debit Card,40,Delivered,3.7
881,350,15,14,Hyderabad,2024-05-31 12:02:00,142.02,0,Wallet,57,Delivered,4.3
882,216,55,5,Bangalore,2024-10-09 08:14:00,259.6,50,Wallet,28,Delivered,4.5
883,32,43,4,Lucknow,2024-06-11 19:40:00,424.74,30,UPI,48,Delivered,4.6
884,303,50,14,Hyderabad,2024-06-29 19:25:00,147.24,50,Debit Card,35,Delivered,4.2
885,88,6,4,Mumbai,2024-06-23 09:22:00,335.27,0,UPI,25,Delivered,3.5
886,63,33,1,Mumbai,2024-12-16 09:19:00,470.2,30,Credit Card,42,Delivered,4.2
887,387,55,5,Bangalore,2024-05-19 14:03:00,265.07,20,Credit Card,21,Delivered,4.0
888,279,39,11,Lucknow,2024-03-27 14:47:00,99.0,20,UPI,50,Delivered,4.2
889,74,12,12,Bangalore,2024-05-08 13:24:00,99.0,0,Credit Card,36,Delivered,3.5
890,306,52,2,Kolkata,2024-03-06 21:02:00,257.23,20,Wallet,18,Delivered,3.2
891,124,36,12,Bangalore,2024-05-28 16:19:00,913.57,0,Credit Card,54,Delivered,2.9
892,269,31,14,Chennai,2024-04-25 13:20:00,124.16,0,Cash on Delivery,44,Delivered,3.0
893,382,10,10,Mumbai,2024-10-20 20:14:00,249.99,50,UPI,38,Cancelled,
894,285,53,3,Pune,2024-09-06 21:51:00,489.64,10,Wallet,44,Delivered,3.0
895,121,34,3,Bangalore,2024-10-28 16:20:00,159.06,20,UPI,10,Delivered,4.7
896,346,41,8,Kolkata,2024-03-10 08:42:00,255.6,30,Debit Card,29,Delivered,4.3
897,212,10,10,Mumbai,2024-04-21 19:46:00,206.01,10,Cash on Delivery,60,Cancelled,
898,389,52,2,Kolkata,2024-03-31 09:20:00,174.31,30,Cash on Delivery,36,Delivered,4.1
899,148,11,7,Ahmedabad,2024-08-14 13:39:00,246.12,0,UPI,29,Delivered,3.9
900,78,57,8,Delhi,2024-05-30 10:39:00,321.54,50,Credit Card,37,Delivered,3.0
901,365,14,7,Mumbai,2024-08-29 17:24:00,313.53,50,Debit Card,24,Delivered,4.3
902,14,3,12,Kolkata,2024-06-28 08:07:00,283.97,20,UPI,51,Delivered,4.2
903,136,57,8,Delhi,2024-07-21 20:04:00,324.55,0,Debit Card,31,Delivered,4.1
904,304,33,1,Mumbai,2024-08-24 12:54:00,257.37,0,UPI,19,Delivered,3.6
905,397,7,14,Ahmedabad,2024-02-06 15:58:00,1223.07,20,UPI,37,Delivered,3.7
906,280,4,12,Jaipur,2024-08-24 13:28:00,455.76,30,UPI,45,Delivered,4.4
907,79,39,11,Lucknow,2024-07-15 16:58:00,136.29,10,UPI,42,Delivered,3.6
908,243,48,4,Pune,2024-08-27 09:00:00,289.54,10,Cash on Delivery,21,Delivered,4.7
909,193,10,10,Mumbai,2024-12-25 19:50:00,144.31,50,Credit Card,26,Delivered,5.0
910,242,15,14,Hyderabad,2024-01-30 18:27:00,228.42,0,Debit Card,14,Delivered,4.8
911,51,16,1,Lucknow,2024-04-17 19:38:00,507.49,10,UPI,42,Cancelled,
912,232,38,15,Hyderabad,2024-03-30 20:58:00,121.88,0,UPI,40,Delivered,4.2
913,259,4,12,Jaipur,2024-08-07 17:29:00,386.08,0,Credit Card,41,Delivered,4.0
914,384,4,12,Jaipur,2024-04-12 22:57:00,486.82,0,UPI,31,Delivered,4.2
915,375,56,1,Chennai,2024-07-02 22:33:00,702.59,50,Cash on Delivery,16,Delivered,4.5
916,218,55,5,Bangalore,2024-09-03 22:51:00,291.18,0,Wallet,27,Cancelled,
917,206,36,12,Bangalore,2024-12-10 19:00:00,1056.43,20,Wallet,46,Delivered,5.0
918,314,27,6,Ahmedabad,2024-10-04 15:36:00,534.36,0,Credit Card,39,Delivered,4.4
919,381,22,4,Ahmedabad,2024-04-20 08:00:00,196.29,0,Debit Card,18,Delivered,3.1
920,369,22,4,Ahmedabad,2024-09-05 22:41:00,142.79,30,Wallet,32,Delivered,3.5
921,311,17,1,Kolkata,2024-06-30 17:20:00,364.29,10,Credit Card,41,Delivered,4.0
922,375,45,14,Bangalore,2024-11-30 08:21:00,226.65,0,Debit Card,34,Delivered,4.7
923,120,34,3,Bangalore,2024-06-14 10:44:00,239.12,0,Debit Card,21,Delivered,5.0
924,80,32,5,Bangalore,2024-07-26 15:46:00,528.4,50,Cash on Delivery,30,Delivered,4.1
925,42,52,2,Kolkata,2024-09-29 08:53:00,156.14,0,Debit Card,28,Delivered,4.5
926,21,6,4,Mumbai,2024-03-30 20:16:00,216.09,10,Debit Card,35,Delivered,3.2
927,10,54,1,Kolkata,2024-06-14 08:47:00,138.81,0,Cash on Delivery,38,Delivered,3.7
928,313,33,1,Mumbai,2024-03-18 20:05:00,376.35,0,Cash on Delivery,28,Delivered,4.3
929,153,8,14,Ahmedabad,2024-06-11 21:13:00,106.43,30,Credit Card,41,Delivered,2.9
930,312,50,14,Hyderabad,2024-08-26 15:14:00,222.2,0,Cash on Delivery,51,Delivered,4.2
931,294,53,3,Pune,2024-11-05 20:26:00,287.84,10,UPI,66,Delivered,3.9
932,86,36,12,Bangalore,2024-09-25 08:30:00,535.49,0,Wallet,26,Delivered,4.1
933,113,5,12,Ahmedabad,2024-09-01 15:34:00,394.62,0,UPI,36,Delivered,3.7
934,189,5,12,Ahmedabad,2024-02-29 13:04:00,763.64,10,Credit Card,17,Delivered,4.4
935,112,47,10,Mumbai,2024-02-27 08:22:00,221.42,0,Cash on Delivery,30,Delivered,4.7
936,175,10,10,Mumbai,2024-08-04 09:25:00,111.4,0,Debit Card,48,Delivered,4.5
937,310,40,6,Kolkata,2024-10-29 12:25:00,278.61,30,UPI,12,Delivered,4.5
938,302,58,1,Lucknow,2024-01-20 13:05:00,241.85,50,UPI,31,Delivered,4.4
939,4,7,14,Ahmedabad,2024-02-28 09:17:00,485.65,0,Wallet,35,Delivered,4.1
940,222,12,12,Bangalore,2024-09-29 16:13:00,128.69,30,UPI,19,Delivered,3.8
941,221,30,9,Ahmedabad,2024-01-13 14:43:00,224.4,0,UPI,39,Delivered,4.7
942,171,25,3,Kolkata,2024-01-19 22:42:00,99.0,50,Debit Card,38,Delivered,3.6
943,318,28,8,Hyderabad,2024-08-26 19:34:00,959.24,0,Debit Card,29,Delivered,4.4
944,213,43,4,Lucknow,2024-12-02 10:18:00,876.12,0,Cash on Delivery,41,Delivered,4.4
945,253,13,9,Bangalore,2024-04-09 10:31:00,311.25,0,Cash on Delivery,27,Delivered,3.5
946,124,47,10,Mumbai,2024-05-01 19:39:00,323.96,50,Wallet,40,Delivered,3.5
947,128,49,12,Pune,2024-11-12 20:16:00,219.26,0,Wallet,35,Delivered,4.4
948,213,22,4,Ahmedabad,2024-11-22 18:49:00,156.49,50,Cash on Delivery,37,Delivered,4.2
949,112,54,1,Kolkata,2024-03-05 10:31:00,218.52,10,UPI,33,Delivered,4.3
950,85,18,9,Lucknow,2024-06-12 20:05:00,802.1,0,Credit Card,22,Delivered,4.0
951,4,27,6,Ahmedabad,2024-11-09 21:36:00,222.89,0,Debit Card,21,Delivered,5.0
952,65,8,14,Ahmedabad,2024-08-26 21:03:00,144.8,50,Credit Card,27,Cancelled,
953,318,6,4,Mumbai,2024-10-22 18:15:00,208.31,20,UPI,30,Delivered,4.5
954,346,11,7,Ahmedabad,2024-08-07 21:03:00,463.54,50,Debit Card,38,Delivered,4.9
955,120,29,11,Bangalore,2024-12-11 19:31:00,349.75,10,Wallet,35,Delivered,3.9
956,243,58,1,Lucknow,2024-08-24 09:30:00,99.0,10,Credit Card,30,Delivered,4.7
957,386,41,8,Kolkata,2024-09-15 13:07:00,213.63,30,Debit Card,15,Cancelled,
958,137,58,1,Lucknow,2024-10-06 22:42:00,372.81,0,Debit Card,28,Delivered,3.9
959,247,5,12,Ahmedabad,2024-06-07 16:38:00,393.48,0,UPI,23,Delivered,3.9
960,45,7,14,Ahmedabad,2024-02-14 09:07:00,322.98,0,Debit Card,52,Cancelled,
961,146,22,4,Ahmedabad,2024-03-11 15:43:00,192.97,0,UPI,36,Delivered,3.4
962,368,59,11,Jaipur,2024-04-12 17:56:00,113.98,10,Credit Card,51,Delivered,4.4
963,176,47,10,Mumbai,2024-10-12 17:37:00,243.46,20,Cash on Delivery,36,Delivered,3.5
964,42,53,3,Pune,2024-05-25 09:04:00,357.45,0,Cash on Delivery,54,Cancelled,
965,297,54,1,Kolkata,2024-08-08 14:59:00,138.18,0,UPI,38,Refunded,
966,89,4,12,Jaipur,2024-04-07 18:44:00,205.34,0,UPI,39,Delivered,3.7
967,218,32,5,Bangalore,2024-05-30 12:29:00,175.01,0,Cash on Delivery,54,Delivered,3.3
968,228,19,11,Jaipur,2024-05-01 20:45:00,448.54,0,UPI,28,Delivered,3.0
969,298,45,14,Bangalore,2024-04-17 11:28:00,225.44,0,UPI,28,Delivered,4.1
970,291,33,1,Mumbai,2024-01-06 17:17:00,419.1,20,Credit Card,36,Delivered,3.7
971,67,1,6,Mumbai,2024-09-27 15:57:00,161.29,10,Cash on Delivery,64,Delivered,4.3
972,251,54,1,Kolkata,2024-04-05 16:36:00,237.91,20,Cash on Delivery,31,Delivered,4.1
973,41,46,1,Kolkata,2024-07-20 11:05:00,348.12,0,Wallet,38,Delivered,4.7
974,99,41,8,Kolkata,2024-04-21 15:58:00,201.66,30,UPI,44,Delivered,5.0
975,306,56,1,Chennai,2024-11-18 17:10:00,827.57,10,UPI,51,Delivered,4.8
976,360,44,1,Lucknow,2024-10-25 08:31:00,331.63,0,Debit Card,44,Cancelled,
977,342,50,14,Hyderabad,2024-12-02 16:18:00,208.84,0,Cash on Delivery,50,Delivered,4.1
978,79,41,8,Kolkata,2024-08-01 15:05:00,201.15,30,UPI,43,Delivered,4.5
979,301,8,14,Ahmedabad,2024-10-17 13:00:00,103.01,0,Credit Card,36,Delivered,4.9
980,199,32,5,Bangalore,2024-05-29 14:10:00,587.38,50,Credit Card,24,Delivered,3.8
981,147,30,9,Ahmedabad,2024-09-07 17:02:00,357.43,0,Cash on Delivery,30,Delivered,4.6
982,106,46,1,Kolkata,2024-11-11 19:22:00,121.97,0,UPI,31,Delivered,4.9
983,193,28,8,Hyderabad,2024-09-26 08:17:00,799.19,0,Wallet,38,Delivered,4.1
984,122,41,8,Kolkata,2024-04-22 18:40:00,200.42,50,Credit Card,40,Delivered,4.4
985,77,52,2,Kolkata,2024-11-24 14:09:00,275.61,30,UPI,54,Delivered,5.0
986,312,32,5,Bangalore,2024-03-23 20:46:00,395.71,0,UPI,14,Delivered,3.7
987,112,25,3,Kolkata,2024-03-09 22:51:00,107.54,20,UPI,35,Delivered,3.9
988,349,34,3,Bangalore,2024-09-12 14:29:00,161.0,0,Debit Card,54,Delivered,4.4
989,297,33,1,Mumbai,2024-10-07 19:33:00,497.61,0,Cash on Delivery,21,Delivered,3.6
990,170,13,9,Bangalore,2024-08-24 15:47:00,188.05,0,UPI,28,Cancelled,
991,6,25,3,Kolkata,2024-01-25 17:13:00,99.0,50,Debit Card,40,Delivered,4.1
992,197,42,9,Jaipur,2024-11-09 21:54:00,273.49,20,Cash on Delivery,44,Delivered,3.4
993,98,40,6,Kolkata,2024-05-06 16:24:00,227.43,30,UPI,21,Delivered,3.0
994,329,39,11,Lucknow,2024-11-29 10:51:00,99.0,0,Credit Card,50,Delivered,4.2
995,230,56,1,Chennai,2024-02-17 09:09:00,938.3,0,UPI,41,Delivered,3.3
996,168,44,1,Lucknow,2024-04-08 18:10:00,280.3,20,UPI,21,Delivered,3.5
997,297,49,12,Pune,2024-03-25 12:21:00,361.89,30,Credit Card,47,Delivered,4.7
998,265,57,8,Delhi,2024-06-21 14:54:00,463.86,0,UPI,45,Delivered,4.2
999,8,44,1,Lucknow,2024-07-27 21:01:00,202.55,10,Credit Card,35,Delivered,4.1
1000,172,48,4,Pune,2024-11-27 16:41:00,185.44,30,Wallet,30,Delivered,3.9
1001,360,10,10,Mumbai,2024-02-23 18:10:00,228.61,10,UPI,23,Delivered,5.0
1002,195,59,11,Jaipur,2024-09-28 08:50:00,150.6,30,UPI,31,Delivered,5.0
1003,269,57,8,Delhi,2024-01-18 10:52:00,403.27,10,Cash on Delivery,45,Delivered,4.5
1004,19,31,14,Chennai,2024-07-05 17:15:00,224.64,50,UPI,18,Delivered,2.5
1005,354,44,1,Lucknow,2024-09-18 16:43:00,282.91,0,UPI,27,Delivered,4.1
1006,352,11,7,Ahmedabad,2024-08-26 17:11:00,346.58,10,Credit Card,38,Delivered,3.5
1007,49,25,3,Kolkata,2024-07-06 20:03:00,123.27,10,Wallet,42,Delivered,3.8
1008,356,46,1,Kolkata,2024-09-02 09:25:00,356.75,0,UPI,42,Delivered,4.4
1009,338,54,1,Kolkata,2024-11-10 18:26:00,233.43,20,Wallet,27,Delivered,4.2
1010,158,52,2,Kolkata,2024-03-19 22:07:00,115.11,30,Cash on Delivery,34,Refunded,
1011,66,45,14,Bangalore,2024-09-19 22:46:00,219.98,0,Debit Card,30,Delivered,3.3
1012,347,34,3,Bangalore,2024-03-03 15:59:00,330.48,10,Cash on Delivery,38,Delivered,3.7
1013,59,59,11,Jaipur,2024-01-12 20:42:00,99.0,30,UPI,41,Delivered,4.8
1014,309,20,14,Kolkata,2024-01-17 22:16:00,278.01,0,UPI,33,Delivered,5.0
1015,308,7,14,Ahmedabad,2024-10-18 12:07:00,685.97,0,UPI,36,Delivered,4.9
1016,337,33,1,Mumbai,2024-11-20 17:15:00,287.7,0,UPI,35,Delivered,3.3
1017,159,57,8,Delhi,2024-10-18 19:53:00,655.01,30,Wallet,19,Delivered,3.9
1018,271,35,10,Hyderabad,2024-12-14 22:11:00,239.33,0,Debit Card,48,Delivered,3.7
1019,121,29,11,Bangalore,2024-04-10 21:22:00,268.48,0,Credit Card,45,Delivered,4.5
1020,254,52,2,Kolkata,2024-09-26 17:06:00,260.07,10,Cash on Delivery,17,Delivered,3.9
1021,261,12,12,Bangalore,2024-06-28 19:36:00,189.91,20,Wallet,56,Delivered,3.5
1022,135,5,12,Ahmedabad,2024-10-11 10:14:00,589.47,30,Wallet,39,Refunded,
1023,274,12,12,Bangalore,2024-08-15 22:45:00,157.77,10,Cash on Delivery,40,Delivered,5.0
1024,56,29,11,Bangalore,2024-10-01 20:41:00,288.84,0,UPI,30,Delivered,3.8
1025,331,35,10,Hyderabad,2024-01-21 12:26:00,429.47,0,UPI,36,Delivered,4.7
1026,96,20,14,Kolkata,2024-11-06 11:28:00,177.15,30,UPI,40,Delivered,3.7
1027,114,37,8,Mumbai,2024-05-27 16:05:00,932.98,0,UPI,53,Delivered,4.6
1028,357,60,1,Hyderabad,2024-11-14 11:01:00,106.33,10,UPI,24,Delivered,3.9
1029,28,1,6,Mumbai,2024-08-11 09:04:00,187.93,10,Wallet,46,Delivered,3.5
1030,306,16,1,Lucknow,2024-12-21 21:44:00,574.21,10,Wallet,31,Delivered,4.8
1031,2,30,9,Ahmedabad,2024-10-01 14:33:00,189.77,20,Debit Card,49,Delivered,3.7
1032,212,9,11,Bangalore,2024-05-20 18:53:00,114.9,10,Cash on Delivery,20,Delivered,4.2
1033,68,42,9,Jaipur,2024-08-08 11:21:00,126.7,50,Credit Card,34,Delivered,3.3
1034,128,10,10,Mumbai,2024-06-28 11:46:00,99.0,10,UPI,14,Cancelled,
1035,333,13,9,Bangalore,2024-11-24 14:50:00,391.18,0,Wallet,28,Delivered,3.3
1036,24,48,4,Pune,2024-02-07 13:51:00,157.57,30,UPI,30,Delivered,5.0
1037,253,20,14,Kolkata,2024-08-26 22:56:00,264.48,30,Cash on Delivery,39,Cancelled,
1038,368,29,11,Bangalore,2024-05-27 16:31:00,334.17,30,UPI,19,Delivered,4.2
1039,230,57,8,Delhi,2024-02-19 09:04:00,655.27,20,Wallet,52,Delivered,4.0
1040,176,4,12,Jaipur,2024-12-08 21:10:00,347.2,30,Debit Card,53,Delivered,3.8
1041,375,46,1,Kolkata,2024-06-13 13:57:00,221.1,0,Debit Card,37,Cancelled,
1042,221,49,12,Pune,2024-11-19 20:43:00,203.84,0,UPI,22,Delivered,3.6
1043,36,28,8,Hyderabad,2024-10-16 20:41:00,889.75,0,Credit Card,21,Delivered,4.4
1044,2,37,8,Mumbai,2024-05-16 17:30:00,899.74,50,Credit Card,36,Cancelled,
1045,383,13,9,Bangalore,2024-05-14 11:18:00,415.04,30,UPI,27,Delivered,5.0
1046,361,57,8,Delhi,2024-06-07 10:56:00,313.02,0,Wallet,48,Delivered,4.6
1047,274,3,12,Kolkata,2024-12-06 20:30:00,417.53,30,Cash on Delivery,32,Delivered,4.5
1048,177,37,8,Mumbai,2024-12-04 22:52:00,679.7,20,Credit Card,40,Delivered,3.9
1049,264,48,4,Pune,2024-10-14 09:58:00,197.1,0,UPI,34,Delivered,4.5
1050,186,19,11,Jaipur,2024-05-17 09:01:00,524.51,50,Cash on Delivery,30,Delivered,5.0
1051,15,28,8,Hyderabad,2024-11-11 15:16:00,545.07,50,UPI,27,Delivered,3.9
1052,279,19,11,Jaipur,2024-12-17 21:38:00,438.26,0,UPI,24,Delivered,4.3
1053,194,17,1,Kolkata,2024-09-01 22:42:00,575.27,0,UPI,31,Delivered,4.9
1054,198,18,9,Lucknow,2024-03-28 08:10:00,1082.14,30,UPI,36,Delivered,5.0
1055,349,18,9,Lucknow,2024-12-06 11:06:00,796.15,30,Credit Card,37,Delivered,4.2
1056,305,57,8,Delhi,2024-11-01 19:30:00,656.57,0,UPI,35,Refunded,
1057,64,23,13,Delhi,2024-07-27 08:10:00,842.44,20,Debit Card,33,Delivered,4.6
1058,290,40,6,Kolkata,2024-12-13 08:46:00,245.71,0,Debit Card,16,Delivered,3.9
1059,18,50,14,Hyderabad,2024-06-29 17:06:00,154.77,50,Credit Card,47,Delivered,4.3
1060,64,9,11,Bangalore,2024-04-15 15:03:00,99.0,20,UPI,20,Delivered,4.0
1061,362,29,11,Bangalore,2024-04-17 10:25:00,231.81,20,Wallet,40,Delivered,4.8
1062,330,51,7,Kolkata,2024-10-22 09:42:00,222.67,0,Cash on Delivery,47,Delivered,5.0
1063,358,42,9,Jaipur,2024-11-26 20:02:00,504.79,0,UPI,47,Delivered,3.4
1064,251,29,11,Bangalore,2024-01-12 10:41:00,429.69,0,Credit Card,43,Delivered,4.0
1065,17,2,12,Jaipur,2024-10-09 08:53:00,167.99,0,UPI,36,Delivered,3.8
1066,141,60,1,Hyderabad,2024-10-31 09:59:00,99.0,30,UPI,26,Cancelled,
1067,308,17,1,Kolkata,2024-06-30 21:19:00,472.4,30,Wallet,21,Delivered,3.9
1068,320,57,8,Delhi,2024-06-14 19:24:00,690.46,20,UPI,35,Delivered,4.0
1069,245,56,1,Chennai,2024-04-05 20:09:00,893.94,0,Debit Card,28,Delivered,3.6
1070,290,45,14,Bangalore,2024-10-24 15:32:00,120.99,0,UPI,30,Delivered,4.3
1071,351,31,14,Chennai,2024-11-28 15:40:00,99.0,50,Wallet,42,Delivered,3.4
1072,87,28,8,Hyderabad,2024-02-11 22:36:00,893.19,0,UPI,33,Delivered,4.6
1073,199,43,4,Lucknow,2024-09-02 20:21:00,679.68,50,UPI,27,Delivered,4.3
1074,358,48,4,Pune,2024-07-03 11:49:00,218.74,0,Debit Card,65,Delivered,3.5
1075,161,52,2,Kolkata,2024-12-28 18:40:00,156.59,0,Debit Card,32,Delivered,3.4
1076,140,39,11,Lucknow,2024-12-01 09:31:00,103.8,0,Debit Card,43,Delivered,4.6
1077,76,60,1,Hyderabad,2024-03-29 09:11:00,99.0,20,Debit Card,42,Delivered,3.7
1078,19,30,9,Ahmedabad,2024-03-13 19:25:00,268.53,0,UPI,31,Delivered,5.0
1079,393,35,10,Hyderabad,2024-07-19 17:31:00,609.25,50,Credit Card,28,Delivered,2.8
1080,330,48,4,Pune,2024-08-13 11:38:00,247.02,10,Debit Card,19,Delivered,3.5
1081,50,51,7,Kolkata,2024-02-29 09:00:00,99.0,30,Debit Card,37,Delivered,3.9
1082,232,20,14,Kolkata,2024-05-03 11:23:00,285.17,0,UPI,35,Delivered,4.1
1083,295,16,1,Lucknow,2024-06-07 16:13:00,617.79,20,Cash on Delivery,23,Delivered,4.5
1084,394,34,3,Bangalore,2024-07-12 20:14:00,291.62,0,Wallet,48,Delivered,4.0
1085,12,14,7,Mumbai,2024-01-12 12:27:00,321.71,10,Cash on Delivery,41,Delivered,3.9
1086,335,26,7,Kolkata,2024-12-05 20:38:00,503.88,0,UPI,35,Refunded,
1087,15,20,14,Kolkata,2024-10-06 12:09:00,413.65,50,Credit Card,31,Delivered,3.7
1088,28,42,9,Jaipur,2024-04-19 21:36:00,312.68,50,Credit Card,33,Delivered,3.6
1089,388,51,7,Kolkata,2024-05-25 15:13:00,147.44,50,UPI,23,Cancelled,
1090,292,24,9,Mumbai,2024-06-10 17:11:00,232.48,20,Credit Card,29,Delivered,3.7
1091,375,43,4,Lucknow,2024-05-29 15:05:00,1207.76,20,Credit Card,42,Delivered,4.1
1092,321,18,9,Lucknow,2024-02-05 20:35:00,1079.31,0,UPI,33,Delivered,3.0
1093,250,43,4,Lucknow,2024-01-22 21:15:00,930.39,0,UPI,56,Delivered,4.4
1094,98,9,11,Bangalore,2024-12-21 15:24:00,99.0,0,UPI,29,Delivered,4.1
1095,303,19,11,Jaipur,2024-04-05 08:44:00,368.17,10,UPI,34,Delivered,4.0
1096,337,20,14,Kolkata,2024-06-12 11:17:00,302.15,0,UPI,40,Delivered,4.8
1097,39,42,9,Jaipur,2024-10-20 10:22:00,249.7,30,UPI,41,Cancelled,
1098,38,30,9,Ahmedabad,2024-12-30 18:15:00,274.03,30,UPI,32,Delivered,4.5
1099,300,26,7,Kolkata,2024-07-05 12:03:00,620.63,0,Wallet,28,Delivered,4.2
1100,179,31,14,Chennai,2024-05-28 15:50:00,99.0,0,Cash on Delivery,32,Refunded,
1101,97,35,10,Hyderabad,2024-08-18 22:13:00,597.18,10,Credit Card,39,Delivered,4.5
1102,380,3,12,Kolkata,2024-07-16 19:15:00,317.19,20,Wallet,32,Delivered,3.7
1103,282,56,1,Chennai,2024-12-02 20:22:00,668.26,10,UPI,59,Delivered,4.5
1104,238,40,6,Kolkata,2024-05-21 20:06:00,238.25,30,Debit Card,32,Refunded,
1105,164,29,11,Bangalore,2024-02-15 22:43:00,139.11,0,UPI,37,Delivered,4.6
1106,97,6,4,Mumbai,2024-06-17 13:46:00,290.13,0,Cash on Delivery,35,Delivered,2.6
1107,257,52,2,Kolkata,2024-02-13 09:04:00,108.46,0,UPI,33,Delivered,5.0
1108,309,1,6,Mumbai,2024-04-18 18:51:00,118.95,0,UPI,44,Delivered,4.3
1109,262,52,2,Kolkata,2024-12-08 15:58:00,175.87,0,UPI,25,Delivered,4.5
1110,293,24,9,Mumbai,2024-07-24 22:42:00,130.65,0,Wallet,59,Cancelled,
1111,258,38,15,Hyderabad,2024-12-18 12:30:00,99.0,50,UPI,28,Delivered,4.7
1112,249,34,3,Bangalore,2024-12-20 08:27:00,128.13,30,UPI,40,Cancelled,
1113,245,51,7,Kolkata,2024-03-23 21:53:00,204.93,50,UPI,37,Delivered,4.0
1114,251,60,1,Hyderabad,2024-07-08 14:31:00,99.0,20,Cash on Delivery,35,Delivered,3.9
1115,123,7,14,Ahmedabad,2024-09-07 11:34:00,1034.93,30,Credit Card,48,Delivered,4.3
1116,325,11,7,Ahmedabad,2024-05-12 16:28:00,351.42,20,Debit Card,54,Cancelled,
1117,169,11,7,Ahmedabad,2024-11-21 22:24:00,353.99,0,Credit Card,27,Refunded,
1118,175,36,12,Bangalore,2024-04-04 13:01:00,654.7,20,Debit Card,27,Cancelled,
1119,269,20,14,Kolkata,2024-11-20 19:26:00,99.0,10,UPI,40,Delivered,5.0
1120,204,16,1,Lucknow,2024-03-29 15:54:00,863.97,30,UPI,35,Delivered,4.0
1121,325,5,12,Ahmedabad,2024-05-08 11:43:00,483.96,30,Wallet,30,Delivered,3.7
1122,66,24,9,Mumbai,2024-12-08 18:38:00,203.08,50,Debit Card,32,Delivered,4.9
1123,315,30,9,Ahmedabad,2024-02-23 15:10:00,99.0,30,Wallet,30,Delivered,2.8
1124,324,30,9,Ahmedabad,2024-02-23 17:15:00,247.85,0,Cash on Delivery,24,Delivered,4.0
1125,59,39,11,Lucknow,2024-04-08 11:45:00,99.0,50,Credit Card,38,Delivered,3.7
1126,219,57,8,Delhi,2024-07-11 22:57:00,518.84,30,Debit Card,36,Delivered,4.5
1127,373,48,4,Pune,2024-04-20 08:16:00,195.44,0,Cash on Delivery,30,Delivered,4.2
1128,266,47,10,Mumbai,2024-07-12 20:19:00,213.6,50,UPI,16,Delivered,3.4
1129,141,37,8,Mumbai,2024-11-21 15:28:00,876.7,50,UPI,32,Delivered,4.5
1130,236,33,1,Mumbai,2024-04-21 10:32:00,522.96,30,Credit Card,55,Delivered,3.6
1131,386,20,14,Kolkata,2024-05-10 19:34:00,219.42,10,UPI,32,Delivered,4.1
1132,218,54,1,Kolkata,2024-07-15 18:43:00,113.1,0,UPI,32,Delivered,3.8
1133,15,22,4,Ahmedabad,2024-07-22 11:44:00,117.05,0,Wallet,30,Delivered,4.6
1134,302,41,8,Kolkata,2024-10-02 16:38:00,225.37,30,Cash on Delivery,41,Delivered,3.8
1135,138,58,1,Lucknow,2024-09-16 10:53:00,347.19,30,Debit Card,46,Delivered,2.2
1136,232,21,9,Jaipur,2024-10-01 13:26:00,227.96,30,Credit Card,28,Delivered,3.4
1137,89,37,8,Mumbai,2024-06-21 18:12:00,520.98,20,UPI,20,Delivered,4.1
1138,77,54,1,Kolkata,2024-07-06 16:21:00,180.05,0,Debit Card,32,Delivered,3.7
1139,136,27,6,Ahmedabad,2024-02-21 22:52:00,155.17,20,Credit Card,30,Delivered,4.8
1140,110,38,15,Hyderabad,2024-12-30 13:42:00,99.0,50,Cash on Delivery,33,Delivered,3.5
1141,353,35,10,Hyderabad,2024-07-29 15:51:00,554.47,10,Wallet,47,Delivered,4.4
1142,301,38,15,Hyderabad,2024-07-18 17:25:00,114.39,50,UPI,25,Delivered,4.6
1143,91,40,6,Kolkata,2024-08-27 10:25:00,220.02,30,UPI,39,Delivered,4.2
1144,370,60,1,Hyderabad,2024-10-25 20:27:00,99.0,10,Credit Card,39,Delivered,4.3
1145,190,6,4,Mumbai,2024-05-16 11:55:00,208.09,10,Credit Card,40,Delivered,4.0
1146,73,32,5,Bangalore,2024-07-29 14:50:00,187.45,30,UPI,42,Delivered,4.3
1147,173,16,1,Lucknow,2024-09-24 22:30:00,707.81,0,Wallet,16,Delivered,3.8
1148,35,28,8,Hyderabad,2024-09-23 17:41:00,841.88,50,Wallet,41,Delivered,4.2
1149,210,16,1,Lucknow,2024-01-11 13:33:00,753.6,20,Wallet,35,Delivered,3.9
1150,298,27,6,Ahmedabad,2024-10-01 13:45:00,533.08,0,Wallet,28,Delivered,3.9
1151,133,53,3,Pune,2024-08-17 08:41:00,551.81,30,Wallet,52,Delivered,3.7
1152,283,3,12,Kolkata,2024-08-07 08:34:00,299.46,0,Wallet,44,Delivered,4.0
1153,198,49,12,Pune,2024-08-19 15:58:00,262.58,50,Debit Card,27,Delivered,5.0
1154,32,21,9,Jaipur,2024-02-21 13:46:00,778.87,0,UPI,30,Delivered,4.0
1155,136,38,15,Hyderabad,2024-09-19 18:38:00,99.0,0,UPI,46,Delivered,4.7
1156,248,38,15,Hyderabad,2024-11-12 11:24:00,120.36,0,UPI,35,Delivered,4.4
1157,359,30,9,Ahmedabad,2024-06-02 13:45:00,268.59,20,Credit Card,22,Refunded,
1158,341,22,4,Ahmedabad,2024-05-19 18:50:00,244.28,0,Cash on Delivery,53,Cancelled,
1159,146,19,11,Jaipur,2024-04-26 12:45:00,550.03,30,Credit Card,33,Delivered,4.2
1160,334,31,14,Chennai,2024-11-04 15:15:00,148.09,10,UPI,35,Delivered,4.3
1161,143,20,14,Kolkata,2024-09-25 16:53:00,278.37,50,UPI,40,Delivered,4.1
1162,234,47,10,Mumbai,2024-02-23 16:51:00,287.75,50,UPI,27,Delivered,3.8
1163,44,19,11,Jaipur,2024-04-27 11:10:00,595.04,0,UPI,48,Delivered,5.0
1164,32,2,12,Jaipur,2024-10-31 14:45:00,215.85,10,UPI,26,Delivered,4.7
1165,231,40,6,Kolkata,2024-05-01 18:27:00,264.53,0,UPI,37,Delivered,4.1
1166,28,39,11,Lucknow,2024-08-02 20:22:00,99.0,0,UPI,30,Delivered,4.1
1167,160,27,6,Ahmedabad,2024-01-28 18:46:00,419.75,50,Credit Card,46,Delivered,4.4
1168,333,8,14,Ahmedabad,2024-11-08 17:24:00,99.0,0,UPI,41,Delivered,3.5
1169,207,45,14,Bangalore,2024-02-23 20:18:00,171.66,10,Debit Card,33,Delivered,3.6
1170,18,54,1,Kolkata,2024-12-18 11:13:00,180.71,0,Credit Card,19,Delivered,3.0
1171,103,27,6,Ahmedabad,2024-11-29 10:29:00,291.67,20,UPI,39,Cancelled,
1172,70,15,14,Hyderabad,2024-12-13 08:02:00,99.0,50,Debit Card,36,Delivered,4.0
1173,119,12,12,Bangalore,2024-07-26 21:29:00,216.38,30,UPI,20,Cancelled,
1174,139,47,10,Mumbai,2024-04-02 20:14:00,213.36,10,UPI,37,Delivered,4.8
1175,160,14,7,Mumbai,2024-04-19 15:24:00,121.42,50,Wallet,42,Delivered,3.9
1176,232,7,14,Ahmedabad,2024-12-23 17:58:00,790.23,0,Debit Card,36,Delivered,5.0
1177,148,17,1,Kolkata,2024-02-16 12:53:00,473.88,50,Credit Card,30,Delivered,3.8
1178,353,26,7,Kolkata,2024-08-31 17:37:00,473.29,0,Wallet,49,Cancelled,
1179,392,37,8,Mumbai,2024-11-15 14:24:00,460.06,30,Wallet,53,Delivered,4.2
1180,243,20,14,Kolkata,2024-01-07 13:16:00,143.83,0,UPI,24,Delivered,3.9
1181,35,10,10,Mumbai,2024-07-28 08:40:00,336.9,0,Cash on Delivery,45,Delivered,2.8
1182,325,19,11,Jaipur,2024-11-25 17:56:00,288.44,30,Cash on Delivery,39,Delivered,3.9
1183,382,18,9,Lucknow,2024-11-01 13:26:00,383.47,10,UPI,29,Delivered,3.6
1184,355,30,9,Ahmedabad,2024-11-03 08:00:00,226.84,0,Cash on Delivery,33,Delivered,4.2
1185,239,30,9,Ahmedabad,2024-08-23 12:59:00,311.64,50,UPI,33,Delivered,4.9
1186,334,25,3,Kolkata,2024-01-04 08:03:00,149.75,0,Debit Card,46,Delivered,3.9
1187,149,24,9,Mumbai,2024-08-05 11:00:00,187.2,30,Debit Card,31,Delivered,4.3
1188,111,10,10,Mumbai,2024-03-11 21:49:00,186.37,0,UPI,17,Delivered,4.0
1189,17,2,12,Jaipur,2024-07-07 10:07:00,99.0,20,Wallet,33,Delivered,4.6
1190,226,38,15,Hyderabad,2024-09-09 15:18:00,132.65,10,Cash on Delivery,44,Delivered,5.0
1191,140,32,5,Bangalore,2024-10-18 09:51:00,391.63,20,Wallet,47,Refunded,
1192,144,35,10,Hyderabad,2024-05-02 18:26:00,494.44,0,UPI,31,Delivered,5.0
1193,260,51,7,Kolkata,2024-02-01 21:56:00,169.5,30,UPI,40,Delivered,3.7
1194,217,37,8,Mumbai,2024-05-25 19:59:00,817.91,50,Cash on Delivery,47,Delivered,4.9
1195,162,7,14,Ahmedabad,2024-01-16 10:46:00,718.44,50,UPI,42,Delivered,4.3
1196,92,7,14,Ahmedabad,2024-09-07 18:30:00,1047.22,0,Credit Card,56,Delivered,4.8
1197,174,27,6,Ahmedabad,2024-09-16 12:16:00,207.56,30,Cash on Delivery,49,Cancelled,
1198,331,10,10,Mumbai,2024-02-08 21:25:00,212.68,50,UPI,31,Delivered,3.5
1199,205,33,1,Mumbai,2024-02-08 16:03:00,448.86,0,UPI,34,Delivered,4.0
1200,153,43,4,Lucknow,2024-01-30 21:21:00,657.21,50,Credit Card,52,Delivered,4.2
1201,103,55,5,Bangalore,2024-07-21 09:43:00,296.23,50,UPI,23,Delivered,4.1
1202,202,7,14,Ahmedabad,2024-09-24 21:35:00,899.19,20,Credit Card,34,Delivered,4.3
1203,280,6,4,Mumbai,2024-01-18 17:52:00,399.88,50,UPI,54,Delivered,4.0
1204,65,6,4,Mumbai,2024-09-11 14:00:00,289.96,10,UPI,55,Delivered,3.9
1205,117,13,9,Bangalore,2024-12-11 14:25:00,280.46,20,Cash on Delivery,38,Delivered,3.8
1206,153,48,4,Pune,2024-08-24 13:05:00,232.35,0,Credit Card,18,Delivered,3.6
1207,156,13,9,Bangalore,2024-02-13 15:23:00,282.23,50,Debit Card,31,Delivered,4.3
1208,164,2,12,Jaipur,2024-03-26 10:36:00,99.0,20,UPI,42,Delivered,4.0
1209,82,19,11,Jaipur,2024-04-04 21:36:00,629.36,20,Debit Card,27,Delivered,3.8
1210,6,51,7,Kolkata,2024-01-30 16:41:00,99.0,50,Wallet,58,Delivered,3.2
1211,322,19,11,Jaipur,2024-02-02 17:36:00,560.25,20,Debit Card,33,Delivered,4.4
1212,67,50,14,Hyderabad,2024-01-12 13:29:00,352.31,50,Debit Card,48,Delivered,4.5
1213,238,57,8,Delhi,2024-06-03 14:08:00,579.98,20,UPI,34,Delivered,3.5
1214,72,38,15,Hyderabad,2024-09-02 12:11:00,99.0,10,Credit Card,38,Delivered,4.2
1215,95,2,12,Jaipur,2024-09-03 20:32:00,129.69,0,Wallet,35,Delivered,3.8
1216,304,51,7,Kolkata,2024-08-22 21:52:00,166.68,10,Cash on Delivery,29,Delivered,4.5
1217,326,26,7,Kolkata,2024-09-27 09:51:00,496.79,30,Credit Card,31,Delivered,3.8
1218,78,6,4,Mumbai,2024-06-20 13:17:00,368.06,0,Wallet,42,Delivered,3.8
1219,67,20,14,Kolkata,2024-09-15 14:42:00,358.76,0,UPI,33,Delivered,4.2
1220,176,23,13,Delhi,2024-07-28 19:37:00,1045.74,0,Debit Card,31,Delivered,3.8
1221,321,54,1,Kolkata,2024-07-04 08:43:00,130.65,50,UPI,41,Delivered,3.8
1222,172,15,14,Hyderabad,2024-04-04 17:10:00,150.72,30,Debit Card,50,Delivered,3.7
1223,255,6,4,Mumbai,2024-03-08 18:17:00,344.35,50,UPI,52,Delivered,3.8
1224,63,28,8,Hyderabad,2024-07-14 08:33:00,1091.31,50,Wallet,25,Delivered,3.9
1225,302,35,10,Hyderabad,2024-04-02 15:21:00,553.88,30,Cash on Delivery,27,Delivered,4.1
1226,246,11,7,Ahmedabad,2024-06-20 22:05:00,317.96,0,UPI,48,Delivered,4.0
1227,192,8,14,Ahmedabad,2024-01-25 14:56:00,113.05,0,Debit Card,30,Cancelled,
1228,329,57,8,Delhi,2024-03-25 14:58:00,772.89,0,Cash on Delivery,33,Delivered,4.4
1229,71,54,1,Kolkata,2024-05-23 22:13:00,184.86,30,UPI,22,Refunded,
1230,366,50,14,Hyderabad,2024-06-15 19:31:00,157.92,30,UPI,42,Delivered,3.4
1231,229,49,12,Pune,2024-08-07 10:54:00,247.56,0,UPI,35,Cancelled,
1232,63,51,7,Kolkata,2024-09-21 17:44:00,120.71,30,UPI,46,Delivered,5.0
1233,297,51,7,Kolkata,2024-05-29 12:22:00,187.21,0,Debit Card,43,Delivered,4.1
1234,245,24,9,Mumbai,2024-07-15 17:52:00,161.38,10,Credit Card,46,Delivered,4.7
1235,7,21,9,Jaipur,2024-11-25 18:38:00,693.88,50,Credit Card,46,Delivered,4.4
1236,393,49,12,Pune,2024-09-27 14:28:00,287.15,50,Credit Card,31,Refunded,
1237,260,59,11,Jaipur,2024-05-02 22:02:00,120.91,0,Wallet,35,Delivered,4.2
1238,89,36,12,Bangalore,2024-12-04 17:27:00,905.1,30,Cash on Delivery,37,Delivered,4.4
1239,177,7,14,Ahmedabad,2024-01-29 22:34:00,941.67,0,Debit Card,36,Delivered,4.3
1240,204,5,12,Ahmedabad,2024-01-06 19:46:00,453.59,20,UPI,42,Delivered,4.0
1241,134,58,1,Lucknow,2024-10-20 20:28:00,176.65,0,UPI,30,Delivered,5.0
1242,82,29,11,Bangalore,2024-05-26 10:07:00,257.15,10,UPI,38,Delivered,4.8
1243,21,16,1,Lucknow,2024-01-08 14:57:00,958.43,20,Cash on Delivery,29,Delivered,3.1
1244,399,6,4,Mumbai,2024-12-05 22:03:00,141.02,20,UPI,38,Cancelled,
1245,128,14,7,Mumbai,2024-06-27 12:02:00,100.03,20,UPI,39,Cancelled,
1246,195,58,1,Lucknow,2024-02-14 15:22:00,266.84,50,Wallet,23,Delivered,4.7
1247,194,52,2,Kolkata,2024-01-16 20:02:00,250.65,20,Credit Card,39,Delivered,4.1
1248,184,2,12,Jaipur,2024-01-09 19:13:00,194.1,0,Wallet,49,Delivered,5.0
1249,247,25,3,Kolkata,2024-11-28 12:56:00,99.0,10,Wallet,46,Delivered,3.9
1250,361,31,14,Chennai,2024-11-22 22:06:00,99.0,0,UPI,23,Delivered,2.7
1251,360,50,14,Hyderabad,2024-04-11 09:40:00,158.83,0,Wallet,22,Delivered,3.9
1252,324,50,14,Hyderabad,2024-10-04 15:48:00,176.43,0,UPI,40,Delivered,3.1
1253,160,13,9,Bangalore,2024-01-01 17:42:00,269.82,50,Wallet,37,Delivered,3.7
1254,194,60,1,Hyderabad,2024-07-26 21:07:00,103.64,0,Credit Card,33,Delivered,3.8
1255,110,18,9,Lucknow,2024-11-01 19:24:00,1066.27,20,Cash on Delivery,10,Refunded,
1256,66,17,1,Kolkata,2024-07-06 17:45:00,392.71,30,Cash on Delivery,25,Delivered,4.3
1257,254,45,14,Bangalore,2024-11-29 16:35:00,256.26,0,Credit Card,48,Delivered,4.3
1258,283,28,8,Hyderabad,2024-10-05 18:05:00,897.3,10,Debit Card,39,Delivered,4.5
1259,60,12,12,Bangalore,2024-01-25 09:12:00,118.04,0,Wallet,55,Delivered,4.4
1260,118,35,10,Hyderabad,2024-02-12 21:27:00,596.46,50,Wallet,44,Refunded,
1261,44,22,4,Ahmedabad,2024-05-25 18:59:00,234.46,0,Debit Card,38,Delivered,5.0
1262,210,39,11,Lucknow,2024-11-14 16:27:00,99.98,0,Debit Card,19,Cancelled,
1263,36,1,6,Mumbai,2024-06-27 15:26:00,157.82,30,UPI,38,Cancelled,
1264,19,37,8,Mumbai,2024-06-08 22:08:00,736.99,20,Cash on Delivery,34,Delivered,4.1
1265,91,21,9,Jaipur,2024-08-19 11:27:00,336.2,10,Debit Card,24,Delivered,4.4
1266,301,1,6,Mumbai,2024-03-08 21:56:00,256.46,0,Cash on Delivery,48,Delivered,4.6
1267,212,4,12,Jaipur,2024-11-18 17:07:00,526.66,0,Debit Card,36,Delivered,3.7
1268,222,32,5,Bangalore,2024-01-06 15:47:00,463.27,0,UPI,39,Delivered,3.3
1269,217,58,1,Lucknow,2024-04-03 20:12:00,219.61,50,UPI,27,Refunded,
1270,223,1,6,Mumbai,2024-07-15 16:19:00,145.87,30,UPI,39,Delivered,4.3
1271,98,13,9,Bangalore,2024-04-27 09:46:00,194.56,20,Debit Card,33,Delivered,3.9
1272,19,46,1,Kolkata,2024-12-03 09:09:00,285.25,50,UPI,58,Delivered,4.6
1273,297,47,10,Mumbai,2024-10-27 09:46:00,275.21,30,Debit Card,29,Delivered,4.5
1274,26,17,1,Kolkata,2024-11-14 19:46:00,375.21,0,UPI,28,Delivered,4.7
1275,28,12,12,Bangalore,2024-04-23 22:56:00,151.35,20,UPI,38,Delivered,3.6
1276,64,7,14,Ahmedabad,2024-07-21 10:34:00,682.83,0,UPI,33,Delivered,3.8
1277,324,55,5,Bangalore,2024-11-04 17:45:00,212.94,10,UPI,37,Delivered,4.2
1278,223,51,7,Kolkata,2024-01-14 13:44:00,115.06,0,UPI,51,Delivered,4.0
1279,80,55,5,Bangalore,2024-08-03 16:00:00,173.44,50,Cash on Delivery,25,Delivered,4.4
1280,51,3,12,Kolkata,2024-02-20 18:54:00,197.36,30,UPI,36,Delivered,4.9
1281,102,50,14,Hyderabad,2024-08-01 14:55:00,162.49,0,UPI,29,Delivered,4.0
1282,176,26,7,Kolkata,2024-10-01 09:11:00,663.38,30,Wallet,28,Cancelled,
1283,10,31,14,Chennai,2024-08-07 19:59:00,122.16,20,UPI,34,Delivered,3.3
1284,237,36,12,Bangalore,2024-07-05 08:18:00,292.32,10,Cash on Delivery,35,Delivered,2.9
1285,100,26,7,Kolkata,2024-01-28 18:51:00,543.75,0,Wallet,53,Delivered,3.3
1286,378,3,12,Kolkata,2024-09-09 21:48:00,296.77,50,Credit Card,30,Delivered,3.3
1287,228,44,1,Lucknow,2024-02-06 17:34:00,387.19,10,Credit Card,33,Delivered,4.5
1288,64,55,5,Bangalore,2024-04-07 22:34:00,262.46,30,UPI,16,Delivered,4.1
1289,380,28,8,Hyderabad,2024-06-16 13:12:00,493.48,50,Credit Card,40,Delivered,4.1
1290,19,44,1,Lucknow,2024-05-05 14:59:00,228.1,30,Credit Card,36,Delivered,4.5
1291,332,17,1,Kolkata,2024-11-05 13:15:00,472.02,0,UPI,41,Delivered,4.9
1292,318,38,15,Hyderabad,2024-01-28 10:59:00,143.77,0,UPI,37,Delivered,4.0
1293,141,47,10,Mumbai,2024-06-21 21:07:00,164.28,0,Cash on Delivery,17,Cancelled,
1294,25,30,9,Ahmedabad,2024-08-23 14:54:00,265.89,10,UPI,52,Refunded,
1295,228,2,12,Jaipur,2024-08-01 12:25:00,125.03,10,Cash on Delivery,38,Cancelled,
1296,89,8,14,Ahmedabad,2024-08-19 12:24:00,99.0,50,Debit Card,39,Delivered,4.5
1297,92,14,7,Mumbai,2024-03-05 13:22:00,252.62,20,UPI,53,Delivered,4.3
1298,42,37,8,Mumbai,2024-04-24 14:42:00,719.93,50,UPI,30,Delivered,3.2
1299,373,35,10,Hyderabad,2024-12-28 14:31:00,196.3,10,UPI,21,Delivered,3.2
1300,295,42,9,Jaipur,2024-06-06 20:42:00,424.19,50,Debit Card,24,Delivered,3.9
1301,389,39,11,Lucknow,2024-05-25 14:14:00,109.84,0,UPI,35,Delivered,4.2
1302,81,11,7,Ahmedabad,2024-08-12 12:56:00,489.68,30,Debit Card,34,Delivered,4.4
1303,107,15,14,Hyderabad,2024-04-12 14:26:00,124.23,50,Debit Card,51,Delivered,4.0
1304,111,2,12,Jaipur,2024-10-27 19:17:00,99.0,10,Cash on Delivery,39,Delivered,3.1
1305,277,37,8,Mumbai,2024-03-28 10:46:00,655.21,0,UPI,20,Delivered,3.9
1306,214,43,4,Lucknow,2024-06-16 10:41:00,908.83,0,Debit Card,28,Delivered,3.0
1307,231,32,5,Bangalore,2024-05-14 09:47:00,390.9,0,UPI,29,Delivered,4.0
1308,306,40,6,Kolkata,2024-12-05 18:05:00,313.7,10,UPI,32,Delivered,4.4
1309,121,13,9,Bangalore,2024-12-12 16:52:00,182.92,50,UPI,28,Delivered,4.4
1310,134,43,4,Lucknow,2024-04-18 16:30:00,932.72,30,Cash on Delivery,23,Delivered,3.8
1311,306,17,1,Kolkata,2024-01-21 17:39:00,429.89,10,Wallet,36,Cancelled,
1312,208,15,14,Hyderabad,2024-04-21 20:12:00,134.03,10,UPI,30,Delivered,4.3
1313,371,33,1,Mumbai,2024-06-25 14:19:00,528.44,0,Credit Card,22,Cancelled,
1314,257,51,7,Kolkata,2024-04-10 13:52:00,160.8,0,UPI,51,Delivered,3.4
1315,185,16,1,Lucknow,2024-04-01 08:27:00,528.55,20,Debit Card,34,Delivered,3.7
1316,286,51,7,Kolkata,2024-01-25 17:49:00,194.18,30,UPI,55,Refunded,
1317,363,13,9,Bangalore,2024-10-23 13:10:00,278.25,0,Credit Card,46,Refunded,
1318,180,55,5,Bangalore,2024-09-05 20:37:00,252.77,0,Debit Card,30,Delivered,3.1
1319,48,22,4,Ahmedabad,2024-03-15 21:01:00,148.2,0,Debit Card,53,Delivered,3.8
1320,87,23,13,Delhi,2024-06-16 10:54:00,738.37,20,UPI,46,Cancelled,
1321,385,36,12,Bangalore,2024-12-20 08:23:00,537.14,0,Debit Card,29,Delivered,3.6
1322,19,43,4,Lucknow,2024-01-19 09:48:00,711.26,20,Credit Card,32,Cancelled,
1323,46,50,14,Hyderabad,2024-12-09 20:34:00,201.84,20,UPI,38,Delivered,3.9
1324,386,50,14,Hyderabad,2024-07-08 08:35:00,236.35,0,UPI,33,Delivered,3.9
1325,56,10,10,Mumbai,2024-06-01 20:48:00,115.6,0,Wallet,45,Delivered,4.2
1326,229,17,1,Kolkata,2024-05-05 18:33:00,520.36,0,Wallet,39,Delivered,2.9
1327,145,30,9,Ahmedabad,2024-12-10 09:28:00,327.57,10,UPI,45,Cancelled,
1328,92,13,9,Bangalore,2024-07-29 16:15:00,282.99,20,Debit Card,41,Delivered,3.6
1329,82,30,9,Ahmedabad,2024-06-30 10:08:00,259.68,20,Debit Card,28,Delivered,4.7
1330,225,57,8,Delhi,2024-05-08 17:18:00,545.98,0,Wallet,19,Delivered,4.7
1331,79,46,1,Kolkata,2024-12-01 19:39:00,256.25,0,Wallet,28,Delivered,4.1
1332,150,30,9,Ahmedabad,2024-02-03 16:44:00,295.26,30,Debit Card,56,Delivered,4.1
1333,361,7,14,Ahmedabad,2024-05-13 12:57:00,662.87,50,UPI,45,Delivered,3.4
1334,283,10,10,Mumbai,2024-03-10 16:47:00,154.39,0,Credit Card,36,Delivered,3.9
1335,311,35,10,Hyderabad,2024-02-08 22:41:00,564.23,0,Cash on Delivery,49,Delivered,4.6
1336,160,2,12,Jaipur,2024-01-10 21:56:00,99.0,0,Wallet,35,Delivered,3.4
1337,316,30,9,Ahmedabad,2024-08-31 09:59:00,296.43,0,UPI,36,Delivered,4.2
1338,365,19,11,Jaipur,2024-03-28 11:08:00,608.39,50,Cash on Delivery,39,Delivered,4.4
1339,156,39,11,Lucknow,2024-01-15 11:39:00,99.0,30,Debit Card,31,Delivered,4.1
1340,156,37,8,Mumbai,2024-01-09 20:08:00,1069.97,20,UPI,26,Delivered,4.0
1341,376,60,1,Hyderabad,2024-06-02 11:16:00,99.0,30,Debit Card,39,Delivered,4.0
1342,202,3,12,Kolkata,2024-09-28 22:34:00,217.21,30,UPI,35,Delivered,4.4
1343,341,25,3,Kolkata,2024-11-03 12:54:00,99.0,0,Debit Card,33,Delivered,4.2
1344,342,34,3,Bangalore,2024-09-17 11:14:00,226.89,50,Debit Card,40,Delivered,4.4
1345,117,55,5,Bangalore,2024-05-25 22:01:00,220.65,0,Wallet,31,Delivered,3.9
1346,154,58,1,Lucknow,2024-04-02 20:03:00,142.21,10,Wallet,43,Delivered,3.9
1347,364,22,4,Ahmedabad,2024-04-18 17:30:00,220.5,0,UPI,23,Delivered,4.4
1348,331,38,15,Hyderabad,2024-04-14 15:02:00,99.0,30,UPI,22,Delivered,3.6
1349,119,14,7,Mumbai,2024-07-09 21:08:00,331.44,50,Cash on Delivery,22,Delivered,3.4
1350,199,39,11,Lucknow,2024-04-26 18:34:00,109.26,0,Debit Card,35,Refunded,
1351,263,54,1,Kolkata,2024-10-24 20:35:00,215.97,30,Cash on Delivery,22,Delivered,5.0
1352,184,2,12,Jaipur,2024-05-20 19:36:00,195.65,50,UPI,52,Delivered,4.4
1353,148,32,5,Bangalore,2024-03-14 19:55:00,419.2,0,Cash on Delivery,52,Cancelled,
1354,166,43,4,Lucknow,2024-03-13 11:06:00,925.99,0,Credit Card,39,Delivered,4.0
1355,75,53,3,Pune,2024-05-09 13:55:00,402.52,0,UPI,44,Delivered,3.7
1356,236,3,12,Kolkata,2024-02-29 14:38:00,373.45,10,UPI,26,Delivered,3.5
1357,314,41,8,Kolkata,2024-10-22 14:20:00,216.53,10,Wallet,47,Delivered,4.1
1358,272,8,14,Ahmedabad,2024-05-30 20:13:00,99.0,50,Credit Card,32,Delivered,4.0
1359,179,26,7,Kolkata,2024-06-27 12:54:00,520.68,0,Wallet,34,Delivered,4.4
1360,283,32,5,Bangalore,2024-08-10 16:30:00,422.4,10,Cash on Delivery,33,Delivered,3.3
1361,51,11,7,Ahmedabad,2024-10-02 19:54:00,414.98,50,UPI,28,Cancelled,
1362,75,50,14,Hyderabad,2024-07-27 20:01:00,99.0,0,Debit Card,41,Delivered,3.3
1363,144,1,6,Mumbai,2024-06-01 20:57:00,125.34,50,UPI,30,Delivered,4.3
1364,343,15,14,Hyderabad,2024-12-24 19:41:00,99.0,0,Debit Card,32,Delivered,4.3
1365,188,4,12,Jaipur,2024-03-10 10:57:00,235.8,0,UPI,12,Cancelled,
1366,123,4,12,Jaipur,2024-04-08 09:10:00,419.97,0,Debit Card,39,Refunded,
1367,332,28,8,Hyderabad,2024-12-05 12:18:00,623.81,30,Credit Card,34,Delivered,4.6
1368,251,10,10,Mumbai,2024-08-01 18:59:00,178.18,10,UPI,26,Delivered,5.0
1369,296,11,7,Ahmedabad,2024-11-13 15:40:00,292.61,20,UPI,33,Delivered,3.9
1370,323,50,14,Hyderabad,2024-11-19 22:24:00,282.76,10,Credit Card,30,Delivered,4.5
1371,130,23,13,Delhi,2024-02-04 14:13:00,758.97,10,Wallet,20,Delivered,3.5
1372,252,47,10,Mumbai,2024-12-23 11:06:00,135.76,0,Credit Card,51,Cancelled,
1373,358,3,12,Kolkata,2024-01-30 10:48:00,298.3,0,Cash on Delivery,49,Delivered,2.5
1374,180,39,11,Lucknow,2024-05-23 22:53:00,99.0,0,UPI,42,Delivered,3.5
1375,349,39,11,Lucknow,2024-08-19 10:07:00,135.81,0,UPI,47,Delivered,3.8
1376,110,17,1,Kolkata,2024-07-28 19:15:00,399.03,0,Debit Card,30,Delivered,5.0
1377,338,22,4,Ahmedabad,2024-03-23 17:16:00,158.25,0,Cash on Delivery,35,Delivered,3.1
1378,78,52,2,Kolkata,2024-07-09 20:12:00,167.48,0,Credit Card,30,Delivered,4.5
1379,2,27,6,Ahmedabad,2024-01-07 18:09:00,351.71,50,Credit Card,38,Delivered,3.7
1380,321,56,1,Chennai,2024-02-03 11:24:00,860.2,50,Cash on Delivery,45,Delivered,4.4
1381,276,16,1,Lucknow,2024-01-06 15:17:00,573.35,0,UPI,34,Delivered,4.1
1382,290,16,1,Lucknow,2024-08-02 13:28:00,1029.83,50,UPI,22,Delivered,3.6
1383,297,40,6,Kolkata,2024-05-05 16:54:00,277.64,10,UPI,39,Delivered,4.7
1384,169,3,12,Kolkata,2024-12-02 21:23:00,266.83,30,UPI,29,Delivered,4.4
1385,240,52,2,Kolkata,2024-11-26 17:50:00,204.38,20,Wallet,44,Delivered,4.1
1386,23,47,10,Mumbai,2024-10-10 10:10:00,248.49,30,Debit Card,54,Delivered,4.3
1387,294,33,1,Mumbai,2024-06-14 20:13:00,247.66,10,Credit Card,46,Delivered,3.8
1388,172,42,9,Jaipur,2024-03-30 12:53:00,435.1,10,Wallet,33,Delivered,2.9
1389,323,2,12,Jaipur,2024-07-02 14:29:00,236.66,0,Wallet,36,Delivered,4.2
1390,318,39,11,Lucknow,2024-11-10 15:50:00,120.75,0,Credit Card,34,Delivered,5.0
1391,396,46,1,Kolkata,2024-10-02 13:58:00,282.88,0,Wallet,26,Delivered,4.6
1392,286,48,4,Pune,2024-11-22 16:44:00,107.9,20,UPI,30,Delivered,4.3
1393,343,27,6,Ahmedabad,2024-06-05 22:07:00,530.34,0,Wallet,33,Delivered,4.3
1394,193,60,1,Hyderabad,2024-11-07 13:03:00,124.08,30,UPI,33,Delivered,4.1
1395,169,15,14,Hyderabad,2024-02-04 18:02:00,202.53,30,Debit Card,23,Delivered,2.8
1396,118,7,14,Ahmedabad,2024-09-02 20:39:00,546.63,30,UPI,35,Delivered,3.5
1397,6,45,14,Bangalore,2024-01-07 18:00:00,176.01,10,Wallet,34,Delivered,4.1
1398,331,57,8,Delhi,2024-08-06 13:06:00,277.13,0,UPI,12,Cancelled,
1399,132,42,9,Jaipur,2024-06-20 14:40:00,211.59,50,Credit Card,34,Delivered,4.7
1400,93,9,11,Bangalore,2024-05-02 18:41:00,99.0,10,Debit Card,12,Delivered,5.0
1401,251,41,8,Kolkata,2024-06-26 22:35:00,228.07,10,Debit Card,25,Delivered,3.5
1402,10,6,4,Mumbai,2024-06-13 16:58:00,262.52,0,Cash on Delivery,23,Delivered,4.5
1403,51,56,1,Chennai,2024-07-27 10:47:00,599.44,10,Cash on Delivery,33,Delivered,2.8
1404,349,57,8,Delhi,2024-02-17 10:51:00,550.92,20,Cash on Delivery,28,Delivered,3.9
1405,294,12,12,Bangalore,2024-06-23 21:34:00,99.0,50,UPI,32,Delivered,4.1
1406,129,30,9,Ahmedabad,2024-04-25 21:47:00,209.32,10,UPI,54,Delivered,5.0
1407,392,55,5,Bangalore,2024-09-09 20:30:00,275.37,0,UPI,25,Delivered,3.6
1408,249,20,14,Kolkata,2024-04-04 08:59:00,219.74,0,Wallet,46,Delivered,3.9
1409,102,20,14,Kolkata,2024-01-24 11:22:00,347.44,30,Credit Card,41,Delivered,4.7
1410,337,54,1,Kolkata,2024-12-03 09:53:00,160.32,20,UPI,39,Delivered,3.7
1411,83,46,1,Kolkata,2024-07-24 09:14:00,205.59,30,Debit Card,47,Delivered,3.8
1412,191,27,6,Ahmedabad,2024-03-19 13:26:00,281.67,0,Credit Card,30,Delivered,3.2
1413,143,20,14,Kolkata,2024-09-27 09:35:00,193.17,0,UPI,34,Delivered,4.5
1414,237,59,11,Jaipur,2024-09-03 15:14:00,108.31,0,Cash on Delivery,27,Refunded,
1415,287,7,14,Ahmedabad,2024-07-08 22:12:00,931.82,20,UPI,11,Delivered,3.2
1416,277,40,6,Kolkata,2024-12-26 09:23:00,411.62,0,Debit Card,36,Delivered,4.7
1417,387,40,6,Kolkata,2024-12-17 20:31:00,293.31,30,Credit Card,52,Delivered,3.4
1418,382,30,9,Ahmedabad,2024-09-12 21:51:00,161.66,0,UPI,21,Delivered,3.6
1419,291,8,14,Ahmedabad,2024-08-28 20:00:00,137.25,30,Wallet,22,Delivered,3.4
1420,169,2,12,Jaipur,2024-02-03 21:14:00,171.92,0,UPI,38,Delivered,3.9
1421,144,14,7,Mumbai,2024-08-23 21:56:00,252.15,0,UPI,33,Delivered,4.7
1422,184,10,10,Mumbai,2024-12-14 09:17:00,264.04,0,Wallet,50,Delivered,3.7
1423,45,50,14,Hyderabad,2024-07-10 20:24:00,342.08,0,UPI,30,Refunded,
1424,243,18,9,Lucknow,2024-02-07 21:07:00,707.48,50,UPI,50,Delivered,3.5
1425,315,18,9,Lucknow,2024-12-12 13:01:00,562.58,10,UPI,39,Delivered,4.1
1426,268,16,1,Lucknow,2024-07-27 12:13:00,1048.67,10,Debit Card,46,Delivered,4.1
1427,253,52,2,Kolkata,2024-03-29 15:29:00,359.38,0,UPI,27,Delivered,4.5
1428,396,5,12,Ahmedabad,2024-04-02 11:20:00,521.73,0,Debit Card,33,Delivered,3.3
1429,289,52,2,Kolkata,2024-09-01 13:34:00,201.85,10,UPI,37,Delivered,4.2
1430,212,31,14,Chennai,2024-09-28 09:57:00,157.75,0,UPI,39,Delivered,4.8
1431,177,37,8,Mumbai,2024-05-07 08:42:00,851.1,0,Debit Card,28,Delivered,3.5
1432,21,20,14,Kolkata,2024-09-29 17:54:00,144.36,20,UPI,30,Delivered,4.2
1433,316,23,13,Delhi,2024-05-09 11:20:00,818.83,0,Credit Card,50,Delivered,3.5
1434,52,32,5,Bangalore,2024-12-15 13:16:00,432.81,0,Debit Card,44,Delivered,4.8
1435,233,42,9,Jaipur,2024-11-20 12:19:00,425.91,30,Wallet,23,Delivered,5.0
1436,123,17,1,Kolkata,2024-01-16 10:40:00,420.04,50,UPI,38,Delivered,3.4
1437,362,13,9,Bangalore,2024-06-13 15:08:00,308.66,0,Credit Card,47,Delivered,4.3
1438,100,49,12,Pune,2024-07-15 17:56:00,99.0,10,UPI,28,Delivered,4.3
1439,214,50,14,Hyderabad,2024-11-17 16:42:00,156.74,0,Cash on Delivery,40,Delivered,4.2
1440,327,13,9,Bangalore,2024-04-09 13:21:00,377.03,10,Wallet,41,Delivered,4.0
1441,135,17,1,Kolkata,2024-10-04 09:54:00,530.85,10,Wallet,18,Delivered,3.8
1442,318,60,1,Hyderabad,2024-06-05 13:58:00,99.0,10,UPI,27,Delivered,3.2
1443,218,15,14,Hyderabad,2024-04-06 09:06:00,106.96,30,UPI,30,Delivered,4.0
1444,88,26,7,Kolkata,2024-04-06 08:23:00,607.54,10,Credit Card,35,Delivered,4.6
1445,280,44,1,Lucknow,2024-05-11 11:17:00,324.56,10,UPI,30,Delivered,4.8
1446,40,28,8,Hyderabad,2024-10-09 18:58:00,722.53,20,Cash on Delivery,39,Delivered,4.2
1447,240,42,9,Jaipur,2024-02-01 08:27:00,503.42,20,UPI,32,Delivered,3.5
1448,332,45,14,Bangalore,2024-04-15 16:54:00,129.28,10,Debit Card,19,Delivered,3.3
1449,136,30,9,Ahmedabad,2024-08-15 19:05:00,337.07,30,Wallet,10,Delivered,3.7
1450,182,43,4,Lucknow,2024-11-13 09:22:00,412.04,0,UPI,30,Delivered,3.0
1451,265,35,10,Hyderabad,2024-12-27 15:55:00,376.22,0,Debit Card,37,Delivered,2.6
1452,259,22,4,Ahmedabad,2024-04-22 20:55:00,137.55,0,UPI,35,Delivered,3.3
1453,182,10,10,Mumbai,2024-01-18 13:12:00,165.05,10,UPI,24,Delivered,4.3
1454,21,11,7,Ahmedabad,2024-04-22 12:42:00,436.73,0,UPI,43,Delivered,3.1
1455,351,38,15,Hyderabad,2024-10-21 20:41:00,120.35,0,UPI,31,Cancelled,
1456,196,33,1,Mumbai,2024-03-19 09:22:00,390.21,50,UPI,44,Delivered,4.3
1457,212,6,4,Mumbai,2024-06-30 10:29:00,185.01,0,Debit Card,44,Delivered,3.6
1458,16,37,8,Mumbai,2024-09-06 09:57:00,299.89,0,Cash on Delivery,43,Delivered,4.8
1459,202,7,14,Ahmedabad,2024-07-14 10:06:00,940.43,0,UPI,41,Delivered,3.7
1460,363,54,1,Kolkata,2024-09-04 09:41:00,243.36,0,Wallet,23,Cancelled,
1461,218,44,1,Lucknow,2024-09-19 15:05:00,396.38,10,Cash on Delivery,33,Delivered,3.8
1462,93,12,12,Bangalore,2024-07-11 11:45:00,144.04,50,Cash on Delivery,50,Cancelled,
1463,133,7,14,Ahmedabad,2024-10-31 11:49:00,900.33,10,Credit Card,33,Delivered,3.6
1464,139,2,12,Jaipur,2024-12-28 20:20:00,121.22,20,UPI,20,Delivered,3.7
1465,157,60,1,Hyderabad,2024-11-29 16:58:00,114.42,0,Cash on Delivery,42,Delivered,4.2
1466,335,1,6,Mumbai,2024-11-27 17:50:00,128.41,0,Wallet,40,Delivered,4.3
1467,70,23,13,Delhi,2024-07-02 10:05:00,566.79,0,UPI,34,Delivered,4.1
1468,304,25,3,Kolkata,2024-05-07 11:23:00,106.96,0,Cash on Delivery,32,Delivered,3.3
1469,15,18,9,Lucknow,2024-11-23 08:53:00,790.45,50,UPI,37,Delivered,4.3
1470,235,44,1,Lucknow,2024-08-28 08:23:00,382.05,30,Cash on Delivery,43,Delivered,3.4
1471,212,7,14,Ahmedabad,2024-03-23 13:56:00,460.97,50,UPI,36,Delivered,3.4
1472,290,51,7,Kolkata,2024-11-11 10:29:00,191.72,50,Debit Card,41,Delivered,3.8
1473,60,54,1,Kolkata,2024-01-22 18:19:00,207.79,20,Debit Card,52,Delivered,4.6
1474,252,3,12,Kolkata,2024-05-05 20:50:00,330.1,0,UPI,32,Delivered,3.4
1475,2,29,11,Bangalore,2024-02-11 09:00:00,395.19,0,UPI,62,Delivered,4.3
1476,236,10,10,Mumbai,2024-01-31 21:47:00,99.0,30,Wallet,53,Delivered,2.6
1477,336,59,11,Jaipur,2024-09-03 17:16:00,131.46,10,Credit Card,30,Delivered,4.4
1478,19,59,11,Jaipur,2024-10-20 21:22:00,132.79,30,Debit Card,55,Delivered,4.7
1479,49,43,4,Lucknow,2024-07-25 21:55:00,466.88,10,Debit Card,30,Delivered,4.5
1480,78,5,12,Ahmedabad,2024-10-04 10:55:00,265.72,0,Wallet,59,Delivered,4.1
1481,28,34,3,Bangalore,2024-02-26 19:33:00,246.48,0,UPI,32,Delivered,3.7
1482,48,8,14,Ahmedabad,2024-10-17 09:00:00,103.41,0,Wallet,40,Delivered,3.5
1483,96,14,7,Mumbai,2024-11-03 12:28:00,201.82,0,UPI,40,Refunded,
1484,165,40,6,Kolkata,2024-07-16 12:00:00,357.91,20,UPI,31,Delivered,3.6
1485,365,55,5,Bangalore,2024-06-27 08:26:00,272.69,30,Debit Card,39,Delivered,3.7
1486,176,6,4,Mumbai,2024-10-03 12:15:00,112.27,0,Wallet,47,Delivered,4.7
1487,73,1,6,Mumbai,2024-03-01 13:39:00,104.21,50,UPI,36,Delivered,4.0
1488,356,56,1,Chennai,2024-01-26 19:00:00,984.53,0,Credit Card,38,Delivered,4.6
1489,29,33,1,Mumbai,2024-04-09 17:42:00,404.3,50,Credit Card,43,Refunded,
1490,157,40,6,Kolkata,2024-09-29 16:58:00,196.02,0,UPI,24,Cancelled,
1491,314,11,7,Ahmedabad,2024-01-23 14:43:00,454.3,30,Wallet,36,Delivered,5.0
1492,304,50,14,Hyderabad,2024-06-29 14:43:00,163.54,20,Debit Card,48,Delivered,5.0
1493,279,24,9,Mumbai,2024-11-30 09:45:00,125.17,0,Cash on Delivery,32,Cancelled,
1494,283,10,10,Mumbai,2024-07-24 21:15:00,261.0,50,Credit Card,41,Delivered,4.1
1495,7,44,1,Lucknow,2024-11-22 10:01:00,405.08,0,UPI,18,Delivered,3.8
1496,305,52,2,Kolkata,2024-01-10 09:16:00,228.87,20,Debit Card,36,Delivered,4.6
1497,182,23,13,Delhi,2024-05-19 13:21:00,404.71,10,Credit Card,34,Delivered,4.6
1498,109,16,1,Lucknow,2024-10-14 16:19:00,1166.29,0,Cash on Delivery,36,Delivered,4.4
1499,324,37,8,Mumbai,2024-05-08 13:46:00,1158.61,50,UPI,33,Delivered,5.0
1500,206,16,1,Lucknow,2024-02-27 13:18:00,1036.44,10,Credit Card,47,Delivered,3.5
1501,234,56,1,Chennai,2024-02-14 08:22:00,818.34,20,Wallet,26,Delivered,4.3
1502,187,44,1,Lucknow,2024-01-23 17:12:00,308.2,20,Cash on Delivery,31,Delivered,4.1
1503,329,31,14,Chennai,2024-11-30 19:26:00,169.68,10,UPI,27,Delivered,4.5
1504,357,6,4,Mumbai,2024-10-08 08:14:00,197.26,0,Wallet,22,Delivered,3.8
1505,8,30,9,Ahmedabad,2024-02-05 20:54:00,209.13,30,Debit Card,34,Delivered,4.3
1506,53,37,8,Mumbai,2024-07-10 18:56:00,618.09,20,Debit Card,26,Delivered,3.0
1507,398,1,6,Mumbai,2024-03-09 20:01:00,177.32,0,UPI,37,Delivered,4.1
1508,199,51,7,Kolkata,2024-02-24 17:32:00,161.12,30,Credit Card,38,Refunded,
1509,391,42,9,Jaipur,2024-12-01 14:37:00,285.01,0,Cash on Delivery,37,Delivered,5.0
1510,137,25,3,Kolkata,2024-04-28 21:28:00,99.0,20,UPI,41,Delivered,3.8
1511,259,46,1,Kolkata,2024-06-02 10:14:00,276.67,30,UPI,12,Delivered,4.0
1512,334,57,8,Delhi,2024-03-07 14:28:00,340.52,10,UPI,50,Delivered,4.7
1513,172,21,9,Jaipur,2024-02-03 08:40:00,311.72,10,UPI,34,Delivered,4.4
1514,86,35,10,Hyderabad,2024-06-17 14:06:00,814.47,0,Cash on Delivery,42,Delivered,3.1
1515,46,38,15,Hyderabad,2024-01-03 17:31:00,169.29,10,UPI,25,Delivered,4.0
1516,346,5,12,Ahmedabad,2024-10-13 09:42:00,432.64,0,UPI,22,Delivered,4.3
1517,186,49,12,Pune,2024-04-14 08:13:00,113.24,0,Wallet,40,Cancelled,
1518,156,50,14,Hyderabad,2024-06-28 13:38:00,272.65,0,Credit Card,42,Delivered,4.9
1519,398,12,12,Bangalore,2024-01-10 14:25:00,165.12,20,UPI,23,Delivered,4.8
1520,9,5,12,Ahmedabad,2024-08-13 21:35:00,615.5,0,Credit Card,41,Delivered,4.1
1521,115,9,11,Bangalore,2024-05-05 19:16:00,99.0,20,UPI,42,Delivered,4.5
1522,154,44,1,Lucknow,2024-04-06 17:50:00,206.55,0,UPI,41,Delivered,4.1
1523,130,52,2,Kolkata,2024-07-09 22:41:00,185.63,20,Debit Card,37,Delivered,3.8
1524,331,9,11,Bangalore,2024-11-02 19:55:00,105.23,20,Cash on Delivery,38,Delivered,4.8
1525,81,35,10,Hyderabad,2024-07-26 16:31:00,390.28,0,Wallet,52,Delivered,4.7
1526,384,1,6,Mumbai,2024-01-15 21:26:00,208.35,0,Cash on Delivery,29,Delivered,4.3
1527,290,54,1,Kolkata,2024-10-10 08:45:00,99.0,0,Wallet,44,Delivered,3.7
1528,147,47,10,Mumbai,2024-07-05 09:57:00,280.69,10,Wallet,39,Delivered,4.1
1529,295,10,10,Mumbai,2024-05-09 22:35:00,207.58,50,Cash on Delivery,21,Delivered,4.1
1530,269,46,1,Kolkata,2024-04-23 14:12:00,341.41,50,Wallet,21,Delivered,4.7
1531,133,39,11,Lucknow,2024-09-27 16:22:00,99.0,0,Debit Card,37,Delivered,3.9
1532,50,36,12,Bangalore,2024-10-04 22:25:00,908.81,10,UPI,19,Delivered,4.1
1533,23,58,1,Lucknow,2024-07-21 17:24:00,285.78,20,UPI,11,Cancelled,
1534,378,37,8,Mumbai,2024-04-10 18:52:00,804.93,30,UPI,68,Delivered,4.2
1535,376,52,2,Kolkata,2024-06-14 16:44:00,146.81,0,Wallet,25,Delivered,3.9
1536,88,48,4,Pune,2024-12-09 15:45:00,153.61,50,Debit Card,44,Delivered,4.3
1537,112,35,10,Hyderabad,2024-04-29 08:16:00,455.55,0,Cash on Delivery,37,Delivered,4.2
1538,111,17,1,Kolkata,2024-08-03 12:56:00,339.68,10,UPI,58,Delivered,3.6
1539,72,13,9,Bangalore,2024-05-09 16:59:00,413.41,0,Credit Card,54,Delivered,3.8
1540,154,6,4,Mumbai,2024-11-13 15:08:00,312.2,0,UPI,41,Cancelled,
1541,57,58,1,Lucknow,2024-11-19 08:16:00,309.61,0,Wallet,21,Delivered,3.3
1542,257,37,8,Mumbai,2024-04-26 09:47:00,423.49,0,Wallet,50,Delivered,3.7
1543,156,48,4,Pune,2024-04-03 15:57:00,99.0,0,Cash on Delivery,23,Delivered,5.0
1544,113,32,5,Bangalore,2024-07-21 12:20:00,378.66,0,UPI,46,Delivered,4.5
1545,318,11,7,Ahmedabad,2024-07-01 20:23:00,246.61,10,UPI,25,Delivered,3.6
1546,47,17,1,Kolkata,2024-03-14 20:16:00,404.79,0,UPI,30,Delivered,4.0
1547,238,5,12,Ahmedabad,2024-09-30 17:47:00,373.53,0,UPI,58,Delivered,3.6
1548,334,6,4,Mumbai,2024-07-30 12:44:00,327.56,50,Cash on Delivery,37,Delivered,4.5
1549,106,10,10,Mumbai,2024-03-22 08:08:00,153.03,20,UPI,27,Delivered,4.3
1550,187,53,3,Pune,2024-01-14 08:28:00,584.16,20,Credit Card,33,Delivered,4.5
1551,159,33,1,Mumbai,2024-08-10 11:17:00,294.28,50,Debit Card,37,Cancelled,
1552,198,30,9,Ahmedabad,2024-02-16 18:43:00,110.18,0,Credit Card,26,Delivered,3.9
1553,382,21,9,Jaipur,2024-09-21 20:14:00,627.91,0,UPI,42,Delivered,4.7
1554,177,42,9,Jaipur,2024-06-03 22:27:00,307.75,30,Wallet,27,Delivered,3.4
1555,261,17,1,Kolkata,2024-09-03 10:25:00,564.7,50,Credit Card,14,Delivered,3.7
1556,287,27,6,Ahmedabad,2024-01-26 16:25:00,323.02,0,Cash on Delivery,33,Delivered,3.9
1557,293,3,12,Kolkata,2024-06-02 21:27:00,188.3,0,UPI,29,Delivered,4.6
1558,335,60,1,Hyderabad,2024-12-03 12:02:00,99.0,50,Cash on Delivery,36,Refunded,
1559,143,29,11,Bangalore,2024-10-24 10:16:00,249.57,10,UPI,33,Delivered,3.8
1560,308,2,12,Jaipur,2024-03-16 08:55:00,155.68,0,Debit Card,44,Delivered,3.5
1561,197,29,11,Bangalore,2024-11-14 10:42:00,336.23,20,Credit Card,42,Delivered,4.1
1562,225,49,12,Pune,2024-02-18 14:25:00,291.57,0,UPI,15,Delivered,5.0
1563,395,36,12,Bangalore,2024-12-20 15:51:00,730.71,0,UPI,35,Delivered,3.5
1564,43,34,3,Bangalore,2024-12-21 12:53:00,109.95,30,Wallet,31,Delivered,4.8
1565,151,37,8,Mumbai,2024-09-19 21:45:00,1137.77,30,UPI,32,Refunded,
1566,296,42,9,Jaipur,2024-12-21 15:53:00,355.68,20,Cash on Delivery,17,Delivered,4.1
1567,63,1,6,Mumbai,2024-11-13 08:48:00,131.03,0,Debit Card,10,Delivered,4.1
1568,130,60,1,Hyderabad,2024-01-25 17:53:00,99.0,0,UPI,50,Delivered,3.7
1569,255,26,7,Kolkata,2024-05-23 17:07:00,460.8,50,UPI,33,Delivered,4.5
1570,343,1,6,Mumbai,2024-06-05 14:27:00,99.0,30,UPI,38,Delivered,4.7
1571,214,59,11,Jaipur,2024-05-13 11:15:00,117.25,0,Debit Card,28,Delivered,5.0
1572,73,58,1,Lucknow,2024-03-11 16:13:00,188.47,20,Credit Card,21,Delivered,4.3
1573,104,4,12,Jaipur,2024-10-25 17:25:00,361.14,0,Wallet,30,Delivered,3.7
1574,158,39,11,Lucknow,2024-11-29 14:32:00,152.78,20,Debit Card,25,Delivered,5.0
1575,272,14,7,Mumbai,2024-01-26 16:44:00,320.84,0,Cash on Delivery,41,Delivered,3.8
1576,315,46,1,Kolkata,2024-07-30 22:02:00,370.91,0,UPI,38,Delivered,3.6
1577,238,18,9,Lucknow,2024-03-08 20:25:00,597.67,50,Debit Card,42,Delivered,4.3
1578,303,34,3,Bangalore,2024-01-02 21:43:00,243.8,50,UPI,39,Delivered,3.5
1579,372,1,6,Mumbai,2024-10-12 08:11:00,168.15,30,UPI,16,Delivered,3.8
1580,158,53,3,Pune,2024-08-05 19:32:00,491.81,0,Cash on Delivery,31,Delivered,4.5
1581,109,22,4,Ahmedabad,2024-09-25 21:23:00,154.96,10,Cash on Delivery,27,Delivered,5.0
1582,9,16,1,Lucknow,2024-04-07 19:25:00,994.04,0,UPI,37,Delivered,4.4
1583,321,22,4,Ahmedabad,2024-05-28 19:47:00,169.15,0,Cash on Delivery,28,Delivered,4.8
1584,59,50,14,Hyderabad,2024-03-06 17:08:00,208.18,50,Credit Card,38,Delivered,3.8
1585,358,16,1,Lucknow,2024-03-27 22:12:00,955.45,50,Wallet,39,Cancelled,
1586,192,28,8,Hyderabad,2024-10-05 08:47:00,530.24,30,UPI,32,Delivered,4.3
1587,136,28,8,Hyderabad,2024-05-09 11:19:00,505.06,20,UPI,38,Delivered,2.9
1588,251,55,5,Bangalore,2024-07-05 21:02:00,438.71,0,Cash on Delivery,39,Delivered,3.3
1589,379,22,4,Ahmedabad,2024-07-01 19:39:00,148.4,10,Debit Card,36,Cancelled,
1590,146,56,1,Chennai,2024-11-17 11:13:00,1113.77,20,Debit Card,39,Delivered,4.2
1591,347,6,4,Mumbai,2024-09-28 10:33:00,295.23,20,Debit Card,42,Delivered,4.3
1592,352,25,3,Kolkata,2024-02-13 20:45:00,99.0,0,Wallet,31,Delivered,4.6
1593,58,42,9,Jaipur,2024-05-13 20:35:00,360.8,0,Debit Card,28,Delivered,4.0
1594,177,2,12,Jaipur,2024-10-04 09:11:00,147.2,0,Debit Card,38,Delivered,5.0
1595,288,7,14,Ahmedabad,2024-06-28 18:53:00,1051.03,30,Cash on Delivery,29,Delivered,4.4
1596,245,53,3,Pune,2024-08-09 12:50:00,613.42,10,Wallet,35,Delivered,3.0
1597,48,17,1,Kolkata,2024-03-11 10:05:00,374.61,0,UPI,34,Delivered,3.0
1598,301,35,10,Hyderabad,2024-03-24 18:52:00,220.13,0,Debit Card,52,Delivered,4.2
1599,356,20,14,Kolkata,2024-04-16 12:47:00,251.55,0,Debit Card,43,Delivered,4.0
1600,100,44,1,Lucknow,2024-05-14 18:04:00,311.96,50,UPI,47,Refunded,
1601,213,2,12,Jaipur,2024-01-11 22:02:00,206.63,20,Credit Card,39,Delivered,4.2
1602,302,7,14,Ahmedabad,2024-03-09 14:52:00,419.22,0,UPI,38,Delivered,3.9
1603,165,32,5,Bangalore,2024-10-19 16:14:00,340.78,0,UPI,39,Delivered,3.7
1604,400,49,12,Pune,2024-04-02 13:16:00,210.62,30,Wallet,30,Cancelled,
1605,126,19,11,Jaipur,2024-06-02 12:07:00,491.62,0,UPI,24,Delivered,3.7
1606,302,12,12,Bangalore,2024-05-28 16:10:00,154.1,50,Debit Card,41,Delivered,4.1
1607,121,9,11,Bangalore,2024-11-23 17:23:00,113.15,50,UPI,40,Delivered,4.6
1608,88,27,6,Ahmedabad,2024-02-04 14:13:00,172.62,0,Debit Card,49,Delivered,3.5
1609,217,14,7,Mumbai,2024-01-14 17:11:00,262.97,20,UPI,44,Delivered,4.0
1610,61,2,12,Jaipur,2024-10-20 19:54:00,161.05,50,Credit Card,31,Delivered,5.0
1611,302,21,9,Jaipur,2024-08-25 09:40:00,511.27,0,Wallet,24,Delivered,3.1
1612,179,4,12,Jaipur,2024-01-10 17:16:00,378.69,10,UPI,38,Refunded,
1613,190,60,1,Hyderabad,2024-05-24 10:30:00,99.0,20,UPI,35,Delivered,4.5
1614,163,51,7,Kolkata,2024-09-13 19:38:00,175.57,10,Credit Card,29,Delivered,4.0
1615,81,21,9,Jaipur,2024-01-04 17:12:00,354.02,0,UPI,40,Delivered,3.6
1616,170,48,4,Pune,2024-12-19 17:20:00,236.82,0,UPI,23,Delivered,3.8
1617,301,22,4,Ahmedabad,2024-08-01 16:03:00,275.01,20,UPI,29,Delivered,4.7
1618,374,49,12,Pune,2024-12-03 12:18:00,124.29,50,Credit Card,64,Delivered,4.0
1619,196,2,12,Jaipur,2024-05-09 19:16:00,176.25,0,Cash on Delivery,25,Delivered,3.5
1620,203,17,1,Kolkata,2024-11-25 09:05:00,251.73,0,Debit Card,39,Delivered,3.6
1621,47,19,11,Jaipur,2024-05-04 10:10:00,493.64,0,Debit Card,45,Cancelled,
1622,158,40,6,Kolkata,2024-05-19 16:01:00,240.55,0,UPI,43,Delivered,3.8
1623,194,24,9,Mumbai,2024-01-08 17:10:00,245.39,10,Wallet,42,Delivered,4.6
1624,279,20,14,Kolkata,2024-05-03 12:35:00,295.59,20,UPI,40,Delivered,3.8
1625,317,38,15,Hyderabad,2024-01-10 12:19:00,107.86,0,Wallet,35,Delivered,4.1
1626,269,12,12,Bangalore,2024-04-21 15:35:00,99.0,30,UPI,49,Delivered,3.7
1627,199,25,3,Kolkata,2024-12-27 19:13:00,99.0,0,Wallet,49,Delivered,3.9
1628,224,23,13,Delhi,2024-08-27 13:49:00,955.26,10,Debit Card,45,Delivered,4.0
1629,263,50,14,Hyderabad,2024-12-07 12:43:00,244.79,0,UPI,51,Cancelled,
1630,166,59,11,Jaipur,2024-11-01 21:38:00,99.0,30,Wallet,45,Delivered,3.5
1631,180,34,3,Bangalore,2024-01-20 15:22:00,220.84,0,UPI,32,Delivered,3.6
1632,192,32,5,Bangalore,2024-05-14 16:00:00,374.89,0,Cash on Delivery,28,Delivered,3.8
1633,397,51,7,Kolkata,2024-10-20 13:43:00,198.89,10,Wallet,39,Delivered,5.0
1634,216,24,9,Mumbai,2024-03-26 19:09:00,205.02,0,UPI,38,Delivered,4.1
1635,284,42,9,Jaipur,2024-05-24 10:49:00,508.05,30,UPI,40,Delivered,3.6
1636,352,25,3,Kolkata,2024-10-20 15:50:00,99.0,30,Debit Card,50,Delivered,4.6
1637,107,3,12,Kolkata,2024-09-22 15:07:00,271.38,50,Debit Card,31,Delivered,4.6
1638,98,25,3,Kolkata,2024-09-04 13:20:00,99.0,0,Wallet,33,Delivered,3.6
1639,368,28,8,Hyderabad,2024-02-26 21:38:00,610.85,0,Cash on Delivery,38,Refunded,
1640,230,12,12,Bangalore,2024-10-15 18:17:00,99.0,30,UPI,34,Delivered,5.0
1641,257,26,7,Kolkata,2024-08-07 16:51:00,638.52,20,Cash on Delivery,17,Delivered,4.3
1642,43,48,4,Pune,2024-12-17 19:47:00,304.98,50,Wallet,30,Delivered,4.4
1643,242,44,1,Lucknow,2024-10-24 18:09:00,175.08,10,UPI,25,Delivered,4.3
1644,42,8,14,Ahmedabad,2024-04-19 16:51:00,120.81,10,UPI,49,Delivered,4.3
1645,95,5,12,Ahmedabad,2024-02-01 17:25:00,597.79,20,Credit Card,27,Delivered,4.0
1646,254,11,7,Ahmedabad,2024-01-25 18:22:00,338.25,30,Wallet,35,Delivered,4.5
1647,188,42,9,Jaipur,2024-08-13 16:51:00,311.5,30,UPI,36,Delivered,3.9
1648,385,35,10,Hyderabad,2024-08-19 21:22:00,677.08,10,Wallet,40,Delivered,5.0
1649,307,27,6,Ahmedabad,2024-10-13 14:39:00,529.01,10,Wallet,38,Delivered,2.9
1650,400,55,5,Bangalore,2024-10-15 12:01:00,283.86,0,UPI,38,Delivered,3.6
1651,167,41,8,Kolkata,2024-01-18 22:32:00,168.8,0,Credit Card,26,Delivered,4.3
1652,271,44,1,Lucknow,2024-08-16 09:19:00,398.05,0,UPI,32,Delivered,4.1
1653,125,38,15,Hyderabad,2024-10-17 10:49:00,99.0,20,UPI,21,Delivered,3.8
1654,161,19,11,Jaipur,2024-09-02 09:45:00,713.1,20,Credit Card,39,Delivered,4.2
1655,87,48,4,Pune,2024-09-10 15:07:00,297.93,0,Cash on Delivery,27,Delivered,3.4
1656,309,53,3,Pune,2024-01-30 19:52:00,677.22,0,Debit Card,48,Delivered,3.5
1657,226,55,5,Bangalore,2024-12-08 11:48:00,275.71,0,Wallet,15,Delivered,4.0
1658,145,56,1,Chennai,2024-05-18 09:57:00,176.84,0,UPI,54,Delivered,4.3
1659,345,32,5,Bangalore,2024-08-05 11:32:00,377.83,0,Credit Card,37,Delivered,3.7
1660,248,46,1,Kolkata,2024-01-13 15:24:00,382.37,50,Cash on Delivery,32,Refunded,
1661,362,28,8,Hyderabad,2024-11-19 17:18:00,960.84,30,UPI,41,Delivered,3.0
1662,6,36,12,Bangalore,2024-07-28 12:29:00,847.95,0,Credit Card,50,Cancelled,
1663,31,18,9,Lucknow,2024-10-01 17:22:00,596.81,0,Debit Card,54,Delivered,4.2
1664,197,10,10,Mumbai,2024-09-07 13:15:00,261.46,0,Wallet,35,Delivered,4.4
1665,232,32,5,Bangalore,2024-11-16 19:23:00,211.24,0,Credit Card,15,Delivered,3.4
1666,296,18,9,Lucknow,2024-02-03 12:56:00,711.56,20,Credit Card,34,Delivered,3.9
1667,325,12,12,Bangalore,2024-01-18 16:47:00,228.29,0,Wallet,30,Delivered,4.6
1668,135,51,7,Kolkata,2024-01-05 17:29:00,113.8,0,UPI,42,Delivered,3.4
1669,13,8,14,Ahmedabad,2024-06-30 20:18:00,118.28,0,Credit Card,31,Delivered,4.1
1670,4,33,1,Mumbai,2024-10-11 10:25:00,189.15,20,Debit Card,24,Delivered,3.7
1671,178,46,1,Kolkata,2024-04-13 18:57:00,201.08,10,UPI,30,Delivered,5.0
1672,234,55,5,Bangalore,2024-09-06 22:11:00,263.46,0,Debit Card,49,Delivered,3.4
1673,259,38,15,Hyderabad,2024-04-17 19:17:00,110.61,0,UPI,36,Delivered,3.0
1674,140,14,7,Mumbai,2024-03-17 12:21:00,405.06,30,Wallet,45,Delivered,4.5
1675,65,2,12,Jaipur,2024-09-14 22:36:00,127.32,10,Cash on Delivery,31,Delivered,3.9
1676,283,9,11,Bangalore,2024-10-08 17:23:00,117.83,20,UPI,47,Delivered,3.5
1677,363,44,1,Lucknow,2024-07-22 14:39:00,350.97,30,UPI,26,Delivered,3.8
1678,306,5,12,Ahmedabad,2024-09-10 19:08:00,411.67,50,Cash on Delivery,27,Refunded,
1679,205,34,3,Bangalore,2024-02-01 22:36:00,257.36,50,UPI,49,Delivered,5.0
1680,17,19,11,Jaipur,2024-01-05 18:09:00,600.23,50,Debit Card,48,Delivered,4.1
1681,200,7,14,Ahmedabad,2024-11-03 20:40:00,688.47,10,UPI,16,Cancelled,
1682,32,39,11,Lucknow,2024-06-29 21:49:00,105.84,20,UPI,45,Delivered,5.0
1683,212,42,9,Jaipur,2024-05-22 17:55:00,284.85,20,UPI,22,Delivered,3.4
1684,273,17,1,Kolkata,2024-05-06 14:39:00,293.73,30,UPI,46,Delivered,4.8
1685,290,26,7,Kolkata,2024-12-20 22:14:00,496.77,50,Credit Card,45,Delivered,3.5
1686,291,46,1,Kolkata,2024-08-27 11:20:00,306.06,20,Cash on Delivery,51,Delivered,4.8
1687,234,27,6,Ahmedabad,2024-07-16 08:03:00,359.98,0,Debit Card,52,Delivered,4.8
1688,182,43,4,Lucknow,2024-01-11 19:25:00,611.3,20,Debit Card,37,Delivered,3.5
1689,146,28,8,Hyderabad,2024-05-30 20:20:00,698.09,30,Credit Card,33,Delivered,4.4
1690,50,20,14,Kolkata,2024-08-24 20:48:00,312.15,10,UPI,35,Cancelled,
1691,103,6,4,Mumbai,2024-08-06 14:39:00,178.33,0,UPI,34,Delivered,4.2
1692,33,8,14,Ahmedabad,2024-05-30 18:15:00,125.84,20,UPI,32,Delivered,4.7
1693,89,32,5,Bangalore,2024-07-07 22:03:00,461.44,0,Debit Card,33,Delivered,3.4
1694,385,19,11,Jaipur,2024-04-13 22:52:00,296.51,0,Cash on Delivery,46,Delivered,3.9
1695,341,32,5,Bangalore,2024-12-27 16:43:00,371.77,20,Credit Card,22,Delivered,4.1
1696,315,19,11,Jaipur,2024-03-30 12:47:00,595.41,0,Debit Card,46,Refunded,
1697,241,24,9,Mumbai,2024-12-18 19:08:00,99.0,0,UPI,35,Delivered,5.0
1698,266,24,9,Mumbai,2024-01-12 12:53:00,137.88,50,Wallet,20,Refunded,
1699,223,56,1,Chennai,2024-08-31 13:27:00,407.34,30,Wallet,41,Delivered,4.1
1700,236,17,1,Kolkata,2024-11-07 10:04:00,330.64,0,UPI,19,Delivered,3.5
1701,153,56,1,Chennai,2024-08-13 20:38:00,983.49,0,Credit Card,36,Delivered,4.3
1702,57,56,1,Chennai,2024-04-15 20:47:00,929.61,0,Debit Card,56,Delivered,3.5
1703,322,18,9,Lucknow,2024-02-27 21:10:00,636.28,10,Credit Card,31,Delivered,3.1
1704,375,12,12,Bangalore,2024-02-11 13:03:00,196.3,0,Wallet,31,Delivered,4.0
1705,112,41,8,Kolkata,2024-06-29 08:06:00,239.8,0,Cash on Delivery,43,Delivered,4.3
1706,15,23,13,Delhi,2024-02-25 16:07:00,1036.9,30,Debit Card,41,Delivered,4.2
1707,269,56,1,Chennai,2024-04-10 10:09:00,730.08,0,Credit Card,41,Delivered,4.1
1708,114,48,4,Pune,2024-06-19 16:14:00,232.34,20,UPI,30,Delivered,5.0
1709,252,18,9,Lucknow,2024-06-14 22:04:00,1508.66,0,UPI,40,Delivered,5.0
1710,374,16,1,Lucknow,2024-08-08 10:53:00,680.35,20,UPI,29,Refunded,
1711,142,16,1,Lucknow,2024-11-02 17:11:00,735.38,0,UPI,40,Delivered,3.6
1712,114,36,12,Bangalore,2024-01-04 22:17:00,714.25,50,Wallet,34,Delivered,4.7
1713,290,23,13,Delhi,2024-12-01 15:35:00,729.64,10,Credit Card,43,Delivered,5.0
1714,357,22,4,Ahmedabad,2024-10-07 14:11:00,233.49,0,Wallet,44,Delivered,5.0
1715,25,39,11,Lucknow,2024-04-07 11:36:00,101.74,50,Cash on Delivery,39,Delivered,4.7
1716,368,33,1,Mumbai,2024-01-09 20:52:00,236.22,50,Cash on Delivery,27,Delivered,4.0
1717,310,24,9,Mumbai,2024-05-25 18:34:00,201.08,30,UPI,20,Delivered,3.3
1718,255,55,5,Bangalore,2024-03-03 16:54:00,210.53,20,Credit Card,24,Delivered,3.5
1719,268,20,14,Kolkata,2024-08-13 16:13:00,120.36,0,UPI,25,Delivered,4.4
1720,126,33,1,Mumbai,2024-09-16 20:40:00,537.4,50,Wallet,65,Delivered,4.3
1721,393,31,14,Chennai,2024-09-11 20:49:00,126.07,0,Wallet,42,Delivered,4.1
1722,250,40,6,Kolkata,2024-07-25 19:41:00,278.75,0,UPI,37,Delivered,4.6
1723,287,58,1,Lucknow,2024-12-01 19:51:00,99.0,20,UPI,29,Delivered,4.8
1724,334,55,5,Bangalore,2024-03-09 09:41:00,287.42,0,Credit Card,44,Delivered,4.8
1725,53,8,14,Ahmedabad,2024-01-01 14:31:00,99.0,0,UPI,33,Delivered,4.5
1726,368,10,10,Mumbai,2024-08-05 08:47:00,106.71,50,Cash on Delivery,38,Delivered,4.4
1727,43,1,6,Mumbai,2024-09-07 18:23:00,125.16,30,Cash on Delivery,41,Delivered,3.8
1728,166,21,9,Jaipur,2024-06-22 17:53:00,397.05,0,Cash on Delivery,39,Delivered,4.2
1729,42,25,3,Kolkata,2024-03-30 08:37:00,122.52,30,Debit Card,36,Delivered,4.3
1730,380,32,5,Bangalore,2024-05-29 11:48:00,410.85,50,Credit Card,25,Delivered,4.1
1731,176,53,3,Pune,2024-02-28 16:03:00,271.63,30,UPI,36,Delivered,3.1
1732,67,46,1,Kolkata,2024-07-17 14:01:00,282.89,20,Cash on Delivery,46,Delivered,4.3
1733,66,46,1,Kolkata,2024-02-18 15:39:00,99.0,0,Wallet,43,Delivered,4.1
1734,400,10,10,Mumbai,2024-09-03 21:30:00,132.5,0,UPI,38,Delivered,4.0
1735,83,60,1,Hyderabad,2024-08-26 22:46:00,100.44,0,UPI,43,Refunded,
1736,350,51,7,Kolkata,2024-06-16 10:42:00,121.91,0,UPI,23,Delivered,4.4
1737,105,57,8,Delhi,2024-04-07 14:23:00,678.76,30,Cash on Delivery,33,Delivered,4.4
1738,400,48,4,Pune,2024-06-25 19:25:00,210.16,0,UPI,35,Delivered,4.8
1739,287,9,11,Bangalore,2024-03-20 16:46:00,118.78,0,Debit Card,24,Delivered,4.5
1740,374,20,14,Kolkata,2024-01-27 11:15:00,300.01,20,UPI,40,Delivered,3.9
1741,186,48,4,Pune,2024-07-13 13:48:00,173.41,50,Cash on Delivery,42,Delivered,4.9
1742,284,20,14,Kolkata,2024-12-07 09:56:00,170.09,0,Credit Card,37,Delivered,5.0
1743,4,59,11,Jaipur,2024-08-29 14:59:00,99.0,50,UPI,37,Delivered,4.1
1744,138,40,6,Kolkata,2024-10-31 19:54:00,315.04,0,UPI,29,Delivered,4.8
1745,179,7,14,Ahmedabad,2024-11-07 11:30:00,697.63,30,UPI,29,Delivered,4.2
1746,237,11,7,Ahmedabad,2024-02-13 22:57:00,470.91,30,Cash on Delivery,21,Delivered,4.8
1747,18,21,9,Jaipur,2024-12-08 13:52:00,495.91,30,Cash on Delivery,33,Delivered,4.9
1748,303,38,15,Hyderabad,2024-03-24 22:22:00,99.0,0,UPI,29,Delivered,3.7
1749,9,47,10,Mumbai,2024-06-04 12:20:00,139.89,30,Credit Card,27,Delivered,4.9
1750,29,19,11,Jaipur,2024-05-24 09:36:00,734.37,0,UPI,36,Delivered,4.1
1751,144,46,1,Kolkata,2024-11-28 10:29:00,162.44,10,Cash on Delivery,31,Delivered,4.3
1752,348,15,14,Hyderabad,2024-02-14 09:13:00,121.31,10,UPI,21,Delivered,4.8
1753,149,6,4,Mumbai,2024-03-02 11:35:00,382.58,30,Wallet,29,Delivered,3.9
1754,64,56,1,Chennai,2024-11-03 10:44:00,481.68,0,Debit Card,34,Delivered,4.7
1755,367,10,10,Mumbai,2024-10-26 14:56:00,158.99,0,Debit Card,24,Delivered,4.2
1756,380,46,1,Kolkata,2024-04-26 11:58:00,234.13,0,UPI,39,Delivered,3.8
1757,187,16,1,Lucknow,2024-02-03 09:04:00,672.98,50,UPI,36,Delivered,4.5
1758,366,45,14,Bangalore,2024-02-24 17:31:00,141.77,50,Debit Card,26,Delivered,4.9
1759,227,11,7,Ahmedabad,2024-02-11 16:12:00,376.78,0,Credit Card,43,Delivered,4.2
1760,118,57,8,Delhi,2024-08-18 12:57:00,601.86,20,UPI,49,Delivered,3.5
1761,356,35,10,Hyderabad,2024-01-10 13:26:00,481.56,10,Cash on Delivery,34,Delivered,3.9
1762,254,8,14,Ahmedabad,2024-05-07 10:20:00,99.0,30,Credit Card,33,Delivered,3.7
1763,31,28,8,Hyderabad,2024-07-11 19:48:00,962.87,0,UPI,32,Delivered,5.0
1764,161,3,12,Kolkata,2024-08-18 21:20:00,377.98,0,Cash on Delivery,30,Cancelled,
1765,215,2,12,Jaipur,2024-01-30 12:48:00,192.98,10,Wallet,26,Delivered,3.6
1766,169,53,3,Pune,2024-09-21 08:04:00,331.51,20,UPI,36,Delivered,2.7
1767,81,14,7,Mumbai,2024-02-27 16:30:00,167.75,0,Cash on Delivery,27,Delivered,3.9
1768,46,52,2,Kolkata,2024-11-03 20:39:00,226.22,10,Debit Card,10,Refunded,
1769,49,29,11,Bangalore,2024-06-14 18:18:00,315.39,0,Wallet,55,Delivered,4.2
1770,298,53,3,Pune,2024-11-01 08:12:00,316.28,30,UPI,52,Refunded,
1771,368,54,1,Kolkata,2024-11-29 15:32:00,217.19,20,Wallet,36,Cancelled,
1772,283,47,10,Mumbai,2024-08-08 18:48:00,257.42,0,UPI,22,Delivered,4.1
1773,88,3,12,Kolkata,2024-10-18 17:43:00,360.84,10,Credit Card,58,Delivered,4.2
1774,121,1,6,Mumbai,2024-09-22 22:05:00,130.4,20,UPI,40,Delivered,3.3
1775,3,15,14,Hyderabad,2024-11-08 08:06:00,212.4,0,UPI,31,Delivered,4.1
1776,316,20,14,Kolkata,2024-08-06 12:27:00,357.28,0,Debit Card,50,Delivered,3.5
1777,227,22,4,Ahmedabad,2024-05-06 15:45:00,159.62,20,Debit Card,25,Cancelled,
1778,79,34,3,Bangalore,2024-06-30 16:27:00,221.24,0,UPI,14,Delivered,4.6
1779,145,50,14,Hyderabad,2024-01-05 15:20:00,187.31,50,UPI,28,Cancelled,
1780,242,33,1,Mumbai,2024-01-18 22:05:00,369.71,20,UPI,42,Delivered,3.4
1781,32,9,11,Bangalore,2024-02-26 20:18:00,107.39,0,UPI,58,Delivered,4.0
1782,263,3,12,Kolkata,2024-12-18 08:44:00,190.76,0,UPI,28,Delivered,3.6
1783,211,2,12,Jaipur,2024-10-03 10:40:00,99.0,0,UPI,23,Delivered,4.7
1784,71,4,12,Jaipur,2024-02-09 10:24:00,336.17,50,UPI,35,Cancelled,
1785,384,16,1,Lucknow,2024-05-06 20:37:00,1015.7,50,Credit Card,35,Delivered,3.8
1786,197,54,1,Kolkata,2024-02-24 11:51:00,187.8,50,Cash on Delivery,54,Delivered,3.5
1787,58,33,1,Mumbai,2024-06-20 20:33:00,397.21,10,UPI,38,Delivered,4.7
1788,112,9,11,Bangalore,2024-07-02 14:47:00,123.78,0,UPI,56,Delivered,2.9
1789,48,57,8,Delhi,2024-07-16 10:52:00,260.43,10,Credit Card,49,Delivered,4.5
1790,185,40,6,Kolkata,2024-03-27 16:16:00,282.93,50,UPI,44,Delivered,4.3
1791,367,38,15,Hyderabad,2024-11-17 10:18:00,150.1,10,Debit Card,20,Delivered,5.0
1792,327,52,2,Kolkata,2024-04-27 22:41:00,205.49,20,Wallet,31,Delivered,4.5
1793,165,18,9,Lucknow,2024-02-11 18:19:00,317.33,20,Cash on Delivery,38,Delivered,4.4
1794,215,16,1,Lucknow,2024-11-24 08:26:00,732.81,0,Debit Card,10,Cancelled,
1795,331,8,14,Ahmedabad,2024-09-14 22:35:00,118.31,20,Credit Card,28,Delivered,3.6
1796,330,23,13,Delhi,2024-01-19 08:04:00,775.22,0,UPI,32,Delivered,4.0
1797,121,60,1,Hyderabad,2024-09-02 18:06:00,108.17,50,Credit Card,27,Delivered,4.3
1798,213,36,12,Bangalore,2024-03-21 14:35:00,838.34,50,Wallet,56,Delivered,5.0
1799,311,3,12,Kolkata,2024-07-15 21:11:00,180.08,20,Wallet,40,Delivered,3.6
1800,41,15,14,Hyderabad,2024-07-14 15:28:00,113.67,20,Credit Card,33,Cancelled,
1801,353,38,15,Hyderabad,2024-07-14 10:23:00,99.0,50,UPI,17,Refunded,
1802,289,33,1,Mumbai,2024-01-14 12:17:00,447.12,10,UPI,30,Delivered,3.0
1803,168,18,9,Lucknow,2024-02-26 10:11:00,482.46,0,UPI,51,Delivered,4.1
1804,34,23,13,Delhi,2024-07-28 08:29:00,1212.68,20,Cash on Delivery,29,Delivered,3.1
1805,318,43,4,Lucknow,2024-12-09 18:34:00,204.73,30,UPI,31,Refunded,
1806,275,3,12,Kolkata,2024-10-05 08:00:00,122.0,30,UPI,22,Delivered,4.6
1807,197,30,9,Ahmedabad,2024-11-30 19:08:00,291.53,30,Cash on Delivery,37,Delivered,5.0
1808,191,45,14,Bangalore,2024-09-27 19:23:00,228.05,20,UPI,38,Cancelled,
1809,221,17,1,Kolkata,2024-07-06 20:34:00,391.32,0,Credit Card,37,Cancelled,
1810,10,50,14,Hyderabad,2024-08-01 18:18:00,240.57,10,UPI,23,Delivered,4.7
1811,120,58,1,Lucknow,2024-12-30 19:19:00,292.58,30,Credit Card,40,Delivered,3.8
1812,123,58,1,Lucknow,2024-11-16 12:48:00,250.01,50,UPI,31,Delivered,5.0
1813,247,32,5,Bangalore,2024-04-18 08:09:00,432.19,10,Credit Card,37,Delivered,3.6
1814,360,46,1,Kolkata,2024-02-16 18:58:00,99.0,0,Cash on Delivery,43,Delivered,3.5
1815,397,57,8,Delhi,2024-04-05 21:38:00,480.02,0,Debit Card,39,Delivered,5.0
1816,221,7,14,Ahmedabad,2024-12-07 09:47:00,739.27,0,Credit Card,42,Delivered,3.9
1817,261,39,11,Lucknow,2024-01-27 19:17:00,157.38,50,Cash on Delivery,42,Delivered,4.2
1818,58,14,7,Mumbai,2024-06-15 08:28:00,188.07,20,UPI,44,Delivered,4.7
1819,315,58,1,Lucknow,2024-03-22 19:07:00,247.31,0,Cash on Delivery,45,Delivered,3.4
1820,128,56,1,Chennai,2024-11-05 22:33:00,1070.32,30,UPI,47,Delivered,3.8
1821,187,15,14,Hyderabad,2024-11-22 11:17:00,175.21,0,UPI,39,Delivered,3.7
1822,205,44,1,Lucknow,2024-02-07 18:08:00,302.26,30,UPI,43,Delivered,4.0
1823,86,12,12,Bangalore,2024-07-19 21:07:00,193.3,30,UPI,37,Delivered,3.7
1824,104,8,14,Ahmedabad,2024-09-11 10:34:00,99.0,0,Wallet,42,Delivered,4.3
1825,143,16,1,Lucknow,2024-03-22 12:13:00,1138.19,50,UPI,30,Delivered,4.3
1826,205,41,8,Kolkata,2024-08-07 21:03:00,238.55,10,UPI,17,Delivered,4.1
1827,129,34,3,Bangalore,2024-06-15 11:24:00,102.44,0,Credit Card,50,Cancelled,
1828,246,46,1,Kolkata,2024-07-22 09:42:00,204.61,0,UPI,37,Delivered,4.2
1829,38,24,9,Mumbai,2024-07-24 13:30:00,99.0,10,Wallet,37,Delivered,3.7
1830,363,56,1,Chennai,2024-10-05 11:37:00,929.05,0,Wallet,44,Delivered,4.1
1831,109,29,11,Bangalore,2024-11-06 11:14:00,350.72,30,UPI,28,Delivered,3.1
1832,309,16,1,Lucknow,2024-03-28 16:00:00,646.44,0,UPI,34,Delivered,4.7
1833,52,5,12,Ahmedabad,2024-05-14 16:30:00,680.05,0,UPI,29,Cancelled,
1834,1,5,12,Ahmedabad,2024-05-19 17:04:00,487.47,30,Credit Card,33,Delivered,3.8
1835,11,52,2,Kolkata,2024-04-17 09:41:00,357.4,10,UPI,31,Delivered,3.8
1836,314,30,9,Ahmedabad,2024-12-23 19:11:00,160.04,20,Credit Card,29,Delivered,3.5
1837,235,53,3,Pune,2024-12-24 09:01:00,596.25,30,Cash on Delivery,39,Delivered,4.2
1838,128,50,14,Hyderabad,2024-03-14 22:29:00,176.16,0,Credit Card,16,Delivered,3.8
1839,214,50,14,Hyderabad,2024-04-17 17:16:00,159.38,0,UPI,48,Delivered,4.5
1840,243,5,12,Ahmedabad,2024-07-14 14:40:00,474.04,30,UPI,28,Refunded,
1841,44,43,4,Lucknow,2024-09-08 18:54:00,832.58,30,Cash on Delivery,40,Delivered,3.5
1842,6,13,9,Bangalore,2024-04-28 09:05:00,305.25,0,Credit Card,40,Delivered,4.2
1843,156,35,10,Hyderabad,2024-02-14 17:50:00,601.65,0,UPI,32,Cancelled,
1844,8,49,12,Pune,2024-02-13 22:13:00,295.52,10,Credit Card,39,Delivered,4.4
1845,5,25,3,Kolkata,2024-11-21 09:36:00,143.54,20,Credit Card,24,Delivered,4.6
1846,362,50,14,Hyderabad,2024-01-03 13:21:00,127.93,0,UPI,30,Cancelled,
1847,182,14,7,Mumbai,2024-03-14 10:02:00,133.2,30,Wallet,33,Delivered,4.5
1848,112,44,1,Lucknow,2024-11-27 20:47:00,293.9,0,Cash on Delivery,40,Delivered,3.6
1849,273,46,1,Kolkata,2024-05-24 14:12:00,190.48,50,Debit Card,32,Delivered,4.1
1850,265,26,7,Kolkata,2024-11-17 11:09:00,631.09,0,Wallet,33,Delivered,4.0
1851,212,18,9,Lucknow,2024-08-18 15:16:00,509.74,10,Debit Card,43,Delivered,3.5
1852,78,20,14,Kolkata,2024-02-21 13:18:00,208.78,0,Cash on Delivery,39,Delivered,4.1
1853,270,34,3,Bangalore,2024-11-20 17:08:00,180.06,50,Credit Card,58,Refunded,
1854,154,7,14,Ahmedabad,2024-08-06 20:18:00,1147.24,0,Credit Card,26,Delivered,3.3
1855,221,47,10,Mumbai,2024-10-03 15:37:00,408.07,30,UPI,22,Delivered,4.2
1856,369,60,1,Hyderabad,2024-01-04 15:58:00,99.0,0,UPI,54,Delivered,4.8
1857,347,10,10,Mumbai,2024-09-15 11:56:00,99.0,10,UPI,38,Delivered,4.7
1858,25,15,14,Hyderabad,2024-12-22 15:47:00,124.17,50,Debit Card,48,Delivered,4.3
1859,354,17,1,Kolkata,2024-11-05 10:30:00,395.57,0,Credit Card,25,Delivered,4.3
1860,208,11,7,Ahmedabad,2024-02-25 19:24:00,395.02,0,Debit Card,30,Cancelled,
1861,3,34,3,Bangalore,2024-10-22 20:03:00,194.95,0,Cash on Delivery,36,Delivered,4.0
1862,215,27,6,Ahmedabad,2024-10-28 21:12:00,497.91,0,UPI,35,Cancelled,
1863,395,21,9,Jaipur,2024-06-03 13:16:00,439.58,0,UPI,34,Delivered,5.0
1864,112,31,14,Chennai,2024-08-19 08:34:00,159.6,10,UPI,19,Cancelled,
1865,192,50,14,Hyderabad,2024-12-02 16:01:00,238.68,30,UPI,34,Delivered,4.0
1866,47,57,8,Delhi,2024-09-05 20:51:00,532.91,0,Credit Card,38,Delivered,3.3
1867,221,4,12,Jaipur,2024-03-06 11:27:00,481.08,30,Cash on Delivery,32,Delivered,4.6
1868,187,41,8,Kolkata,2024-06-19 18:25:00,99.0,10,UPI,45,Delivered,4.4
1869,50,59,11,Jaipur,2024-01-22 22:42:00,103.43,30,Cash on Delivery,45,Delivered,3.4
1870,197,60,1,Hyderabad,2024-11-18 10:59:00,106.89,30,Wallet,37,Delivered,3.9
1871,216,49,12,Pune,2024-08-03 12:19:00,237.58,0,UPI,28,Delivered,4.2
1872,221,17,1,Kolkata,2024-04-12 14:12:00,328.28,0,Debit Card,39,Cancelled,
1873,380,49,12,Pune,2024-10-23 16:52:00,284.59,50,UPI,40,Delivered,3.8
1874,90,48,4,Pune,2024-09-24 20:55:00,207.38,0,Cash on Delivery,36,Delivered,4.7
1875,232,20,14,Kolkata,2024-12-18 16:39:00,246.06,50,UPI,28,Delivered,3.6
1876,323,25,3,Kolkata,2024-12-01 20:34:00,99.0,10,Debit Card,43,Cancelled,
1877,258,40,6,Kolkata,2024-09-15 15:04:00,228.31,50,Credit Card,39,Delivered,3.9
1878,153,23,13,Delhi,2024-08-05 18:06:00,577.79,30,Wallet,31,Delivered,3.8
1879,256,15,14,Hyderabad,2024-04-26 15:09:00,128.6,30,Credit Card,37,Delivered,4.4
1880,258,33,1,Mumbai,2024-12-27 11:33:00,287.29,50,UPI,26,Delivered,4.5
1881,65,19,11,Jaipur,2024-03-07 15:30:00,441.92,50,Credit Card,16,Delivered,4.4
1882,190,57,8,Delhi,2024-03-15 20:06:00,554.65,0,Cash on Delivery,20,Delivered,3.0
1883,91,15,14,Hyderabad,2024-03-06 13:40:00,186.89,0,Debit Card,38,Delivered,4.2
1884,173,41,8,Kolkata,2024-01-20 16:33:00,196.93,10,Wallet,32,Delivered,4.4
1885,247,5,12,Ahmedabad,2024-07-17 14:16:00,488.17,30,Cash on Delivery,39,Delivered,4.5
1886,256,16,1,Lucknow,2024-02-14 18:05:00,782.39,50,Credit Card,43,Delivered,4.0
1887,116,60,1,Hyderabad,2024-03-31 21:05:00,129.5,30,UPI,38,Delivered,4.1
1888,49,45,14,Bangalore,2024-06-14 09:21:00,186.5,20,UPI,29,Delivered,3.8
1889,227,48,4,Pune,2024-12-05 16:14:00,227.78,30,Wallet,39,Delivered,4.9
1890,69,32,5,Bangalore,2024-09-08 08:28:00,444.47,0,Wallet,31,Delivered,3.3
1891,388,22,4,Ahmedabad,2024-03-12 12:48:00,162.59,0,UPI,32,Delivered,4.4
1892,126,43,4,Lucknow,2024-02-21 08:21:00,909.01,0,Debit Card,46,Delivered,3.5
1893,213,32,5,Bangalore,2024-04-23 22:04:00,151.34,30,Cash on Delivery,41,Delivered,3.8
1894,53,13,9,Bangalore,2024-09-30 13:53:00,395.56,0,Debit Card,31,Delivered,4.1
1895,112,38,15,Hyderabad,2024-10-19 21:50:00,99.0,10,Cash on Delivery,27,Delivered,2.9
1896,159,26,7,Kolkata,2024-11-15 17:14:00,479.15,30,UPI,49,Delivered,3.3
1897,240,52,2,Kolkata,2024-06-18 18:47:00,249.74,30,Wallet,35,Delivered,3.1
1898,150,17,1,Kolkata,2024-10-26 09:22:00,348.76,0,UPI,24,Delivered,4.4
1899,139,5,12,Ahmedabad,2024-08-12 13:37:00,535.13,30,Credit Card,31,Delivered,4.7
1900,113,49,12,Pune,2024-06-11 09:27:00,313.39,20,Credit Card,17,Delivered,3.1
1901,143,33,1,Mumbai,2024-01-02 21:12:00,621.79,0,Credit Card,10,Delivered,4.0
1902,370,27,6,Ahmedabad,2024-06-17 18:04:00,398.19,30,Debit Card,45,Delivered,4.3
1903,138,5,12,Ahmedabad,2024-04-01 12:38:00,526.97,30,Cash on Delivery,26,Delivered,4.3
1904,304,37,8,Mumbai,2024-10-27 11:23:00,759.1,50,Credit Card,23,Delivered,5.0
1905,31,7,14,Ahmedabad,2024-07-07 18:29:00,700.22,10,Debit Card,29,Delivered,4.2
1906,293,48,4,Pune,2024-11-09 20:26:00,119.26,0,UPI,32,Cancelled,
1907,108,18,9,Lucknow,2024-05-07 14:41:00,497.82,20,Wallet,29,Delivered,3.5
1908,284,31,14,Chennai,2024-02-16 12:58:00,149.36,0,UPI,26,Delivered,4.5
1909,159,6,4,Mumbai,2024-02-07 12:22:00,330.7,10,Credit Card,35,Delivered,5.0
1910,326,2,12,Jaipur,2024-08-13 12:14:00,206.76,0,UPI,33,Cancelled,
1911,14,13,9,Bangalore,2024-08-11 17:47:00,281.12,10,Credit Card,52,Delivered,3.3
1912,122,42,9,Jaipur,2024-12-16 10:08:00,583.44,0,UPI,31,Delivered,4.4
1913,215,53,3,Pune,2024-03-04 20:53:00,319.32,0,Wallet,35,Delivered,4.1
1914,272,52,2,Kolkata,2024-05-04 17:50:00,212.61,20,UPI,26,Delivered,3.5
1915,25,11,7,Ahmedabad,2024-02-08 11:02:00,367.93,50,UPI,41,Delivered,3.7
1916,322,26,7,Kolkata,2024-03-04 20:51:00,303.12,0,Cash on Delivery,52,Delivered,5.0
1917,294,21,9,Jaipur,2024-01-11 08:37:00,246.04,0,UPI,34,Delivered,4.6
1918,169,2,12,Jaipur,2024-07-21 18:32:00,130.44,50,Cash on Delivery,29,Delivered,4.4
1919,103,40,6,Kolkata,2024-01-21 14:30:00,223.01,0,Wallet,37,Delivered,3.2
1920,354,56,1,Chennai,2024-04-11 21:01:00,550.17,0,Cash on Delivery,40,Delivered,4.5
1921,371,54,1,Kolkata,2024-03-31 11:10:00,245.7,10,UPI,64,Refunded,
1922,40,51,7,Kolkata,2024-04-20 09:58:00,131.74,0,UPI,34,Delivered,4.8
1923,235,20,14,Kolkata,2024-07-11 22:34:00,176.0,0,UPI,32,Delivered,3.3
1924,320,17,1,Kolkata,2024-10-17 22:27:00,371.68,0,UPI,23,Delivered,4.1
1925,89,16,1,Lucknow,2024-04-12 08:24:00,607.96,0,UPI,32,Delivered,4.7
1926,100,57,8,Delhi,2024-02-12 13:19:00,747.05,10,Wallet,31,Delivered,4.6
1927,144,42,9,Jaipur,2024-07-09 10:01:00,362.17,10,Credit Card,40,Delivered,4.5
1928,82,5,12,Ahmedabad,2024-07-28 21:43:00,362.34,10,UPI,32,Delivered,4.1
1929,77,14,7,Mumbai,2024-03-09 16:01:00,373.38,30,UPI,25,Delivered,4.8
1930,59,24,9,Mumbai,2024-07-06 13:30:00,243.5,10,Credit Card,24,Delivered,4.2
1931,229,51,7,Kolkata,2024-01-10 09:11:00,154.78,50,UPI,31,Delivered,4.4
1932,91,4,12,Jaipur,2024-06-12 13:20:00,304.45,0,Wallet,43,Delivered,4.3
1933,354,52,2,Kolkata,2024-02-18 22:05:00,245.99,0,UPI,37,Delivered,3.5
1934,395,48,4,Pune,2024-06-25 10:09:00,112.2,30,Wallet,40,Delivered,3.5
1935,1,24,9,Mumbai,2024-08-05 20:20:00,241.6,0,Debit Card,35,Delivered,3.2
1936,269,47,10,Mumbai,2024-12-11 13:43:00,268.76,20,Wallet,39,Delivered,3.9
1937,286,60,1,Hyderabad,2024-01-26 15:04:00,129.7,0,UPI,31,Delivered,4.6
1938,197,9,11,Bangalore,2024-09-10 22:58:00,99.0,0,UPI,26,Delivered,4.3
1939,274,3,12,Kolkata,2024-05-23 08:15:00,180.95,0,Credit Card,27,Delivered,4.1
1940,78,55,5,Bangalore,2024-09-15 11:46:00,175.02,0,Wallet,26,Delivered,4.9
1941,141,9,11,Bangalore,2024-12-16 20:55:00,99.0,0,Cash on Delivery,48,Cancelled,
1942,288,18,9,Lucknow,2024-07-26 14:42:00,845.63,0,Debit Card,45,Delivered,3.9
1943,71,36,12,Bangalore,2024-05-28 09:53:00,683.56,0,UPI,31,Delivered,4.4
1944,50,19,11,Jaipur,2024-06-03 13:25:00,369.3,0,UPI,37,Delivered,3.9
1945,372,24,9,Mumbai,2024-07-04 21:58:00,133.82,0,UPI,42,Cancelled,
1946,369,4,12,Jaipur,2024-12-23 21:24:00,284.66,10,Credit Card,29,Delivered,3.2
1947,80,9,11,Bangalore,2024-09-20 08:52:00,125.97,0,UPI,34,Delivered,3.6
1948,235,33,1,Mumbai,2024-07-17 13:20:00,392.0,10,UPI,26,Delivered,3.6
1949,287,1,6,Mumbai,2024-07-18 10:53:00,187.41,20,Debit Card,26,Delivered,3.2
1950,307,52,2,Kolkata,2024-12-06 15:19:00,359.88,10,Wallet,42,Delivered,4.0
1951,155,51,7,Kolkata,2024-09-20 17:45:00,149.2,30,Debit Card,36,Delivered,3.7
1952,60,35,10,Hyderabad,2024-01-31 09:56:00,287.45,0,Debit Card,35,Delivered,5.0
1953,33,10,10,Mumbai,2024-04-02 16:14:00,191.78,0,Wallet,46,Cancelled,
1954,127,12,12,Bangalore,2024-04-03 17:09:00,234.56,30,UPI,31,Delivered,4.0
1955,221,18,9,Lucknow,2024-10-11 13:15:00,994.52,0,UPI,42,Cancelled,
1956,200,14,7,Mumbai,2024-10-18 11:44:00,201.55,50,Cash on Delivery,27,Delivered,3.6
1957,126,10,10,Mumbai,2024-02-06 13:06:00,181.76,20,Credit Card,31,Delivered,3.4
1958,41,10,10,Mumbai,2024-08-19 20:15:00,246.5,30,Credit Card,28,Cancelled,
1959,275,18,9,Lucknow,2024-04-11 19:47:00,857.9,0,UPI,27,Delivered,3.4
1960,297,24,9,Mumbai,2024-06-14 22:13:00,247.14,20,Credit Card,53,Delivered,4.6
1961,85,1,6,Mumbai,2024-08-12 16:08:00,139.24,30,Credit Card,22,Delivered,4.7
1962,89,30,9,Ahmedabad,2024-09-05 22:26:00,279.14,0,UPI,28,Delivered,2.9
1963,42,15,14,Hyderabad,2024-08-03 20:25:00,136.26,0,Credit Card,15,Cancelled,
1964,120,8,14,Ahmedabad,2024-01-29 10:48:00,141.8,20,UPI,30,Delivered,5.0
1965,279,58,1,Lucknow,2024-08-07 15:22:00,135.53,30,Wallet,33,Delivered,4.1
1966,33,35,10,Hyderabad,2024-08-08 12:41:00,271.52,10,Wallet,43,Delivered,4.7
1967,276,18,9,Lucknow,2024-05-14 17:35:00,589.2,0,Cash on Delivery,30,Delivered,3.6
1968,153,41,8,Kolkata,2024-12-26 18:57:00,159.3,0,Wallet,23,Delivered,3.5
1969,90,16,1,Lucknow,2024-10-28 09:24:00,406.53,10,UPI,30,Delivered,4.0
1970,104,21,9,Jaipur,2024-03-13 12:26:00,244.02,20,Cash on Delivery,38,Cancelled,
1971,12,15,14,Hyderabad,2024-05-08 14:09:00,198.08,20,Credit Card,43,Delivered,4.3
1972,160,5,12,Ahmedabad,2024-06-01 13:02:00,474.95,30,Cash on Delivery,29,Delivered,4.2
1973,196,45,14,Bangalore,2024-01-06 20:57:00,185.44,30,UPI,26,Delivered,4.8
1974,399,54,1,Kolkata,2024-11-21 12:01:00,203.38,0,Cash on Delivery,31,Delivered,3.0
1975,307,52,2,Kolkata,2024-11-09 17:17:00,295.89,10,UPI,38,Delivered,4.6
1976,262,7,14,Ahmedabad,2024-03-27 09:11:00,776.17,20,UPI,43,Delivered,4.4
1977,91,48,4,Pune,2024-05-29 12:19:00,193.33,0,Cash on Delivery,25,Delivered,4.3
1978,197,7,14,Ahmedabad,2024-04-12 15:47:00,606.54,0,Cash on Delivery,28,Delivered,3.3
1979,69,27,6,Ahmedabad,2024-07-30 08:00:00,471.88,0,Credit Card,14,Delivered,3.6
1980,220,25,3,Kolkata,2024-07-27 18:00:00,99.0,0,Debit Card,14,Delivered,4.5
1981,379,22,4,Ahmedabad,2024-04-26 11:44:00,299.13,10,UPI,24,Delivered,2.6
1982,214,48,4,Pune,2024-04-14 22:02:00,190.35,0,Debit Card,25,Delivered,3.0
1983,146,13,9,Bangalore,2024-02-15 14:10:00,390.69,30,UPI,30,Delivered,4.4
1984,233,17,1,Kolkata,2024-08-03 13:43:00,314.67,0,Cash on Delivery,38,Delivered,4.4
1985,371,41,8,Kolkata,2024-10-27 17:12:00,156.75,10,Credit Card,34,Cancelled,
1986,234,44,1,Lucknow,2024-01-24 22:09:00,135.59,0,Wallet,38,Delivered,3.7
1987,214,13,9,Bangalore,2024-02-04 15:27:00,371.5,20,Credit Card,44,Delivered,3.7
1988,367,26,7,Kolkata,2024-01-16 18:16:00,494.27,0,Credit Card,37,Delivered,4.7
1989,61,9,11,Bangalore,2024-08-30 13:14:00,119.19,30,Credit Card,33,Delivered,4.6
1990,363,5,12,Ahmedabad,2024-09-27 16:33:00,754.43,10,UPI,40,Delivered,3.9
1991,78,39,11,Lucknow,2024-09-23 08:14:00,99.0,50,UPI,16,Delivered,3.4
1992,95,33,1,Mumbai,2024-08-05 10:03:00,280.24,0,Cash on Delivery,32,Delivered,5.0
1993,330,4,12,Jaipur,2024-10-25 12:34:00,305.54,10,UPI,41,Delivered,3.3
1994,216,28,8,Hyderabad,2024-03-15 09:33:00,276.71,0,Credit Card,34,Delivered,4.5
1995,213,26,7,Kolkata,2024-04-12 16:41:00,471.02,0,UPI,37,Delivered,4.8
1996,304,4,12,Jaipur,2024-06-26 14:06:00,506.1,50,UPI,33,Delivered,4.1
1997,200,16,1,Lucknow,2024-11-10 14:02:00,761.03,10,Debit Card,41,Delivered,3.7
1998,352,37,8,Mumbai,2024-07-22 14:48:00,396.54,10,Wallet,44,Delivered,3.1
1999,31,22,4,Ahmedabad,2024-01-26 08:36:00,178.59,10,Credit Card,14,Delivered,4.1
2000,290,36,12,Bangalore,2024-06-24 22:01:00,778.16,0,UPI,28,Delivered,3.2
2001,343,38,15,Hyderabad,2024-05-11 11:49:00,128.88,50,UPI,15,Delivered,4.3
2002,135,58,1,Lucknow,2024-04-26 11:31:00,309.74,30,Wallet,10,Delivered,2.9
2003,83,55,5,Bangalore,2024-01-28 20:00:00,224.09,0,Cash on Delivery,41,Delivered,3.1
2004,391,35,10,Hyderabad,2024-07-06 15:34:00,447.91,0,Wallet,43,Refunded,
2005,47,25,3,Kolkata,2024-04-21 21:53:00,117.82,0,UPI,30,Delivered,4.2
2006,392,8,14,Ahmedabad,2024-02-05 16:54:00,99.0,30,Wallet,28,Delivered,4.6
2007,206,17,1,Kolkata,2024-08-04 17:18:00,502.64,0,Cash on Delivery,33,Delivered,3.9
2008,385,18,9,Lucknow,2024-03-05 12:50:00,601.73,0,Wallet,63,Delivered,4.7
2009,381,50,14,Hyderabad,2024-01-22 15:42:00,293.07,10,UPI,25,Delivered,3.8
2010,77,58,1,Lucknow,2024-04-18 11:36:00,267.65,20,Cash on Delivery,22,Delivered,5.0
2011,259,57,8,Delhi,2024-06-29 11:35:00,206.05,10,Credit Card,41,Delivered,3.3
2012,92,12,12,Bangalore,2024-03-08 11:51:00,178.82,0,Debit Card,42,Delivered,3.7
2013,399,57,8,Delhi,2024-06-29 09:49:00,538.23,10,Credit Card,39,Delivered,4.9
2014,100,57,8,Delhi,2024-06-17 09:21:00,572.92,20,Cash on Delivery,36,Cancelled,
2015,383,33,1,Mumbai,2024-03-06 12:35:00,670.23,0,Wallet,32,Delivered,3.9
2016,195,23,13,Delhi,2024-10-26 14:46:00,691.21,0,Cash on Delivery,20,Delivered,4.7
2017,192,12,12,Bangalore,2024-02-08 20:53:00,99.0,10,Debit Card,54,Delivered,3.3
2018,68,11,7,Ahmedabad,2024-03-30 12:16:00,552.1,30,Debit Card,54,Delivered,3.5
2019,389,13,9,Bangalore,2024-12-01 19:30:00,139.84,0,Debit Card,30,Delivered,4.5
2020,242,35,10,Hyderabad,2024-08-30 16:30:00,388.04,0,UPI,49,Delivered,3.2
2021,90,27,6,Ahmedabad,2024-02-18 12:01:00,405.05,50,UPI,38,Delivered,3.4
2022,345,25,3,Kolkata,2024-08-31 21:13:00,99.0,30,Cash on Delivery,17,Delivered,4.0
2023,10,40,6,Kolkata,2024-02-28 08:34:00,245.22,30,UPI,18,Delivered,4.9
2024,264,3,12,Kolkata,2024-12-24 17:46:00,239.82,0,Cash on Delivery,43,Cancelled,
2025,268,49,12,Pune,2024-01-02 10:40:00,365.19,0,Cash on Delivery,48,Delivered,4.3
2026,320,25,3,Kolkata,2024-07-29 18:36:00,99.0,0,Credit Card,39,Delivered,4.0
2027,118,45,14,Bangalore,2024-03-22 11:11:00,205.24,30,Wallet,38,Delivered,4.2
2028,250,10,10,Mumbai,2024-01-29 14:13:00,144.76,10,Credit Card,26,Delivered,3.1
2029,59,17,1,Kolkata,2024-09-03 19:34:00,332.5,30,UPI,24,Delivered,3.8
2030,195,3,12,Kolkata,2024-12-02 17:41:00,301.01,30,UPI,43,Delivered,4.4
2031,50,45,14,Bangalore,2024-02-01 17:42:00,231.08,30,Wallet,35,Delivered,4.2
2032,296,22,4,Ahmedabad,2024-12-02 12:44:00,220.57,20,Wallet,34,Delivered,4.5
2033,378,38,15,Hyderabad,2024-12-27 16:48:00,99.0,0,Credit Card,48,Delivered,4.5
2034,97,14,7,Mumbai,2024-04-09 09:08:00,338.96,0,UPI,52,Delivered,4.2
2035,127,27,6,Ahmedabad,2024-03-02 16:28:00,294.91,0,UPI,41,Delivered,2.6
2036,246,42,9,Jaipur,2024-04-23 21:24:00,566.37,0,Debit Card,26,Delivered,4.3
2037,87,20,14,Kolkata,2024-05-22 13:55:00,201.29,0,Debit Card,36,Delivered,3.8
2038,77,48,4,Pune,2024-06-18 20:14:00,261.85,30,Debit Card,31,Delivered,3.9
2039,377,18,9,Lucknow,2024-12-14 11:17:00,772.89,0,Cash on Delivery,34,Delivered,3.9
2040,204,13,9,Bangalore,2024-08-29 16:48:00,149.34,0,Cash on Delivery,23,Delivered,4.3
2041,146,42,9,Jaipur,2024-06-20 14:15:00,357.34,0,UPI,48,Delivered,3.2
2042,149,6,4,Mumbai,2024-03-15 21:02:00,453.21,0,UPI,30,Delivered,3.1
2043,111,10,10,Mumbai,2024-04-23 21:41:00,249.41,0,Cash on Delivery,51,Delivered,3.4
2044,129,37,8,Mumbai,2024-11-15 13:44:00,652.1,0,Debit Card,34,Delivered,4.7
2045,253,29,11,Bangalore,2024-12-27 09:57:00,417.33,0,UPI,30,Delivered,3.8
2046,166,6,4,Mumbai,2024-09-11 11:57:00,325.37,0,UPI,28,Cancelled,
2047,297,39,11,Lucknow,2024-04-21 16:56:00,149.28,20,Cash on Delivery,28,Delivered,4.4
2048,137,11,7,Ahmedabad,2024-07-14 14:13:00,390.49,0,UPI,37,Delivered,4.4
2049,279,48,4,Pune,2024-12-18 19:51:00,182.49,0,Debit Card,34,Delivered,4.3
2050,334,25,3,Kolkata,2024-10-19 15:43:00,129.65,0,Debit Card,43,Delivered,4.4
2051,11,44,1,Lucknow,2024-04-07 19:04:00,322.68,30,UPI,27,Delivered,3.8
2052,71,44,1,Lucknow,2024-03-09 22:44:00,350.18,20,Debit Card,37,Delivered,4.5
2053,159,30,9,Ahmedabad,2024-05-16 17:31:00,185.31,10,UPI,47,Refunded,
2054,216,55,5,Bangalore,2024-10-15 21:02:00,337.84,10,UPI,49,Delivered,4.3
2055,26,20,14,Kolkata,2024-01-30 09:11:00,323.67,30,UPI,28,Delivered,3.1
2056,286,58,1,Lucknow,2024-01-29 10:25:00,351.37,20,Debit Card,32,Delivered,4.1
2057,162,37,8,Mumbai,2024-07-03 20:29:00,444.05,10,Cash on Delivery,29,Delivered,4.0
2058,102,16,1,Lucknow,2024-03-02 10:45:00,488.39,50,UPI,26,Delivered,4.4
2059,69,31,14,Chennai,2024-03-08 16:50:00,116.39,20,Cash on Delivery,42,Delivered,4.1
2060,133,29,11,Bangalore,2024-05-20 14:43:00,278.46,50,UPI,24,Delivered,4.0
2061,189,6,4,Mumbai,2024-06-11 14:22:00,180.03,30,Credit Card,57,Delivered,5.0
2062,211,29,11,Bangalore,2024-05-09 20:53:00,357.36,50,Credit Card,37,Delivered,4.5
2063,243,32,5,Bangalore,2024-10-23 19:30:00,347.41,30,Debit Card,33,Delivered,4.1
2064,166,9,11,Bangalore,2024-02-16 09:31:00,137.68,0,UPI,55,Delivered,3.4
2065,61,37,8,Mumbai,2024-11-28 21:04:00,1222.26,10,UPI,22,Delivered,4.2
2066,362,53,3,Pune,2024-02-27 17:43:00,410.89,10,Credit Card,27,Delivered,3.6
2067,279,23,13,Delhi,2024-11-25 15:42:00,577.36,20,UPI,22,Delivered,3.1
2068,113,16,1,Lucknow,2024-06-10 12:29:00,918.14,0,Wallet,35,Delivered,3.9
2069,30,18,9,Lucknow,2024-03-11 22:05:00,771.82,0,UPI,29,Delivered,3.9
2070,323,19,11,Jaipur,2024-02-24 10:12:00,555.45,0,Credit Card,22,Delivered,4.7
2071,161,44,1,Lucknow,2024-01-03 17:56:00,419.65,0,Credit Card,23,Delivered,4.7
2072,234,2,12,Jaipur,2024-05-05 15:52:00,137.77,0,Debit Card,38,Cancelled,
2073,387,58,1,Lucknow,2024-07-16 18:59:00,170.07,30,Cash on Delivery,41,Delivered,4.5
2074,377,10,10,Mumbai,2024-07-04 08:41:00,126.17,30,Credit Card,21,Delivered,4.0
2075,339,12,12,Bangalore,2024-07-22 08:35:00,142.02,30,UPI,33,Delivered,4.1
2076,170,46,1,Kolkata,2024-01-11 14:33:00,223.61,20,Cash on Delivery,31,Cancelled,
2077,318,18,9,Lucknow,2024-05-25 12:35:00,944.6,0,UPI,28,Cancelled,
2078,186,19,11,Jaipur,2024-04-13 11:45:00,708.87,0,Debit Card,51,Delivered,4.4
2079,57,38,15,Hyderabad,2024-02-13 13:52:00,141.66,0,Cash on Delivery,34,Delivered,4.5
2080,240,37,8,Mumbai,2024-07-05 21:49:00,592.26,10,UPI,37,Delivered,4.3
2081,257,27,6,Ahmedabad,2024-09-11 20:59:00,303.61,0,Credit Card,42,Delivered,4.4
2082,358,48,4,Pune,2024-01-30 15:33:00,99.0,10,UPI,36,Delivered,4.1
2083,201,14,7,Mumbai,2024-11-08 22:08:00,250.23,10,Cash on Delivery,35,Delivered,3.9
2084,325,45,14,Bangalore,2024-04-24 11:39:00,253.08,50,Cash on Delivery,43,Cancelled,
2085,315,53,3,Pune,2024-10-07 10:04:00,394.0,30,UPI,29,Delivered,2.8
2086,302,34,3,Bangalore,2024-11-26 22:07:00,111.19,30,UPI,30,Delivered,3.9
2087,106,2,12,Jaipur,2024-07-29 14:26:00,234.86,30,Debit Card,25,Delivered,3.7
2088,290,44,1,Lucknow,2024-02-09 17:26:00,236.54,0,UPI,49,Delivered,4.2
2089,101,33,1,Mumbai,2024-07-08 10:49:00,386.52,0,UPI,41,Delivered,3.7
2090,97,19,11,Jaipur,2024-06-18 20:38:00,430.04,0,Credit Card,37,Delivered,4.2
2091,153,60,1,Hyderabad,2024-07-06 16:32:00,99.0,10,Cash on Delivery,51,Delivered,3.0
2092,29,60,1,Hyderabad,2024-08-16 10:32:00,127.06,10,UPI,23,Delivered,3.5
2093,153,27,6,Ahmedabad,2024-01-16 14:06:00,190.12,30,UPI,34,Delivered,3.7
2094,379,48,4,Pune,2024-01-26 19:07:00,267.46,0,Cash on Delivery,20,Delivered,3.5
2095,73,30,9,Ahmedabad,2024-05-12 17:27:00,270.1,30,UPI,21,Cancelled,
2096,254,7,14,Ahmedabad,2024-06-25 17:04:00,689.55,20,Credit Card,46,Delivered,5.0
2097,399,27,6,Ahmedabad,2024-01-22 22:12:00,369.76,0,Debit Card,52,Delivered,2.9
2098,4,21,9,Jaipur,2024-06-09 18:22:00,568.14,30,UPI,31,Cancelled,
2099,237,7,14,Ahmedabad,2024-12-18 18:17:00,605.37,30,Debit Card,31,Delivered,4.5
2100,38,48,4,Pune,2024-08-29 12:29:00,210.61,0,Credit Card,31,Delivered,4.7
2101,20,25,3,Kolkata,2024-10-08 20:38:00,99.0,0,Debit Card,52,Refunded,
2102,113,38,15,Hyderabad,2024-06-02 08:48:00,99.0,0,Debit Card,29,Delivered,3.8
2103,23,18,9,Lucknow,2024-05-13 21:49:00,888.82,50,Cash on Delivery,52,Refunded,
2104,367,33,1,Mumbai,2024-06-14 17:23:00,692.46,20,Debit Card,35,Delivered,4.3
2105,136,33,1,Mumbai,2024-05-25 18:40:00,467.93,10,UPI,30,Delivered,4.5
2106,248,32,5,Bangalore,2024-03-12 19:09:00,394.31,0,UPI,38,Delivered,4.2
2107,301,58,1,Lucknow,2024-09-29 14:28:00,220.25,10,UPI,54,Delivered,3.0
2108,97,25,3,Kolkata,2024-07-04 13:13:00,99.0,0,Wallet,37,Delivered,4.3
2109,33,14,7,Mumbai,2024-05-29 13:05:00,220.25,50,Wallet,33,Delivered,4.7
2110,135,38,15,Hyderabad,2024-01-26 14:11:00,105.97,0,UPI,40,Delivered,5.0
2111,255,38,15,Hyderabad,2024-04-08 21:21:00,99.0,30,Credit Card,33,Refunded,
2112,278,4,12,Jaipur,2024-02-20 14:47:00,99.0,50,UPI,24,Delivered,3.3
2113,133,44,1,Lucknow,2024-04-13 09:24:00,340.61,0,Wallet,34,Delivered,4.0
2114,238,18,9,Lucknow,2024-05-20 12:40:00,705.2,50,UPI,44,Delivered,4.1
2115,15,10,10,Mumbai,2024-07-01 18:08:00,140.85,0,Credit Card,39,Delivered,4.0
2116,277,35,10,Hyderabad,2024-03-19 11:01:00,348.01,50,UPI,22,Delivered,3.1
2117,126,35,10,Hyderabad,2024-09-25 09:50:00,416.34,20,UPI,43,Cancelled,
2118,345,40,6,Kolkata,2024-07-04 09:34:00,218.62,50,UPI,40,Delivered,4.8
2119,17,54,1,Kolkata,2024-08-17 10:41:00,285.4,0,Credit Card,36,Delivered,4.7
2120,312,23,13,Delhi,2024-04-29 18:05:00,509.24,50,Credit Card,46,Delivered,4.3
2121,50,25,3,Kolkata,2024-09-03 08:18:00,122.92,0,UPI,44,Delivered,3.8
2122,135,1,6,Mumbai,2024-11-18 09:38:00,176.56,30,UPI,44,Delivered,4.0
2123,118,18,9,Lucknow,2024-11-24 11:11:00,702.88,50,Credit Card,17,Delivered,3.9
2124,378,15,14,Hyderabad,2024-05-12 10:10:00,184.42,20,Wallet,41,Delivered,3.3
2125,306,25,3,Kolkata,2024-04-30 21:03:00,113.25,10,Cash on Delivery,32,Delivered,4.5
2126,60,32,5,Bangalore,2024-05-08 18:27:00,249.26,20,Cash on Delivery,38,Delivered,4.1
2127,125,53,3,Pune,2024-03-03 20:17:00,411.0,20,UPI,26,Cancelled,
2128,116,20,14,Kolkata,2024-01-12 20:40:00,279.08,0,Cash on Delivery,44,Delivered,4.5
2129,391,17,1,Kolkata,2024-05-09 12:44:00,328.24,10,Credit Card,46,Delivered,4.3
2130,173,57,8,Delhi,2024-07-26 15:34:00,591.61,0,UPI,34,Delivered,3.5
2131,187,11,7,Ahmedabad,2024-12-21 18:54:00,539.5,30,Credit Card,18,Delivered,3.5
2132,88,13,9,Bangalore,2024-11-09 21:28:00,297.56,50,UPI,40,Delivered,4.9
2133,203,25,3,Kolkata,2024-05-22 19:30:00,99.0,0,UPI,37,Delivered,4.4
2134,361,20,14,Kolkata,2024-02-11 16:42:00,196.03,20,UPI,16,Delivered,3.9
2135,311,25,3,Kolkata,2024-07-26 17:48:00,99.0,20,UPI,35,Delivered,4.4
2136,320,42,9,Jaipur,2024-07-10 10:01:00,347.89,50,UPI,43,Delivered,3.6
2137,182,45,14,Bangalore,2024-05-31 14:01:00,251.84,20,Debit Card,13,Delivered,4.8
2138,352,49,12,Pune,2024-06-14 22:50:00,206.01,20,Credit Card,36,Delivered,3.3
2139,168,31,14,Chennai,2024-08-19 17:28:00,142.09,0,Wallet,37,Delivered,4.2
2140,181,53,3,Pune,2024-07-13 17:13:00,616.96,0,UPI,37,Delivered,4.0
2141,300,1,6,Mumbai,2024-09-12 16:47:00,135.15,0,UPI,33,Delivered,4.1
2142,130,52,2,Kolkata,2024-11-16 12:02:00,173.35,20,Wallet,37,Delivered,4.5
2143,149,16,1,Lucknow,2024-12-11 09:08:00,946.05,0,Credit Card,33,Delivered,4.7
2144,306,48,4,Pune,2024-10-20 14:20:00,269.6,10,Cash on Delivery,32,Delivered,3.9
2145,209,28,8,Hyderabad,2024-09-05 08:20:00,758.63,0,Credit Card,40,Delivered,2.9
2146,111,21,9,Jaipur,2024-10-09 17:58:00,749.11,50,Credit Card,61,Delivered,3.1
2147,137,30,9,Ahmedabad,2024-07-16 14:43:00,262.43,0,UPI,35,Delivered,3.9
2148,355,59,11,Jaipur,2024-12-21 19:44:00,126.29,10,Wallet,28,Delivered,4.1
2149,211,3,12,Kolkata,2024-01-17 22:58:00,396.63,10,UPI,34,Delivered,4.3
2150,146,34,3,Bangalore,2024-06-16 17:51:00,162.28,20,UPI,34,Delivered,4.2
2151,84,6,4,Mumbai,2024-03-16 14:11:00,253.08,20,Debit Card,28,Delivered,4.6
2152,30,43,4,Lucknow,2024-09-04 21:21:00,929.87,10,Credit Card,28,Delivered,5.0
2153,65,29,11,Bangalore,2024-08-02 21:04:00,285.55,50,Wallet,26,Delivered,4.2
2154,24,3,12,Kolkata,2024-03-25 18:04:00,179.43,50,UPI,29,Delivered,4.3
2155,211,58,1,Lucknow,2024-04-08 18:48:00,223.81,0,Debit Card,36,Delivered,3.6
2156,222,33,1,Mumbai,2024-08-03 22:32:00,230.23,0,Credit Card,34,Delivered,4.1
2157,90,11,7,Ahmedabad,2024-04-03 21:36:00,402.95,0,UPI,46,Delivered,4.2
2158,106,45,14,Bangalore,2024-04-24 19:59:00,209.79,0,Cash on Delivery,15,Delivered,4.2
2159,172,5,12,Ahmedabad,2024-01-31 18:22:00,662.74,10,Credit Card,33,Delivered,3.6
2160,230,50,14,Hyderabad,2024-05-09 15:40:00,270.83,0,Credit Card,29,Delivered,4.2
2161,77,32,5,Bangalore,2024-01-27 10:01:00,361.93,50,Wallet,23,Delivered,4.2
2162,68,47,10,Mumbai,2024-12-24 12:20:00,408.07,0,Credit Card,27,Delivered,4.3
2163,365,18,9,Lucknow,2024-02-27 12:51:00,508.38,50,Cash on Delivery,17,Refunded,
2164,353,47,10,Mumbai,2024-12-06 20:19:00,145.0,10,Cash on Delivery,33,Delivered,3.9
2165,389,20,14,Kolkata,2024-09-11 20:37:00,156.84,0,Debit Card,35,Delivered,4.1
2166,92,52,2,Kolkata,2024-05-27 09:24:00,129.72,20,Wallet,21,Refunded,
2167,88,52,2,Kolkata,2024-04-30 17:05:00,245.48,30,UPI,34,Delivered,5.0
2168,50,39,11,Lucknow,2024-06-17 16:02:00,150.46,0,Cash on Delivery,36,Delivered,4.1
2169,103,49,12,Pune,2024-08-12 08:50:00,379.24,30,UPI,26,Delivered,4.7
2170,368,40,6,Kolkata,2024-09-17 20:18:00,108.66,50,Cash on Delivery,36,Delivered,5.0
2171,46,28,8,Hyderabad,2024-02-17 16:56:00,942.78,30,Credit Card,36,Delivered,3.2
2172,179,13,9,Bangalore,2024-10-17 19:29:00,437.44,30,Wallet,33,Delivered,4.0
2173,267,26,7,Kolkata,2024-09-17 09:21:00,649.69,10,Wallet,43,Delivered,4.0
2174,268,16,1,Lucknow,2024-12-24 20:56:00,607.49,10,Debit Card,45,Delivered,5.0
2175,397,25,3,Kolkata,2024-06-23 13:02:00,105.05,30,Credit Card,46,Cancelled,
2176,320,10,10,Mumbai,2024-11-04 11:30:00,142.91,20,Cash on Delivery,26,Delivered,5.0
2177,8,29,11,Bangalore,2024-03-09 15:39:00,367.27,10,UPI,33,Delivered,3.2
2178,265,46,1,Kolkata,2024-09-02 08:07:00,140.23,50,UPI,15,Delivered,3.5
2179,386,38,15,Hyderabad,2024-08-03 09:19:00,120.56,30,Credit Card,42,Delivered,4.8
2180,78,20,14,Kolkata,2024-01-16 09:51:00,196.74,30,Credit Card,43,Refunded,
2181,397,54,1,Kolkata,2024-11-27 20:44:00,221.79,0,UPI,46,Delivered,3.8
2182,240,26,7,Kolkata,2024-02-08 16:45:00,461.98,50,UPI,54,Delivered,4.5
2183,258,32,5,Bangalore,2024-09-12 21:23:00,356.76,10,UPI,46,Delivered,4.0
2184,196,39,11,Lucknow,2024-10-29 19:08:00,128.4,0,UPI,40,Delivered,3.5
2185,330,38,15,Hyderabad,2024-06-26 20:59:00,145.79,0,UPI,36,Delivered,4.9
2186,131,59,11,Jaipur,2024-01-15 11:48:00,99.0,0,UPI,61,Delivered,3.7
2187,390,49,12,Pune,2024-11-14 12:21:00,264.0,10,UPI,38,Delivered,4.0
2188,343,53,3,Pune,2024-07-26 16:09:00,337.03,30,Debit Card,59,Delivered,3.4
2189,261,24,9,Mumbai,2024-10-06 09:48:00,172.37,50,UPI,28,Delivered,3.4
2190,242,31,14,Chennai,2024-05-25 14:03:00,117.29,0,Wallet,32,Delivered,4.1
2191,387,40,6,Kolkata,2024-03-30 12:59:00,155.56,0,Credit Card,43,Delivered,3.5
2192,394,12,12,Bangalore,2024-11-06 10:25:00,197.67,0,UPI,10,Delivered,5.0
2193,171,58,1,Lucknow,2024-01-29 14:52:00,257.76,30,UPI,33,Delivered,4.5
2194,147,57,8,Delhi,2024-09-26 22:48:00,418.0,0,Cash on Delivery,47,Delivered,4.6
2195,270,36,12,Bangalore,2024-10-15 16:20:00,736.91,20,UPI,31,Cancelled,
2196,149,10,10,Mumbai,2024-10-05 16:42:00,271.78,0,Wallet,35,Refunded,
2197,380,6,4,Mumbai,2024-07-04 21:28:00,392.49,10,Credit Card,19,Delivered,3.9
2198,299,7,14,Ahmedabad,2024-10-02 21:18:00,875.62,50,Credit Card,31,Delivered,3.9
2199,28,53,3,Pune,2024-06-29 14:55:00,399.59,0,Wallet,27,Refunded,
2200,149,31,14,Chennai,2024-03-17 09:22:00,155.37,0,Credit Card,43,Delivered,4.4
2201,280,27,6,Ahmedabad,2024-08-25 08:38:00,269.08,50,Wallet,43,Delivered,2.5
2202,182,8,14,Ahmedabad,2024-01-18 16:32:00,99.0,0,Wallet,27,Delivered,3.8
2203,166,3,12,Kolkata,2024-07-07 13:16:00,323.35,0,Wallet,26,Delivered,3.0
2204,17,40,6,Kolkata,2024-01-19 18:05:00,337.24,0,Cash on Delivery,51,Delivered,4.2
2205,150,47,10,Mumbai,2024-04-29 12:33:00,201.79,20,UPI,22,Delivered,3.4
2206,339,21,9,Jaipur,2024-03-24 16:03:00,624.89,30,UPI,43,Delivered,4.0
2207,45,1,6,Mumbai,2024-11-25 17:23:00,178.22,20,UPI,35,Delivered,3.6
2208,330,45,14,Bangalore,2024-12-06 18:26:00,185.56,0,Wallet,46,Delivered,5.0
2209,189,54,1,Kolkata,2024-08-05 20:29:00,244.77,0,UPI,37,Cancelled,
2210,139,50,14,Hyderabad,2024-03-20 14:15:00,273.58,0,UPI,30,Cancelled,
2211,61,15,14,Hyderabad,2024-08-14 17:15:00,188.28,50,Cash on Delivery,23,Delivered,5.0
2212,294,7,14,Ahmedabad,2024-01-12 10:48:00,512.92,50,UPI,24,Delivered,4.7
2213,322,15,14,Hyderabad,2024-01-21 09:42:00,137.48,20,Debit Card,22,Delivered,4.7
2214,33,25,3,Kolkata,2024-08-15 08:31:00,111.99,0,Wallet,34,Delivered,4.1
2215,299,3,12,Kolkata,2024-10-23 13:23:00,189.74,10,Debit Card,43,Delivered,3.7
2216,112,30,9,Ahmedabad,2024-10-09 11:24:00,366.85,20,Debit Card,26,Cancelled,
2217,291,58,1,Lucknow,2024-03-06 16:27:00,273.51,0,Debit Card,25,Delivered,2.9
2218,37,14,7,Mumbai,2024-11-12 13:02:00,215.98,20,Debit Card,37,Delivered,4.2
2219,100,52,2,Kolkata,2024-04-12 08:54:00,169.04,10,UPI,49,Delivered,3.9
2220,23,4,12,Jaipur,2024-09-13 12:05:00,316.58,0,Credit Card,43,Delivered,4.2
2221,218,36,12,Bangalore,2024-10-27 09:46:00,908.81,20,UPI,34,Delivered,3.7
2222,89,3,12,Kolkata,2024-08-24 17:56:00,311.86,0,Debit Card,25,Delivered,3.2
2223,209,5,12,Ahmedabad,2024-06-30 14:45:00,400.42,0,Debit Card,35,Delivered,3.4
2224,271,25,3,Kolkata,2024-09-11 17:30:00,144.08,0,UPI,44,Delivered,5.0
2225,237,31,14,Chennai,2024-11-10 22:28:00,132.59,10,Credit Card,41,Cancelled,
2226,388,11,7,Ahmedabad,2024-04-15 08:13:00,304.37,0,Credit Card,38,Delivered,5.0
2227,209,8,14,Ahmedabad,2024-08-19 11:57:00,114.32,20,UPI,46,Delivered,3.2
2228,278,26,7,Kolkata,2024-01-24 20:53:00,320.06,50,UPI,50,Delivered,3.7
2229,206,2,12,Jaipur,2024-12-12 16:58:00,99.0,30,Cash on Delivery,43,Delivered,3.1
2230,78,28,8,Hyderabad,2024-10-14 11:17:00,535.52,50,Cash on Delivery,15,Delivered,4.1
2231,328,48,4,Pune,2024-02-06 17:08:00,152.88,50,Credit Card,45,Delivered,4.2
2232,98,57,8,Delhi,2024-08-14 15:19:00,612.43,0,Cash on Delivery,34,Delivered,4.0
2233,346,60,1,Hyderabad,2024-06-30 17:21:00,99.0,20,Credit Card,36,Delivered,3.8
2234,365,10,10,Mumbai,2024-02-22 19:34:00,222.13,20,Wallet,32,Delivered,4.2
2235,350,50,14,Hyderabad,2024-08-22 22:10:00,250.49,30,UPI,28,Delivered,4.5
2236,336,39,11,Lucknow,2024-10-13 08:47:00,143.34,0,Wallet,11,Delivered,4.5
2237,94,37,8,Mumbai,2024-04-09 21:22:00,639.33,20,Credit Card,38,Delivered,4.8
2238,80,39,11,Lucknow,2024-01-15 22:42:00,99.0,10,Credit Card,22,Delivered,3.9
2239,38,21,9,Jaipur,2024-04-10 12:14:00,805.47,0,Debit Card,40,Delivered,3.7
2240,228,28,8,Hyderabad,2024-01-29 09:42:00,1054.46,0,UPI,31,Delivered,4.7
2241,134,38,15,Hyderabad,2024-12-29 09:19:00,99.0,30,Cash on Delivery,46,Delivered,3.8
2242,196,56,1,Chennai,2024-09-27 11:03:00,1008.0,10,UPI,52,Delivered,4.0
2243,390,33,1,Mumbai,2024-08-01 09:37:00,429.7,50,UPI,34,Delivered,3.8
2244,282,11,7,Ahmedabad,2024-10-05 18:25:00,401.96,0,Debit Card,30,Delivered,5.0
2245,101,45,14,Bangalore,2024-11-26 19:55:00,349.0,30,UPI,28,Delivered,4.5
2246,75,44,1,Lucknow,2024-07-12 18:07:00,396.73,0,UPI,39,Delivered,3.4
2247,294,1,6,Mumbai,2024-05-18 12:17:00,234.91,0,Wallet,29,Delivered,4.1
2248,208,53,3,Pune,2024-02-19 21:53:00,340.67,0,Wallet,35,Delivered,4.3
2249,83,47,10,Mumbai,2024-07-20 10:08:00,384.82,0,Debit Card,26,Delivered,3.4
2250,143,33,1,Mumbai,2024-07-09 19:11:00,381.24,0,Cash on Delivery,36,Delivered,4.3
2251,56,3,12,Kolkata,2024-11-18 12:38:00,237.31,10,Wallet,52,Refunded,
2252,361,26,7,Kolkata,2024-03-18 15:27:00,558.47,10,Debit Card,28,Cancelled,
2253,287,15,14,Hyderabad,2024-03-15 14:24:00,173.06,10,Wallet,35,Delivered,4.0
2254,211,41,8,Kolkata,2024-01-21 17:42:00,263.31,30,UPI,40,Delivered,3.4
2255,179,14,7,Mumbai,2024-01-15 10:47:00,316.26,50,Cash on Delivery,48,Delivered,3.3
2256,58,23,13,Delhi,2024-03-26 12:59:00,603.02,20,UPI,47,Delivered,4.9
2257,73,60,1,Hyderabad,2024-11-01 14:12:00,99.0,50,Cash on Delivery,42,Delivered,3.6
2258,215,54,1,Kolkata,2024-03-09 11:27:00,188.52,0,Cash on Delivery,39,Cancelled,
2259,388,56,1,Chennai,2024-11-29 15:08:00,746.98,0,Credit Card,64,Delivered,4.7
2260,266,8,14,Ahmedabad,2024-04-30 10:34:00,102.67,0,Debit Card,42,Delivered,4.5
2261,73,54,1,Kolkata,2024-04-10 12:57:00,282.01,0,Wallet,38,Delivered,3.7
2262,271,36,12,Bangalore,2024-05-25 08:07:00,791.5,0,Wallet,47,Delivered,4.4
2263,354,20,14,Kolkata,2024-08-30 08:16:00,447.78,0,UPI,41,Cancelled,
2264,234,52,2,Kolkata,2024-02-12 22:33:00,286.75,30,Cash on Delivery,60,Delivered,4.3
2265,319,6,4,Mumbai,2024-01-06 13:13:00,272.87,10,UPI,29,Delivered,4.6
2266,19,33,1,Mumbai,2024-03-07 19:35:00,186.94,20,Cash on Delivery,35,Delivered,4.2
2267,113,28,8,Hyderabad,2024-01-12 20:01:00,1287.32,0,UPI,22,Delivered,3.9
2268,63,50,14,Hyderabad,2024-09-14 22:22:00,183.05,50,UPI,34,Delivered,4.9
2269,372,38,15,Hyderabad,2024-12-02 14:29:00,127.86,50,UPI,23,Delivered,4.5
2270,184,30,9,Ahmedabad,2024-06-04 21:43:00,199.96,20,Credit Card,36,Delivered,3.7
2271,277,46,1,Kolkata,2024-06-06 08:31:00,369.9,20,Cash on Delivery,28,Cancelled,
2272,162,43,4,Lucknow,2024-11-21 10:23:00,940.75,30,UPI,43,Delivered,4.0
2273,243,17,1,Kolkata,2024-09-18 18:17:00,269.55,50,Cash on Delivery,30,Delivered,4.9
2274,145,9,11,Bangalore,2024-12-09 12:55:00,99.0,20,Wallet,42,Delivered,5.0
2275,146,28,8,Hyderabad,2024-10-06 13:33:00,792.46,0,Cash on Delivery,33,Delivered,4.0
2276,81,54,1,Kolkata,2024-06-16 22:14:00,229.83,0,Credit Card,47,Delivered,4.4
2277,322,7,14,Ahmedabad,2024-07-21 13:53:00,921.61,10,Debit Card,34,Delivered,4.3
2278,321,46,1,Kolkata,2024-01-24 08:17:00,191.67,30,UPI,31,Delivered,3.4
2279,43,28,8,Hyderabad,2024-02-13 19:56:00,605.15,0,UPI,17,Delivered,4.4
2280,313,17,1,Kolkata,2024-12-28 19:39:00,173.22,50,Wallet,22,Delivered,2.8
2281,394,40,6,Kolkata,2024-07-17 14:20:00,208.59,10,UPI,42,Delivered,4.6
2282,293,60,1,Hyderabad,2024-06-10 18:21:00,99.0,0,Wallet,22,Delivered,4.4
2283,176,48,4,Pune,2024-08-21 10:51:00,157.25,10,UPI,45,Delivered,2.3
2284,376,44,1,Lucknow,2024-04-02 17:27:00,329.53,0,UPI,31,Delivered,3.5
2285,69,44,1,Lucknow,2024-07-28 21:17:00,328.24,50,UPI,35,Delivered,3.0
2286,56,60,1,Hyderabad,2024-08-07 15:07:00,99.0,0,Cash on Delivery,41,Cancelled,
2287,119,60,1,Hyderabad,2024-04-15 13:44:00,108.16,0,Credit Card,46,Delivered,3.5
2288,204,5,12,Ahmedabad,2024-11-04 15:03:00,721.7,50,UPI,20,Delivered,4.2
2289,55,5,12,Ahmedabad,2024-04-09 12:32:00,458.27,50,Debit Card,21,Delivered,5.0
2290,38,14,7,Mumbai,2024-10-31 09:29:00,154.07,10,Wallet,32,Delivered,4.4
2291,243,6,4,Mumbai,2024-11-23 14:46:00,370.7,30,Debit Card,47,Cancelled,
2292,201,7,14,Ahmedabad,2024-10-08 16:36:00,995.7,10,UPI,35,Refunded,
2293,236,55,5,Bangalore,2024-08-13 14:39:00,197.77,20,UPI,47,Delivered,3.9
2294,15,53,3,Pune,2024-04-01 14:38:00,396.64,20,Cash on Delivery,18,Delivered,4.5
2295,144,17,1,Kolkata,2024-02-22 09:37:00,162.01,10,Debit Card,29,Cancelled,
2296,77,59,11,Jaipur,2024-05-11 17:17:00,99.0,20,Wallet,36,Delivered,4.5
2297,309,9,11,Bangalore,2024-12-29 16:06:00,99.0,50,Credit Card,24,Delivered,5.0
2298,263,31,14,Chennai,2024-08-17 19:04:00,99.0,10,UPI,23,Delivered,4.6
2299,185,22,4,Ahmedabad,2024-11-18 19:30:00,178.11,0,Credit Card,27,Delivered,4.1
2300,55,45,14,Bangalore,2024-09-06 11:18:00,199.7,20,Debit Card,31,Delivered,3.2
2301,308,9,11,Bangalore,2024-08-27 19:10:00,99.0,50,UPI,24,Cancelled,
2302,4,59,11,Jaipur,2024-12-25 10:22:00,99.0,10,Wallet,47,Delivered,4.9
2303,299,16,1,Lucknow,2024-09-19 14:06:00,1092.98,0,Credit Card,37,Delivered,4.0
2304,40,36,12,Bangalore,2024-10-16 17:18:00,819.17,50,Credit Card,38,Delivered,3.6
2305,230,34,3,Bangalore,2024-02-27 16:47:00,239.04,20,UPI,38,Delivered,2.9
2306,377,45,14,Bangalore,2024-04-24 09:40:00,308.64,0,UPI,51,Delivered,3.4
2307,286,13,9,Bangalore,2024-10-30 20:41:00,388.82,10,Debit Card,55,Delivered,4.3
2308,138,19,11,Jaipur,2024-10-07 11:13:00,458.96,0,Debit Card,32,Delivered,3.9
2309,103,12,12,Bangalore,2024-04-17 16:18:00,99.0,30,UPI,40,Delivered,4.7
2310,7,36,12,Bangalore,2024-02-08 14:14:00,666.45,20,UPI,32,Delivered,5.0
2311,164,10,10,Mumbai,2024-12-01 18:39:00,287.33,30,Debit Card,44,Delivered,2.8
2312,365,16,1,Lucknow,2024-03-14 22:03:00,970.47,0,Cash on Delivery,49,Delivered,3.5
2313,276,28,8,Hyderabad,2024-05-26 22:27:00,667.34,10,UPI,35,Delivered,4.2
2314,49,56,1,Chennai,2024-07-31 18:46:00,732.21,0,Debit Card,44,Delivered,5.0
2315,96,19,11,Jaipur,2024-07-24 08:47:00,519.17,50,UPI,32,Delivered,3.6
2316,59,40,6,Kolkata,2024-12-04 21:21:00,203.8,0,Debit Card,47,Delivered,4.2
2317,231,6,4,Mumbai,2024-09-15 12:40:00,249.95,10,Debit Card,26,Delivered,3.4
2318,177,4,12,Jaipur,2024-09-14 19:53:00,322.13,30,UPI,24,Delivered,4.0
2319,90,30,9,Ahmedabad,2024-09-18 18:58:00,286.93,0,Debit Card,41,Cancelled,
2320,282,39,11,Lucknow,2024-08-08 18:29:00,99.0,0,UPI,46,Delivered,4.2
2321,36,31,14,Chennai,2024-09-14 16:46:00,214.88,0,UPI,42,Delivered,3.9
2322,171,46,1,Kolkata,2024-09-14 20:32:00,249.53,30,Credit Card,46,Delivered,5.0
2323,126,27,6,Ahmedabad,2024-07-20 09:43:00,267.3,20,Credit Card,26,Delivered,4.8
2324,299,45,14,Bangalore,2024-07-01 15:36:00,261.56,30,Cash on Delivery,34,Delivered,3.9
2325,355,21,9,Jaipur,2024-09-02 19:32:00,725.04,0,UPI,19,Delivered,3.9
2326,204,37,8,Mumbai,2024-04-20 13:43:00,1456.75,50,Cash on Delivery,23,Cancelled,
2327,289,9,11,Bangalore,2024-05-06 15:44:00,141.12,0,UPI,50,Cancelled,
2328,356,35,10,Hyderabad,2024-06-03 08:42:00,368.72,0,UPI,31,Cancelled,
2329,97,42,9,Jaipur,2024-10-15 21:39:00,425.21,0,Credit Card,54,Refunded,
2330,238,47,10,Mumbai,2024-10-14 12:16:00,439.65,0,Credit Card,37,Delivered,4.6
2331,173,52,2,Kolkata,2024-09-20 16:41:00,153.31,30,Wallet,33,Delivered,4.1
2332,301,21,9,Jaipur,2024-04-07 16:55:00,309.5,0,Debit Card,33,Delivered,4.1
2333,88,17,1,Kolkata,2024-03-27 10:49:00,353.2,50,UPI,45,Delivered,3.7
2334,399,55,5,Bangalore,2024-07-17 22:52:00,173.9,0,Wallet,34,Delivered,4.5
2335,351,24,9,Mumbai,2024-11-05 11:49:00,163.55,10,UPI,35,Cancelled,
2336,17,31,14,Chennai,2024-10-07 10:59:00,120.25,20,UPI,38,Delivered,3.7
2337,140,6,4,Mumbai,2024-07-08 14:45:00,364.44,0,Credit Card,22,Delivered,3.7
2338,254,57,8,Delhi,2024-05-31 09:45:00,305.51,0,Wallet,36,Delivered,4.3
2339,278,35,10,Hyderabad,2024-10-04 18:47:00,519.63,0,Cash on Delivery,35,Delivered,4.2
2340,151,50,14,Hyderabad,2024-01-08 14:42:00,154.1,50,Debit Card,40,Delivered,4.1
2341,346,37,8,Mumbai,2024-06-11 08:45:00,873.75,0,Cash on Delivery,45,Refunded,
2342,334,13,9,Bangalore,2024-02-07 15:53:00,359.3,10,Debit Card,33,Delivered,3.0
2343,140,25,3,Kolkata,2024-08-06 19:39:00,126.78,0,Cash on Delivery,40,Delivered,4.2
2344,114,32,5,Bangalore,2024-02-03 22:43:00,507.09,0,UPI,21,Refunded,
2345,68,59,11,Jaipur,2024-09-29 08:46:00,99.0,0,UPI,55,Delivered,2.9
2346,366,1,6,Mumbai,2024-11-03 13:15:00,149.8,10,UPI,50,Delivered,4.7
2347,179,49,12,Pune,2024-08-08 16:32:00,360.22,20,Wallet,32,Delivered,3.8
2348,125,58,1,Lucknow,2024-04-22 20:12:00,283.14,50,Cash on Delivery,36,Delivered,4.2
2349,397,35,10,Hyderabad,2024-07-04 12:04:00,633.11,20,Debit Card,13,Cancelled,
2350,313,58,1,Lucknow,2024-09-22 13:55:00,158.72,0,UPI,42,Delivered,3.8
2351,311,19,11,Jaipur,2024-04-24 16:12:00,643.04,10,UPI,28,Delivered,4.3
2352,338,53,3,Pune,2024-03-05 11:56:00,217.09,10,Cash on Delivery,19,Delivered,3.4
2353,363,52,2,Kolkata,2024-08-26 21:07:00,108.26,0,UPI,38,Delivered,5.0
2354,358,54,1,Kolkata,2024-01-10 16:48:00,146.04,30,Cash on Delivery,26,Delivered,3.7
2355,233,12,12,Bangalore,2024-08-20 10:10:00,169.15,10,UPI,25,Delivered,4.6
2356,147,40,6,Kolkata,2024-01-12 17:24:00,294.76,50,Debit Card,43,Delivered,3.4
2357,111,40,6,Kolkata,2024-06-25 08:24:00,188.94,0,Debit Card,51,Delivered,3.9
2358,363,47,10,Mumbai,2024-01-11 21:53:00,105.65,0,Cash on Delivery,38,Delivered,3.6
2359,358,43,4,Lucknow,2024-06-12 14:52:00,964.54,0,Credit Card,48,Delivered,3.7
2360,238,20,14,Kolkata,2024-08-05 21:38:00,294.07,0,Debit Card,32,Cancelled,
2361,3,33,1,Mumbai,2024-11-07 15:00:00,451.34,0,Credit Card,41,Delivered,4.4
2362,211,29,11,Bangalore,2024-02-25 13:03:00,473.4,0,Wallet,37,Delivered,4.4
2363,25,16,1,Lucknow,2024-09-09 21:11:00,783.75,0,Credit Card,40,Delivered,4.3
2364,331,14,7,Mumbai,2024-10-17 20:51:00,175.61,0,UPI,26,Delivered,3.6
2365,184,7,14,Ahmedabad,2024-12-23 18:22:00,1048.97,0,Debit Card,11,Delivered,4.2
2366,61,6,4,Mumbai,2024-07-14 11:15:00,263.33,0,Credit Card,49,Delivered,3.6
2367,123,21,9,Jaipur,2024-05-14 13:28:00,484.22,30,Cash on Delivery,32,Delivered,5.0
2368,55,36,12,Bangalore,2024-11-26 15:32:00,629.3,0,UPI,16,Delivered,3.5
2369,163,22,4,Ahmedabad,2024-02-27 20:58:00,150.06,50,UPI,35,Delivered,3.8
2370,187,40,6,Kolkata,2024-04-12 19:06:00,218.38,50,Wallet,39,Cancelled,
2371,39,54,1,Kolkata,2024-05-07 18:54:00,291.24,30,Wallet,36,Delivered,4.1
2372,185,19,11,Jaipur,2024-08-18 17:47:00,340.02,0,Credit Card,38,Delivered,3.5
2373,83,25,3,Kolkata,2024-03-30 15:08:00,132.09,10,UPI,36,Delivered,4.5
2374,195,3,12,Kolkata,2024-08-20 09:44:00,111.32,0,UPI,32,Delivered,4.8
2375,34,36,12,Bangalore,2024-11-28 14:54:00,1110.22,20,UPI,37,Delivered,3.6
2376,113,45,14,Bangalore,2024-10-18 16:23:00,302.34,10,Credit Card,33,Delivered,3.7
2377,230,53,3,Pune,2024-05-24 09:12:00,346.44,10,UPI,37,Delivered,4.8
2378,283,59,11,Jaipur,2024-04-02 09:27:00,102.37,0,Cash on Delivery,39,Delivered,4.2
2379,287,34,3,Bangalore,2024-05-22 22:39:00,238.63,50,UPI,41,Delivered,4.0
2380,155,11,7,Ahmedabad,2024-02-02 11:41:00,327.51,0,Debit Card,30,Delivered,3.6
2381,165,48,4,Pune,2024-05-19 12:08:00,312.96,0,Debit Card,42,Delivered,3.9
2382,182,42,9,Jaipur,2024-01-23 15:31:00,402.59,0,Debit Card,39,Delivered,4.0
2383,239,47,10,Mumbai,2024-09-26 18:24:00,210.99,0,Credit Card,47,Delivered,4.5
2384,137,27,6,Ahmedabad,2024-11-28 14:20:00,409.46,50,Debit Card,37,Delivered,4.1
2385,339,42,9,Jaipur,2024-04-18 22:36:00,311.65,30,Cash on Delivery,45,Delivered,3.6
2386,266,2,12,Jaipur,2024-08-27 17:42:00,150.94,0,Cash on Delivery,13,Delivered,3.8
2387,187,6,4,Mumbai,2024-11-05 12:12:00,259.52,0,UPI,24,Delivered,3.4
2388,40,46,1,Kolkata,2024-06-04 18:24:00,191.57,0,UPI,46,Delivered,4.0
2389,310,2,12,Jaipur,2024-04-08 22:38:00,185.89,10,Cash on Delivery,38,Delivered,5.0
2390,167,42,9,Jaipur,2024-11-22 13:31:00,196.91,0,Debit Card,24,Delivered,5.0
2391,391,17,1,Kolkata,2024-03-07 21:44:00,611.53,0,Wallet,37,Delivered,4.3
2392,260,40,6,Kolkata,2024-06-15 12:54:00,267.28,10,Credit Card,46,Delivered,3.1
2393,143,58,1,Lucknow,2024-03-26 21:07:00,388.54,20,UPI,23,Delivered,4.7
2394,204,48,4,Pune,2024-02-21 18:32:00,257.72,30,Credit Card,38,Delivered,4.5
2395,176,14,7,Mumbai,2024-12-02 17:11:00,149.24,0,Credit Card,57,Delivered,5.0
2396,262,10,10,Mumbai,2024-08-25 21:26:00,204.24,20,Credit Card,27,Delivered,4.1
2397,252,45,14,Bangalore,2024-08-27 15:22:00,99.0,0,Cash on Delivery,26,Delivered,3.8
2398,329,33,1,Mumbai,2024-12-27 20:48:00,291.57,0,Debit Card,10,Delivered,3.5
2399,200,42,9,Jaipur,2024-03-04 18:28:00,383.58,0,UPI,31,Delivered,4.6
2400,199,54,1,Kolkata,2024-04-23 11:15:00,157.69,10,Cash on Delivery,44,Delivered,4.0
2401,196,12,12,Bangalore,2024-05-24 10:55:00,128.56,0,Debit Card,30,Refunded,
2402,314,32,5,Bangalore,2024-06-14 13:52:00,319.95,50,Debit Card,61,Delivered,3.9
2403,77,49,12,Pune,2024-12-14 16:35:00,417.18,10,Debit Card,69,Delivered,3.8
2404,19,24,9,Mumbai,2024-03-30 22:43:00,207.13,10,Debit Card,53,Delivered,5.0
2405,62,14,7,Mumbai,2024-11-27 14:16:00,296.76,0,Credit Card,28,Delivered,3.9
2406,327,5,12,Ahmedabad,2024-03-19 16:38:00,492.23,10,Debit Card,38,Delivered,4.5
2407,394,51,7,Kolkata,2024-06-24 19:31:00,165.18,0,Cash on Delivery,29,Delivered,4.4
2408,281,5,12,Ahmedabad,2024-12-10 14:17:00,191.69,0,UPI,29,Delivered,2.8
2409,250,47,10,Mumbai,2024-08-11 13:57:00,375.3,0,Credit Card,38,Delivered,5.0
2410,227,32,5,Bangalore,2024-08-23 18:51:00,313.38,0,Credit Card,24,Delivered,3.0
2411,127,45,14,Bangalore,2024-06-11 09:37:00,268.75,0,UPI,16,Delivered,3.6
2412,58,49,12,Pune,2024-06-30 16:04:00,338.85,30,Cash on Delivery,21,Refunded,
2413,376,33,1,Mumbai,2024-07-28 15:24:00,184.2,20,UPI,38,Delivered,3.8
2414,204,60,1,Hyderabad,2024-04-05 21:25:00,101.68,0,UPI,54,Delivered,3.7
2415,243,46,1,Kolkata,2024-08-31 13:30:00,280.4,30,Credit Card,44,Cancelled,
2416,367,4,12,Jaipur,2024-07-02 16:11:00,413.18,20,UPI,34,Delivered,4.0
2417,332,57,8,Delhi,2024-04-01 13:58:00,499.86,0,Cash on Delivery,43,Delivered,3.6
2418,326,30,9,Ahmedabad,2024-05-12 14:08:00,217.31,0,Debit Card,34,Delivered,4.9
2419,252,41,8,Kolkata,2024-11-09 18:28:00,157.17,10,UPI,46,Delivered,4.5
2420,394,17,1,Kolkata,2024-02-15 13:07:00,526.96,50,Wallet,43,Delivered,3.7
2421,322,3,12,Kolkata,2024-10-02 10:13:00,279.83,50,UPI,11,Delivered,3.6
2422,376,13,9,Bangalore,2024-02-08 12:49:00,316.68,50,Debit Card,29,Delivered,3.8
2423,199,44,1,Lucknow,2024-06-10 18:53:00,155.9,20,Cash on Delivery,42,Delivered,3.6
2424,343,48,4,Pune,2024-04-13 08:30:00,184.6,30,Credit Card,43,Delivered,3.4
2425,240,36,12,Bangalore,2024-05-02 13:43:00,737.44,20,Wallet,30,Delivered,4.7
2426,139,18,9,Lucknow,2024-02-03 09:06:00,939.18,0,Cash on Delivery,14,Delivered,3.9
2427,122,23,13,Delhi,2024-04-22 13:22:00,357.7,0,Wallet,37,Refunded,
2428,49,35,10,Hyderabad,2024-02-15 15:06:00,335.63,0,UPI,20,Delivered,4.3
2429,304,49,12,Pune,2024-04-27 16:02:00,384.9,20,Credit Card,27,Cancelled,
2430,115,33,1,Mumbai,2024-07-30 09:48:00,304.31,10,Cash on Delivery,49,Delivered,4.1
2431,343,51,7,Kolkata,2024-02-13 19:29:00,99.0,10,Wallet,30,Delivered,5.0
2432,251,54,1,Kolkata,2024-09-29 18:09:00,158.11,0,Wallet,28,Delivered,4.6
2433,7,36,12,Bangalore,2024-12-20 11:17:00,571.39,10,Wallet,34,Delivered,4.3
2434,219,17,1,Kolkata,2024-02-14 19:26:00,478.14,0,Cash on Delivery,44,Delivered,5.0
2435,77,39,11,Lucknow,2024-11-13 18:48:00,119.17,50,UPI,33,Delivered,3.7
2436,179,34,3,Bangalore,2024-08-15 22:22:00,141.84,0,UPI,50,Delivered,4.0
2437,145,12,12,Bangalore,2024-06-08 17:10:00,132.95,20,UPI,26,Delivered,4.5
2438,154,5,12,Ahmedabad,2024-12-23 13:58:00,580.54,30,UPI,25,Cancelled,
2439,121,48,4,Pune,2024-07-08 22:33:00,234.23,50,UPI,40,Delivered,4.6
2440,124,40,6,Kolkata,2024-12-22 08:39:00,172.41,0,UPI,28,Delivered,3.6
2441,150,55,5,Bangalore,2024-12-25 13:11:00,180.69,0,UPI,40,Delivered,4.1
2442,397,27,6,Ahmedabad,2024-07-31 15:18:00,653.96,50,Wallet,58,Delivered,4.1
2443,381,60,1,Hyderabad,2024-11-18 09:52:00,99.0,0,UPI,22,Refunded,
2444,268,40,6,Kolkata,2024-11-15 10:46:00,362.01,0,UPI,38,Delivered,5.0
2445,327,13,9,Bangalore,2024-09-18 15:47:00,320.57,10,Cash on Delivery,44,Delivered,4.5
2446,1,26,7,Kolkata,2024-06-28 18:38:00,664.25,50,Cash on Delivery,28,Delivered,4.7
2447,161,14,7,Mumbai,2024-06-25 08:11:00,296.9,0,UPI,35,Delivered,3.9
2448,244,32,5,Bangalore,2024-08-24 17:06:00,420.52,0,UPI,12,Delivered,3.6
2449,375,11,7,Ahmedabad,2024-11-06 08:48:00,419.1,0,UPI,35,Refunded,
2450,398,38,15,Hyderabad,2024-06-12 12:36:00,99.0,50,UPI,25,Delivered,3.8
2451,251,16,1,Lucknow,2024-04-25 15:54:00,712.5,0,UPI,25,Cancelled,
2452,367,55,5,Bangalore,2024-01-25 14:41:00,210.85,10,Debit Card,33,Delivered,4.4
2453,64,57,8,Delhi,2024-07-27 20:29:00,450.82,50,Cash on Delivery,31,Delivered,5.0
2454,299,22,4,Ahmedabad,2024-11-22 08:06:00,177.83,10,Debit Card,23,Delivered,3.2
2455,248,57,8,Delhi,2024-10-06 18:08:00,524.36,50,Credit Card,51,Delivered,5.0
2456,297,47,10,Mumbai,2024-01-12 10:03:00,297.85,0,UPI,36,Delivered,4.6
2457,115,16,1,Lucknow,2024-08-15 19:56:00,719.06,10,Credit Card,39,Delivered,4.7
2458,295,13,9,Bangalore,2024-05-20 14:18:00,385.94,0,Credit Card,29,Delivered,4.7
2459,1,12,12,Bangalore,2024-08-16 14:23:00,131.3,0,Debit Card,34,Delivered,3.9
2460,41,18,9,Lucknow,2024-03-20 08:11:00,769.51,0,Wallet,14,Delivered,4.0
2461,173,29,11,Bangalore,2024-10-16 14:10:00,527.1,0,UPI,24,Delivered,4.5
2462,88,18,9,Lucknow,2024-06-07 20:12:00,479.69,0,Wallet,50,Delivered,4.0
2463,98,46,1,Kolkata,2024-01-31 09:38:00,218.4,50,Wallet,41,Delivered,4.2
2464,88,2,12,Jaipur,2024-01-15 16:10:00,99.0,30,UPI,30,Delivered,3.7
2465,251,54,1,Kolkata,2024-02-03 14:03:00,213.71,20,UPI,39,Delivered,4.6
2466,335,2,12,Jaipur,2024-11-26 20:01:00,150.74,0,UPI,18,Delivered,4.0
2467,141,3,12,Kolkata,2024-01-16 14:12:00,259.43,50,Debit Card,31,Delivered,3.9
2468,71,29,11,Bangalore,2024-10-19 08:20:00,217.96,20,UPI,35,Delivered,3.6
2469,137,56,1,Chennai,2024-05-03 10:06:00,578.62,0,UPI,43,Delivered,3.7
2470,99,8,14,Ahmedabad,2024-04-11 15:12:00,101.62,0,Wallet,27,Delivered,3.3
2471,151,11,7,Ahmedabad,2024-08-16 09:40:00,231.66,20,UPI,35,Delivered,4.4
2472,175,12,12,Bangalore,2024-07-21 15:05:00,189.67,0,UPI,33,Delivered,3.7
2473,167,32,5,Bangalore,2024-03-01 17:06:00,233.09,0,Cash on Delivery,39,Delivered,4.1
2474,343,4,12,Jaipur,2024-04-12 10:05:00,381.89,20,Wallet,37,Delivered,4.8
2475,257,9,11,Bangalore,2024-12-28 20:42:00,99.0,10,UPI,35,Delivered,4.0
2476,398,24,9,Mumbai,2024-12-24 09:18:00,170.0,0,UPI,38,Delivered,4.0
2477,224,49,12,Pune,2024-11-19 17:05:00,129.57,30,Cash on Delivery,29,Delivered,4.1
2478,368,56,1,Chennai,2024-04-22 16:36:00,740.06,50,Cash on Delivery,30,Delivered,4.3
2479,330,16,1,Lucknow,2024-03-01 19:29:00,478.19,10,Wallet,19,Delivered,3.8
2480,65,17,1,Kolkata,2024-06-01 08:00:00,416.82,0,UPI,42,Delivered,4.6
2481,69,47,10,Mumbai,2024-04-24 13:17:00,193.04,20,Cash on Delivery,34,Delivered,4.2
2482,67,52,2,Kolkata,2024-01-10 19:10:00,196.98,20,Credit Card,24,Delivered,3.8
2483,50,58,1,Lucknow,2024-11-28 12:19:00,114.15,30,Wallet,27,Delivered,3.9
2484,314,22,4,Ahmedabad,2024-02-21 10:17:00,254.74,0,Credit Card,52,Delivered,4.8
2485,309,7,14,Ahmedabad,2024-07-24 22:26:00,996.68,0,Credit Card,32,Refunded,
2486,91,10,10,Mumbai,2024-04-02 11:36:00,166.87,20,UPI,39,Delivered,3.7
2487,115,29,11,Bangalore,2024-11-04 08:21:00,552.13,30,UPI,30,Delivered,4.4
2488,374,36,12,Bangalore,2024-06-01 09:54:00,921.16,0,Credit Card,24,Delivered,4.4
2489,57,24,9,Mumbai,2024-12-07 12:03:00,184.51,0,UPI,35,Delivered,3.5
2490,342,56,1,Chennai,2024-06-12 13:51:00,639.54,50,Credit Card,46,Delivered,3.2
2491,18,46,1,Kolkata,2024-05-28 20:53:00,191.4,0,UPI,50,Delivered,3.9
2492,272,14,7,Mumbai,2024-03-29 17:54:00,205.69,10,Cash on Delivery,49,Delivered,4.6
2493,130,14,7,Mumbai,2024-06-15 11:32:00,241.76,0,UPI,42,Refunded,
2494,269,25,3,Kolkata,2024-09-26 15:35:00,99.0,10,Cash on Delivery,41,Cancelled,
2495,80,46,1,Kolkata,2024-12-02 12:45:00,144.7,10,Cash on Delivery,26,Delivered,3.2
2496,299,22,4,Ahmedabad,2024-05-23 21:15:00,281.28,50,UPI,36,Delivered,3.6
2497,310,52,2,Kolkata,2024-04-29 11:28:00,247.21,0,UPI,45,Delivered,4.5
2498,202,50,14,Hyderabad,2024-08-07 15:23:00,310.83,30,Cash on Delivery,49,Delivered,3.5
2499,225,47,10,Mumbai,2024-10-01 08:01:00,277.59,0,UPI,34,Delivered,4.7
2500,159,23,13,Delhi,2024-03-19 13:59:00,985.51,0,UPI,31,Delivered,5.0
2501,204,32,5,Bangalore,2024-07-20 09:21:00,249.97,20,UPI,26,Delivered,3.6
2502,137,26,7,Kolkata,2024-02-15 08:26:00,590.34,0,Credit Card,35,Delivered,5.0
2503,73,51,7,Kolkata,2024-05-20 08:04:00,99.0,30,UPI,47,Delivered,4.3
2504,48,27,6,Ahmedabad,2024-08-05 20:26:00,283.41,30,Wallet,30,Delivered,3.6
2505,18,45,14,Bangalore,2024-11-29 15:02:00,350.39,0,Wallet,42,Delivered,5.0
2506,267,12,12,Bangalore,2024-08-26 10:48:00,134.25,0,Wallet,47,Cancelled,
2507,340,19,11,Jaipur,2024-04-03 10:47:00,497.13,20,UPI,31,Delivered,4.3
2508,19,19,11,Jaipur,2024-07-09 21:11:00,605.29,20,Wallet,33,Delivered,4.8
2509,100,52,2,Kolkata,2024-06-04 19:28:00,197.67,30,Debit Card,48,Delivered,5.0
2510,116,34,3,Bangalore,2024-10-22 08:20:00,138.71,0,Cash on Delivery,39,Delivered,4.0
2511,346,32,5,Bangalore,2024-02-26 14:19:00,280.39,50,Credit Card,51,Delivered,4.4
2512,74,29,11,Bangalore,2024-07-21 16:56:00,372.13,20,UPI,36,Delivered,3.4
2513,280,21,9,Jaipur,2024-08-13 17:09:00,544.74,50,Wallet,47,Delivered,3.8
2514,269,35,10,Hyderabad,2024-12-28 19:05:00,625.46,20,Credit Card,24,Delivered,4.1
2515,125,42,9,Jaipur,2024-12-21 15:11:00,470.49,0,Wallet,43,Delivered,4.2
2516,116,5,12,Ahmedabad,2024-02-12 14:22:00,509.07,0,UPI,31,Delivered,2.8
2517,174,12,12,Bangalore,2024-06-03 17:56:00,150.59,50,Wallet,22,Delivered,5.0
2518,181,7,14,Ahmedabad,2024-08-24 12:05:00,771.77,0,UPI,30,Delivered,4.5
2519,226,41,8,Kolkata,2024-11-16 13:49:00,178.18,30,UPI,34,Delivered,4.4
2520,157,2,12,Jaipur,2024-01-22 16:23:00,134.16,50,Debit Card,41,Delivered,5.0
2521,164,25,3,Kolkata,2024-06-01 20:14:00,115.06,20,Debit Card,34,Delivered,5.0
2522,71,10,10,Mumbai,2024-12-11 15:50:00,286.44,0,Cash on Delivery,16,Delivered,4.0
2523,222,38,15,Hyderabad,2024-08-03 13:05:00,99.0,0,Credit Card,32,Delivered,3.8
2524,126,44,1,Lucknow,2024-09-02 10:41:00,514.87,20,UPI,35,Delivered,4.5
2525,145,6,4,Mumbai,2024-07-11 19:45:00,362.34,20,Credit Card,42,Delivered,5.0
2526,176,27,6,Ahmedabad,2024-02-05 17:11:00,452.26,30,UPI,44,Delivered,4.0
2527,152,35,10,Hyderabad,2024-09-23 19:41:00,348.75,30,Debit Card,28,Delivered,4.6
2528,182,10,10,Mumbai,2024-02-08 14:10:00,157.29,50,UPI,28,Delivered,5.0
2529,375,9,11,Bangalore,2024-10-18 11:30:00,118.34,0,UPI,27,Delivered,4.7
2530,347,20,14,Kolkata,2024-10-15 20:17:00,268.81,30,Wallet,25,Delivered,3.1
2531,85,37,8,Mumbai,2024-11-09 15:23:00,459.31,10,UPI,19,Delivered,3.4
2532,364,35,10,Hyderabad,2024-07-19 22:54:00,370.69,0,Debit Card,40,Refunded,
2533,383,37,8,Mumbai,2024-09-09 16:09:00,583.57,0,UPI,61,Delivered,5.0
2534,121,40,6,Kolkata,2024-07-06 09:37:00,188.11,50,UPI,44,Cancelled,
2535,129,8,14,Ahmedabad,2024-09-27 10:42:00,108.14,0,Debit Card,45,Delivered,4.2
2536,6,46,1,Kolkata,2024-07-16 10:55:00,173.2,10,Credit Card,40,Delivered,4.3
2537,334,56,1,Chennai,2024-11-14 18:14:00,925.27,0,Credit Card,22,Delivered,4.4
2538,183,54,1,Kolkata,2024-04-18 11:27:00,110.88,50,Wallet,32,Delivered,5.0
2539,38,31,14,Chennai,2024-05-17 13:46:00,193.93,30,Cash on Delivery,42,Delivered,3.6
2540,116,49,12,Pune,2024-02-26 09:49:00,479.48,0,Wallet,22,Delivered,3.9
2541,102,43,4,Lucknow,2024-03-11 22:17:00,925.22,30,Debit Card,30,Delivered,3.5
2542,8,58,1,Lucknow,2024-03-22 11:40:00,209.21,0,Credit Card,22,Delivered,2.9
2543,218,16,1,Lucknow,2024-03-28 09:39:00,637.45,20,Credit Card,30,Delivered,4.3
2544,207,28,8,Hyderabad,2024-03-24 09:42:00,497.21,0,Cash on Delivery,55,Delivered,3.6
2545,78,6,4,Mumbai,2024-06-02 14:37:00,397.05,10,Credit Card,51,Delivered,4.7
2546,368,32,5,Bangalore,2024-04-03 17:04:00,419.56,50,UPI,37,Delivered,3.7
2547,55,28,8,Hyderabad,2024-03-05 09:55:00,342.88,20,UPI,51,Delivered,3.3
2548,304,11,7,Ahmedabad,2024-09-13 10:01:00,225.59,20,UPI,42,Refunded,
2549,228,42,9,Jaipur,2024-07-31 11:22:00,189.14,0,UPI,32,Delivered,4.7
2550,88,23,13,Delhi,2024-05-28 15:03:00,921.55,0,UPI,23,Delivered,4.4
2551,10,30,9,Ahmedabad,2024-10-04 11:17:00,174.86,0,Debit Card,32,Delivered,4.0
2552,308,9,11,Bangalore,2024-05-08 21:32:00,125.02,10,UPI,32,Delivered,4.0
2553,290,28,8,Hyderabad,2024-10-06 21:35:00,624.4,0,Debit Card,31,Delivered,4.5
2554,164,24,9,Mumbai,2024-07-21 15:59:00,247.55,20,Cash on Delivery,34,Delivered,5.0
2555,239,59,11,Jaipur,2024-12-16 14:12:00,99.0,20,UPI,25,Delivered,4.3
2556,317,28,8,Hyderabad,2024-07-26 15:12:00,963.71,0,UPI,22,Delivered,4.4
2557,144,24,9,Mumbai,2024-05-31 13:25:00,152.47,0,UPI,21,Delivered,3.8
2558,335,15,14,Hyderabad,2024-07-12 13:45:00,116.94,0,Credit Card,39,Delivered,4.0
2559,18,39,11,Lucknow,2024-11-16 08:10:00,99.0,50,Debit Card,25,Delivered,2.1
2560,71,50,14,Hyderabad,2024-06-11 18:28:00,250.03,0,Credit Card,37,Delivered,3.5
2561,175,33,1,Mumbai,2024-06-13 08:57:00,270.13,0,UPI,35,Delivered,3.5
2562,342,47,10,Mumbai,2024-02-23 14:41:00,206.76,30,Credit Card,38,Delivered,3.4
2563,288,34,3,Bangalore,2024-10-11 18:02:00,185.0,0,Cash on Delivery,32,Delivered,3.9
2564,299,22,4,Ahmedabad,2024-05-17 18:41:00,223.94,20,UPI,24,Delivered,3.9
2565,339,29,11,Bangalore,2024-07-22 22:41:00,264.34,0,Cash on Delivery,52,Delivered,3.5
2566,248,34,3,Bangalore,2024-12-15 17:31:00,234.66,0,Debit Card,28,Delivered,4.9
2567,193,42,9,Jaipur,2024-01-26 10:00:00,310.26,0,UPI,54,Delivered,4.5
2568,325,52,2,Kolkata,2024-02-25 20:57:00,259.34,30,Credit Card,22,Delivered,4.2
2569,306,47,10,Mumbai,2024-04-15 09:16:00,306.74,50,UPI,25,Delivered,4.5
2570,268,10,10,Mumbai,2024-06-06 15:38:00,165.63,0,UPI,17,Delivered,3.1
2571,204,51,7,Kolkata,2024-11-03 18:08:00,182.43,50,UPI,36,Delivered,3.1
2572,341,54,1,Kolkata,2024-01-22 09:45:00,134.5,30,UPI,42,Delivered,4.8
2573,123,60,1,Hyderabad,2024-02-18 08:08:00,104.85,0,UPI,20,Delivered,5.0
2574,58,60,1,Hyderabad,2024-12-05 12:18:00,99.0,50,Cash on Delivery,35,Delivered,4.1
2575,339,45,14,Bangalore,2024-12-21 19:39:00,218.8,0,Wallet,31,Delivered,5.0
2576,201,30,9,Ahmedabad,2024-02-14 11:08:00,237.26,0,Debit Card,14,Refunded,
2577,112,56,1,Chennai,2024-04-14 13:17:00,579.2,50,Credit Card,34,Delivered,4.1
2578,128,11,7,Ahmedabad,2024-07-22 17:42:00,211.42,0,Wallet,44,Delivered,3.7
2579,36,54,1,Kolkata,2024-06-15 16:05:00,187.03,0,UPI,50,Delivered,4.7
2580,234,34,3,Bangalore,2024-07-29 21:46:00,271.58,0,UPI,18,Delivered,2.8
2581,310,21,9,Jaipur,2024-01-07 12:15:00,542.63,0,Credit Card,45,Delivered,3.7
2582,47,59,11,Jaipur,2024-02-06 14:18:00,99.0,10,Credit Card,43,Delivered,3.6
2583,115,13,9,Bangalore,2024-06-13 20:16:00,278.98,10,UPI,31,Delivered,3.4
2584,255,54,1,Kolkata,2024-07-10 17:21:00,271.31,0,Debit Card,18,Delivered,3.8
2585,223,25,3,Kolkata,2024-03-02 15:32:00,99.0,20,UPI,38,Refunded,
2586,124,54,1,Kolkata,2024-03-06 21:46:00,141.63,30,Credit Card,18,Delivered,4.3
2587,160,58,1,Lucknow,2024-01-20 19:17:00,381.05,20,Credit Card,38,Refunded,
2588,96,21,9,Jaipur,2024-12-28 16:09:00,337.9,0,Cash on Delivery,29,Delivered,4.9
2589,107,1,6,Mumbai,2024-05-11 12:03:00,139.82,0,Wallet,26,Delivered,4.7
2590,120,58,1,Lucknow,2024-03-17 16:12:00,203.87,0,Debit Card,38,Delivered,3.1
2591,101,5,12,Ahmedabad,2024-09-09 18:23:00,597.93,0,UPI,58,Cancelled,
2592,103,53,3,Pune,2024-07-12 08:57:00,572.22,10,Debit Card,50,Cancelled,
2593,166,22,4,Ahmedabad,2024-07-19 19:34:00,146.28,50,UPI,35,Delivered,5.0
2594,186,7,14,Ahmedabad,2024-05-04 17:00:00,592.57,0,Wallet,38,Delivered,4.8
2595,32,13,9,Bangalore,2024-02-11 12:08:00,312.5,0,Cash on Delivery,34,Cancelled,
2596,66,45,14,Bangalore,2024-07-06 22:14:00,213.09,0,Credit Card,32,Delivered,4.1
2597,179,52,2,Kolkata,2024-11-20 16:57:00,186.27,10,Cash on Delivery,51,Delivered,4.9
2598,267,23,13,Delhi,2024-11-15 16:22:00,680.84,0,Credit Card,38,Delivered,3.5
2599,37,21,9,Jaipur,2024-03-11 15:22:00,315.71,30,UPI,40,Delivered,4.6
2600,201,6,4,Mumbai,2024-08-23 16:26:00,466.52,10,Cash on Delivery,39,Delivered,2.9
2601,358,20,14,Kolkata,2024-04-14 13:54:00,297.88,30,Credit Card,34,Delivered,3.9
2602,49,12,12,Bangalore,2024-06-10 22:08:00,150.27,20,Wallet,25,Delivered,4.9
2603,275,40,6,Kolkata,2024-02-29 20:48:00,323.22,10,UPI,26,Cancelled,
2604,168,9,11,Bangalore,2024-08-12 10:59:00,99.0,0,Cash on Delivery,38,Delivered,3.8
2605,263,50,14,Hyderabad,2024-03-10 12:30:00,151.13,20,Debit Card,41,Delivered,3.9
2606,133,28,8,Hyderabad,2024-06-17 21:28:00,827.85,0,Wallet,23,Delivered,3.7
2607,298,11,7,Ahmedabad,2024-01-14 11:35:00,416.68,0,UPI,28,Cancelled,
2608,344,52,2,Kolkata,2024-09-01 22:07:00,300.91,0,Credit Card,30,Delivered,4.0
2609,176,32,5,Bangalore,2024-06-02 11:47:00,311.55,30,Cash on Delivery,26,Delivered,3.5
2610,391,11,7,Ahmedabad,2024-03-25 19:03:00,284.46,50,Debit Card,14,Delivered,5.0
2611,11,24,9,Mumbai,2024-07-26 13:11:00,326.07,0,UPI,22,Delivered,3.4
2612,201,56,1,Chennai,2024-11-02 15:37:00,1016.52,0,Credit Card,35,Delivered,4.3
2613,297,15,14,Hyderabad,2024-04-10 20:17:00,178.65,0,Wallet,41,Delivered,4.6
2614,3,41,8,Kolkata,2024-01-10 17:38:00,158.99,0,Cash on Delivery,28,Delivered,3.7
2615,214,35,10,Hyderabad,2024-09-13 14:20:00,562.66,0,Debit Card,40,Delivered,3.2
2616,296,17,1,Kolkata,2024-03-05 22:03:00,245.13,0,Cash on Delivery,36,Delivered,3.8
2617,307,25,3,Kolkata,2024-07-06 20:19:00,99.0,30,Credit Card,42,Delivered,3.9
2618,32,49,12,Pune,2024-05-17 14:40:00,162.74,10,Wallet,51,Delivered,4.7
2619,48,35,10,Hyderabad,2024-02-03 19:45:00,387.04,0,Debit Card,26,Delivered,4.0
2620,327,19,11,Jaipur,2024-02-02 09:38:00,321.29,0,UPI,30,Delivered,4.1
2621,252,41,8,Kolkata,2024-11-12 17:53:00,241.75,0,UPI,23,Delivered,3.3
2622,199,31,14,Chennai,2024-12-05 08:12:00,230.43,20,UPI,50,Delivered,4.0
2623,89,17,1,Kolkata,2024-01-01 12:15:00,517.16,50,Debit Card,31,Delivered,5.0
2624,109,55,5,Bangalore,2024-09-27 08:27:00,306.19,50,Cash on Delivery,37,Delivered,4.8
2625,291,50,14,Hyderabad,2024-08-10 14:47:00,179.83,0,Wallet,41,Delivered,3.8
2626,108,23,13,Delhi,2024-04-18 18:16:00,793.24,20,Wallet,49,Delivered,4.6
2627,40,47,10,Mumbai,2024-12-19 20:13:00,169.58,0,UPI,20,Delivered,4.0
2628,52,1,6,Mumbai,2024-05-18 19:41:00,99.0,20,Debit Card,44,Delivered,4.4
2629,112,58,1,Lucknow,2024-04-08 20:58:00,141.03,0,Debit Card,16,Delivered,3.9
2630,295,10,10,Mumbai,2024-11-15 22:16:00,126.79,0,UPI,24,Delivered,3.5
2631,68,8,14,Ahmedabad,2024-01-10 15:20:00,120.62,50,Credit Card,33,Delivered,3.5
2632,189,42,9,Jaipur,2024-07-23 18:49:00,495.61,0,UPI,35,Delivered,4.4
2633,332,26,7,Kolkata,2024-07-15 13:29:00,364.77,0,UPI,50,Delivered,2.5
2634,209,34,3,Bangalore,2024-01-20 16:01:00,217.62,20,UPI,35,Delivered,4.7
2635,65,19,11,Jaipur,2024-10-19 08:03:00,671.29,50,Cash on Delivery,35,Delivered,4.0
2636,62,14,7,Mumbai,2024-12-21 13:57:00,238.61,20,Debit Card,37,Delivered,3.7
2637,258,8,14,Ahmedabad,2024-10-07 10:08:00,99.0,20,Cash on Delivery,46,Delivered,4.7
2638,134,51,7,Kolkata,2024-08-02 19:09:00,131.25,50,Debit Card,28,Cancelled,
2639,122,1,6,Mumbai,2024-10-16 18:09:00,214.39,20,UPI,19,Delivered,2.4
2640,331,48,4,Pune,2024-12-15 13:05:00,195.83,30,UPI,36,Delivered,4.4
2641,171,25,3,Kolkata,2024-08-29 09:29:00,164.07,10,UPI,36,Cancelled,
2642,210,24,9,Mumbai,2024-07-12 17:15:00,159.95,0,UPI,33,Delivered,5.0
2643,296,47,10,Mumbai,2024-07-22 08:52:00,212.04,0,Wallet,51,Delivered,3.3
2644,89,20,14,Kolkata,2024-03-12 09:12:00,144.6,10,Debit Card,43,Delivered,3.8
2645,167,56,1,Chennai,2024-01-15 12:43:00,991.29,30,UPI,16,Delivered,4.4
2646,28,30,9,Ahmedabad,2024-01-08 17:45:00,257.07,20,UPI,30,Delivered,3.2
2647,238,5,12,Ahmedabad,2024-11-20 09:18:00,364.97,10,Debit Card,40,Delivered,4.2
2648,336,3,12,Kolkata,2024-06-14 18:10:00,223.1,30,Debit Card,39,Delivered,5.0
2649,63,32,5,Bangalore,2024-04-26 18:19:00,458.25,20,Debit Card,46,Delivered,4.3
2650,255,17,1,Kolkata,2024-10-03 09:56:00,300.78,10,UPI,50,Refunded,
2651,396,42,9,Jaipur,2024-06-26 17:33:00,441.07,0,Credit Card,39,Delivered,4.3
2652,41,5,12,Ahmedabad,2024-06-02 21:08:00,634.92,10,UPI,41,Delivered,3.4
2653,29,11,7,Ahmedabad,2024-04-24 22:41:00,347.97,30,Cash on Delivery,21,Cancelled,
2654,279,38,15,Hyderabad,2024-09-03 11:05:00,99.0,0,UPI,28,Delivered,4.9
2655,80,4,12,Jaipur,2024-11-29 11:25:00,367.55,20,UPI,29,Delivered,2.5
2656,51,39,11,Lucknow,2024-04-20 14:16:00,99.0,10,Debit Card,21,Delivered,4.1
2657,112,19,11,Jaipur,2024-10-01 20:50:00,313.19,20,UPI,43,Delivered,4.6
2658,361,39,11,Lucknow,2024-08-28 13:28:00,117.6,0,Debit Card,36,Delivered,2.6
2659,301,46,1,Kolkata,2024-11-26 21:24:00,296.92,50,UPI,53,Delivered,2.9
2660,90,49,12,Pune,2024-04-13 18:06:00,266.37,20,UPI,42,Delivered,3.2
2661,229,23,13,Delhi,2024-06-02 15:21:00,652.47,50,Wallet,38,Delivered,4.9
2662,150,17,1,Kolkata,2024-12-10 10:30:00,416.21,10,UPI,51,Delivered,3.7
2663,243,13,9,Bangalore,2024-01-26 17:40:00,241.49,20,UPI,28,Delivered,4.6
2664,138,27,6,Ahmedabad,2024-01-23 22:12:00,482.17,30,UPI,17,Delivered,4.5
2665,135,1,6,Mumbai,2024-08-04 09:01:00,130.31,50,Wallet,44,Delivered,3.1
2666,89,2,12,Jaipur,2024-05-23 16:27:00,138.66,0,Debit Card,39,Delivered,3.9
2667,15,18,9,Lucknow,2024-03-17 10:40:00,712.02,0,Wallet,34,Delivered,4.0
2668,333,36,12,Bangalore,2024-10-13 12:31:00,1485.12,10,Cash on Delivery,30,Delivered,4.4
2669,362,45,14,Bangalore,2024-06-30 09:07:00,138.82,10,Cash on Delivery,28,Delivered,4.2
2670,174,33,1,Mumbai,2024-11-10 16:47:00,343.55,20,Credit Card,35,Delivered,4.1
2671,90,36,12,Bangalore,2024-08-17 13:39:00,389.51,0,Cash on Delivery,37,Delivered,4.8
2672,213,2,12,Jaipur,2024-06-04 12:40:00,161.44,0,Credit Card,42,Delivered,4.8
2673,343,4,12,Jaipur,2024-07-11 16:09:00,607.74,0,Cash on Delivery,21,Cancelled,
2674,61,16,1,Lucknow,2024-05-11 10:09:00,698.46,0,Cash on Delivery,46,Delivered,3.2
2675,364,4,12,Jaipur,2024-11-26 21:37:00,322.93,0,Debit Card,33,Delivered,3.8
2676,220,57,8,Delhi,2024-02-14 08:15:00,490.88,0,UPI,36,Delivered,4.1
2677,61,9,11,Bangalore,2024-06-11 09:10:00,131.04,0,Debit Card,28,Delivered,4.2
2678,307,49,12,Pune,2024-09-09 16:02:00,353.61,10,Credit Card,40,Delivered,4.4
2679,166,21,9,Jaipur,2024-10-11 09:19:00,342.94,0,Credit Card,53,Delivered,4.3
2680,12,23,13,Delhi,2024-08-26 21:33:00,898.09,50,Wallet,43,Delivered,4.5
2681,216,52,2,Kolkata,2024-11-05 22:57:00,193.9,10,Credit Card,31,Refunded,
2682,77,60,1,Hyderabad,2024-04-13 17:57:00,143.28,50,UPI,17,Refunded,
2683,232,53,3,Pune,2024-05-07 09:29:00,844.28,50,Debit Card,29,Delivered,4.5
2684,112,2,12,Jaipur,2024-10-07 22:18:00,231.93,10,Cash on Delivery,30,Delivered,3.9
2685,66,3,12,Kolkata,2024-07-18 19:07:00,176.03,0,Wallet,39,Delivered,3.9
2686,182,23,13,Delhi,2024-08-10 10:02:00,560.66,0,Debit Card,28,Delivered,4.9
2687,204,26,7,Kolkata,2024-08-23 22:21:00,754.16,20,UPI,27,Delivered,3.8
2688,371,47,10,Mumbai,2024-08-15 08:13:00,242.2,50,UPI,31,Delivered,4.5
2689,206,7,14,Ahmedabad,2024-01-09 21:29:00,576.88,0,UPI,35,Refunded,
2690,286,36,12,Bangalore,2024-06-13 18:19:00,443.4,50,UPI,32,Delivered,3.6
2691,105,44,1,Lucknow,2024-10-17 12:46:00,312.57,0,Cash on Delivery,31,Delivered,4.3
2692,242,33,1,Mumbai,2024-04-19 18:51:00,350.56,50,UPI,21,Delivered,4.3
2693,235,49,12,Pune,2024-05-15 11:26:00,279.27,30,UPI,39,Delivered,4.5
2694,176,36,12,Bangalore,2024-06-20 15:37:00,792.79,0,Cash on Delivery,25,Delivered,5.0
2695,211,4,12,Jaipur,2024-02-16 21:43:00,254.13,0,Credit Card,44,Delivered,3.5
2696,31,54,1,Kolkata,2024-02-17 18:20:00,150.95,20,UPI,46,Delivered,4.2
2697,235,23,13,Delhi,2024-12-05 19:03:00,962.54,20,Debit Card,23,Delivered,4.5
2698,242,25,3,Kolkata,2024-05-18 20:08:00,130.98,20,UPI,52,Delivered,4.5
2699,153,41,8,Kolkata,2024-01-04 19:08:00,177.71,10,Debit Card,46,Delivered,3.9
2700,196,26,7,Kolkata,2024-03-17 17:37:00,526.41,50,Cash on Delivery,37,Delivered,4.3
2701,269,28,8,Hyderabad,2024-04-15 20:38:00,515.83,0,Wallet,25,Delivered,4.1
2702,384,28,8,Hyderabad,2024-11-09 10:23:00,737.92,0,UPI,10,Delivered,4.5
2703,170,21,9,Jaipur,2024-07-29 08:12:00,665.8,10,UPI,35,Delivered,4.1
2704,357,10,10,Mumbai,2024-03-17 17:27:00,300.1,20,Debit Card,36,Delivered,4.1
2705,323,27,6,Ahmedabad,2024-09-01 09:09:00,384.93,10,UPI,44,Delivered,4.3
2706,336,51,7,Kolkata,2024-07-23 17:08:00,135.86,10,Credit Card,15,Delivered,3.8
2707,232,51,7,Kolkata,2024-08-12 21:47:00,99.0,50,UPI,45,Delivered,3.6
2708,184,15,14,Hyderabad,2024-03-24 22:31:00,123.07,50,Debit Card,46,Delivered,3.3
2709,359,54,1,Kolkata,2024-02-02 08:23:00,195.89,30,Wallet,39,Delivered,4.0
2710,275,17,1,Kolkata,2024-06-06 21:12:00,379.07,20,Wallet,21,Delivered,3.7
2711,399,39,11,Lucknow,2024-09-07 22:47:00,99.0,20,Cash on Delivery,33,Delivered,3.9
2712,32,35,10,Hyderabad,2024-05-23 09:16:00,678.06,0,UPI,23,Delivered,4.8
2713,177,5,12,Ahmedabad,2024-08-11 18:07:00,562.1,0,Debit Card,22,Delivered,3.9
2714,65,16,1,Lucknow,2024-08-31 10:11:00,712.75,0,Credit Card,23,Delivered,4.9
2715,198,23,13,Delhi,2024-03-24 21:15:00,903.83,0,Wallet,37,Delivered,4.3
2716,27,39,11,Lucknow,2024-02-28 12:48:00,99.22,30,Wallet,27,Cancelled,
2717,151,48,4,Pune,2024-03-03 21:42:00,293.14,0,Wallet,33,Delivered,3.9
2718,303,9,11,Bangalore,2024-02-18 10:53:00,99.0,0,Wallet,42,Delivered,3.5
2719,268,33,1,Mumbai,2024-10-15 21:58:00,439.39,10,Credit Card,35,Cancelled,
2720,85,35,10,Hyderabad,2024-11-27 22:17:00,181.16,20,Cash on Delivery,31,Delivered,4.0
2721,66,57,8,Delhi,2024-09-11 19:22:00,441.24,0,Wallet,34,Delivered,3.9
2722,133,40,6,Kolkata,2024-07-24 21:32:00,261.39,0,Debit Card,51,Delivered,4.8
2723,393,50,14,Hyderabad,2024-10-27 21:14:00,180.74,30,Cash on Delivery,48,Delivered,5.0
2724,366,24,9,Mumbai,2024-07-17 22:51:00,133.69,0,Wallet,11,Delivered,4.7
2725,82,24,9,Mumbai,2024-08-21 21:37:00,158.34,50,Debit Card,30,Delivered,3.7
2726,381,50,14,Hyderabad,2024-09-05 13:43:00,139.61,0,UPI,35,Delivered,4.1
2727,319,24,9,Mumbai,2024-03-15 20:30:00,192.84,20,UPI,56,Delivered,4.0
2728,328,19,11,Jaipur,2024-07-08 16:51:00,617.76,30,UPI,33,Delivered,3.7
2729,98,39,11,Lucknow,2024-03-28 16:18:00,99.0,0,Credit Card,31,Delivered,4.0
2730,73,25,3,Kolkata,2024-03-06 13:19:00,154.27,20,Credit Card,33,Cancelled,
2731,327,52,2,Kolkata,2024-02-02 15:24:00,213.72,30,Debit Card,34,Delivered,4.0
2732,30,31,14,Chennai,2024-02-15 16:33:00,99.0,0,Credit Card,37,Delivered,5.0
2733,125,59,11,Jaipur,2024-11-08 14:04:00,109.99,30,Wallet,39,Delivered,4.3
2734,210,38,15,Hyderabad,2024-02-24 20:24:00,99.0,10,UPI,33,Delivered,4.6
2735,272,25,3,Kolkata,2024-01-08 13:47:00,141.32,0,Wallet,53,Delivered,4.7
2736,213,27,6,Ahmedabad,2024-04-25 20:14:00,397.96,0,UPI,35,Delivered,4.6
2737,133,32,5,Bangalore,2024-07-11 13:02:00,369.62,0,Debit Card,47,Delivered,4.9
2738,157,11,7,Ahmedabad,2024-04-11 13:13:00,648.75,20,Debit Card,36,Cancelled,
2739,47,5,12,Ahmedabad,2024-10-18 09:46:00,184.14,30,Cash on Delivery,31,Delivered,3.9
2740,357,44,1,Lucknow,2024-12-26 09:02:00,269.02,30,Credit Card,40,Delivered,4.7
2741,363,33,1,Mumbai,2024-01-10 08:38:00,431.88,50,UPI,11,Delivered,5.0
2742,382,19,11,Jaipur,2024-04-20 08:26:00,440.09,50,UPI,33,Delivered,3.7
2743,22,43,4,Lucknow,2024-02-26 18:10:00,277.32,0,UPI,10,Delivered,3.9
2744,83,47,10,Mumbai,2024-04-22 12:06:00,280.31,10,Credit Card,23,Delivered,3.9
2745,234,57,8,Delhi,2024-03-23 16:55:00,431.3,10,Credit Card,27,Delivered,5.0
2746,60,16,1,Lucknow,2024-12-14 22:34:00,719.35,0,Debit Card,35,Delivered,3.5
2747,188,35,10,Hyderabad,2024-04-20 12:54:00,688.83,0,Cash on Delivery,38,Delivered,4.2
2748,58,11,7,Ahmedabad,2024-03-16 21:19:00,436.54,0,Wallet,18,Delivered,4.4
2749,259,11,7,Ahmedabad,2024-05-10 16:57:00,325.6,10,Credit Card,30,Delivered,3.8
2750,162,10,10,Mumbai,2024-02-10 14:25:00,223.62,50,UPI,32,Delivered,3.5
2751,301,34,3,Bangalore,2024-05-09 14:22:00,174.53,0,Cash on Delivery,56,Cancelled,
2752,306,52,2,Kolkata,2024-09-07 12:15:00,181.79,50,Credit Card,34,Cancelled,
2753,2,5,12,Ahmedabad,2024-01-09 20:27:00,613.6,50,Credit Card,22,Refunded,
2754,271,23,13,Delhi,2024-11-02 11:16:00,605.61,50,Debit Card,44,Delivered,3.6
2755,143,55,5,Bangalore,2024-02-07 11:00:00,292.12,0,Debit Card,32,Delivered,3.9
2756,188,25,3,Kolkata,2024-07-09 10:08:00,99.0,30,Wallet,42,Refunded,
2757,352,29,11,Bangalore,2024-05-20 15:54:00,254.28,50,Wallet,45,Refunded,
2758,341,40,6,Kolkata,2024-04-18 22:42:00,212.16,30,Wallet,26,Delivered,3.8
2759,224,13,9,Bangalore,2024-10-26 21:03:00,244.74,10,Cash on Delivery,31,Delivered,5.0
2760,367,47,10,Mumbai,2024-05-31 11:50:00,256.69,0,Wallet,31,Delivered,3.8
2761,180,32,5,Bangalore,2024-05-07 16:09:00,367.03,50,UPI,44,Cancelled,
2762,23,34,3,Bangalore,2024-12-21 11:40:00,282.17,20,Cash on Delivery,51,Delivered,3.8
2763,355,12,12,Bangalore,2024-12-30 19:10:00,110.08,10,UPI,52,Cancelled,
2764,37,24,9,Mumbai,2024-05-19 21:17:00,232.59,0,Cash on Delivery,33,Delivered,4.3
2765,107,40,6,Kolkata,2024-04-03 19:47:00,335.75,50,UPI,50,Delivered,4.3
2766,297,21,9,Jaipur,2024-08-16 22:19:00,759.52,50,UPI,39,Delivered,2.2
2767,229,29,11,Bangalore,2024-01-25 19:20:00,226.94,20,UPI,31,Delivered,3.6
2768,313,51,7,Kolkata,2024-10-07 18:08:00,196.1,0,Credit Card,27,Delivered,3.8
2769,97,57,8,Delhi,2024-05-05 09:24:00,530.89,0,Credit Card,40,Delivered,3.5
2770,281,60,1,Hyderabad,2024-12-20 11:31:00,131.57,30,UPI,51,Delivered,4.7
2771,110,23,13,Delhi,2024-06-25 21:00:00,604.95,20,Cash on Delivery,47,Delivered,3.2
2772,37,33,1,Mumbai,2024-07-27 16:58:00,386.05,30,Wallet,27,Delivered,4.7
2773,40,8,14,Ahmedabad,2024-11-23 12:04:00,99.0,0,Cash on Delivery,38,Delivered,2.8
2774,85,42,9,Jaipur,2024-04-14 10:18:00,345.9,0,Cash on Delivery,26,Delivered,4.1
2775,302,13,9,Bangalore,2024-10-05 16:53:00,303.7,30,Cash on Delivery,37,Delivered,5.0
2776,188,5,12,Ahmedabad,2024-04-03 09:15:00,874.23,10,Wallet,40,Refunded,
2777,240,54,1,Kolkata,2024-10-15 09:13:00,240.13,10,Debit Card,38,Delivered,3.7
2778,358,41,8,Kolkata,2024-09-13 17:57:00,178.93,0,Debit Card,45,Delivered,4.1
2779,354,10,10,Mumbai,2024-12-10 22:25:00,182.48,20,Wallet,28,Delivered,4.7
2780,19,14,7,Mumbai,2024-06-20 21:28:00,292.19,20,UPI,48,Delivered,4.7
2781,347,24,9,Mumbai,2024-05-31 22:54:00,188.83,30,UPI,31,Refunded,
2782,393,11,7,Ahmedabad,2024-12-04 15:33:00,378.08,0,Cash on Delivery,24,Delivered,4.3
2783,325,46,1,Kolkata,2024-10-09 17:34:00,166.81,10,UPI,45,Delivered,4.0
2784,261,3,12,Kolkata,2024-08-02 08:07:00,246.47,0,Credit Card,40,Delivered,4.0
2785,158,29,11,Bangalore,2024-01-23 11:13:00,99.0,0,UPI,45,Delivered,3.3
2786,304,53,3,Pune,2024-12-27 20:00:00,234.74,30,Cash on Delivery,37,Delivered,3.5
2787,112,48,4,Pune,2024-11-19 22:31:00,178.98,10,Wallet,13,Cancelled,
2788,144,52,2,Kolkata,2024-08-12 08:25:00,239.62,10,UPI,27,Delivered,4.1
2789,256,30,9,Ahmedabad,2024-12-02 14:22:00,370.85,0,UPI,36,Delivered,4.3
2790,18,49,12,Pune,2024-07-10 11:14:00,280.1,10,UPI,34,Delivered,5.0
2791,184,37,8,Mumbai,2024-09-25 19:01:00,870.2,0,Debit Card,53,Delivered,4.6
2792,287,58,1,Lucknow,2024-05-31 20:23:00,258.46,0,Credit Card,27,Delivered,3.9
2793,385,7,14,Ahmedabad,2024-01-11 18:21:00,938.64,0,Credit Card,44,Delivered,4.4
2794,131,17,1,Kolkata,2024-01-15 17:40:00,425.61,30,UPI,41,Delivered,3.0
2795,281,20,14,Kolkata,2024-03-13 11:27:00,277.95,50,Credit Card,11,Delivered,4.2
2796,245,54,1,Kolkata,2024-03-05 08:30:00,106.18,20,UPI,35,Refunded,
2797,8,11,7,Ahmedabad,2024-05-17 22:36:00,431.56,50,Debit Card,36,Delivered,4.5
2798,193,44,1,Lucknow,2024-09-10 20:17:00,302.09,10,UPI,48,Delivered,4.5
2799,318,25,3,Kolkata,2024-10-20 14:48:00,99.0,0,Debit Card,18,Delivered,4.1
2800,391,59,11,Jaipur,2024-03-10 15:11:00,99.0,50,UPI,43,Delivered,4.4
2801,7,24,9,Mumbai,2024-02-22 21:43:00,119.97,0,UPI,39,Delivered,3.9
2802,136,2,12,Jaipur,2024-11-25 13:19:00,174.26,20,UPI,48,Delivered,4.3
2803,19,27,6,Ahmedabad,2024-11-30 22:06:00,428.2,20,Debit Card,29,Delivered,3.5
2804,139,19,11,Jaipur,2024-02-27 16:09:00,510.38,0,Debit Card,43,Delivered,3.4
2805,367,58,1,Lucknow,2024-01-10 20:38:00,267.25,10,Wallet,24,Refunded,
2806,177,29,11,Bangalore,2024-06-04 21:36:00,187.84,30,UPI,56,Delivered,4.9
2807,11,37,8,Mumbai,2024-04-28 10:49:00,1146.75,10,UPI,31,Delivered,4.0
2808,41,11,7,Ahmedabad,2024-10-25 22:20:00,513.17,30,UPI,20,Delivered,4.4
2809,114,55,5,Bangalore,2024-11-03 12:55:00,296.55,10,UPI,26,Delivered,3.6
2810,180,19,11,Jaipur,2024-11-27 11:46:00,722.68,20,UPI,45,Delivered,3.4
2811,194,28,8,Hyderabad,2024-08-18 17:27:00,797.5,10,UPI,35,Refunded,
2812,196,39,11,Lucknow,2024-10-05 22:44:00,99.0,50,Credit Card,45,Delivered,3.8
2813,348,21,9,Jaipur,2024-11-12 15:43:00,541.07,30,Debit Card,51,Delivered,4.4
2814,225,26,7,Kolkata,2024-08-05 21:32:00,729.04,10,Cash on Delivery,45,Delivered,2.9
2815,331,22,4,Ahmedabad,2024-01-16 13:48:00,146.33,10,UPI,44,Cancelled,
2816,323,6,4,Mumbai,2024-02-26 21:49:00,436.35,20,Credit Card,25,Delivered,4.2
2817,261,11,7,Ahmedabad,2024-12-28 09:06:00,237.73,0,Cash on Delivery,27,Delivered,4.5
2818,116,59,11,Jaipur,2024-08-29 17:07:00,115.99,0,UPI,23,Delivered,3.6
2819,150,14,7,Mumbai,2024-11-21 21:38:00,325.77,10,Cash on Delivery,35,Delivered,4.2
2820,118,60,1,Hyderabad,2024-10-14 13:41:00,119.33,0,Wallet,54,Delivered,4.2
2821,165,36,12,Bangalore,2024-08-22 16:44:00,985.7,10,Wallet,32,Cancelled,
2822,252,60,1,Hyderabad,2024-09-21 22:06:00,99.0,50,Credit Card,53,Cancelled,
2823,267,40,6,Kolkata,2024-09-25 17:02:00,154.52,20,Debit Card,19,Delivered,3.6
2824,44,41,8,Kolkata,2024-10-17 08:20:00,263.02,10,Cash on Delivery,30,Delivered,4.0
2825,181,2,12,Jaipur,2024-11-15 22:51:00,233.19,0,UPI,26,Delivered,4.1
2826,77,57,8,Delhi,2024-10-16 16:34:00,475.3,0,Cash on Delivery,39,Delivered,3.6
2827,374,43,4,Lucknow,2024-09-27 15:31:00,903.44,20,Credit Card,39,Delivered,3.9
2828,116,60,1,Hyderabad,2024-09-18 21:44:00,99.0,30,Cash on Delivery,18,Delivered,4.1
2829,67,20,14,Kolkata,2024-12-18 11:18:00,182.36,0,UPI,27,Delivered,4.3
2830,13,22,4,Ahmedabad,2024-08-12 19:30:00,206.44,0,UPI,47,Delivered,5.0
2831,92,39,11,Lucknow,2024-04-27 09:14:00,99.0,50,Debit Card,45,Delivered,3.5
2832,246,4,12,Jaipur,2024-03-18 10:42:00,411.55,0,Credit Card,27,Delivered,4.9
2833,267,56,1,Chennai,2024-09-27 13:51:00,1431.82,0,UPI,28,Delivered,3.6
2834,139,29,11,Bangalore,2024-03-13 12:19:00,236.47,0,Credit Card,34,Delivered,4.1
2835,341,46,1,Kolkata,2024-12-19 13:25:00,275.62,10,UPI,26,Delivered,4.7
2836,244,58,1,Lucknow,2024-07-28 19:54:00,118.12,20,Debit Card,39,Cancelled,
2837,341,24,9,Mumbai,2024-03-13 18:52:00,231.4,20,Credit Card,33,Delivered,4.4
2838,391,1,6,Mumbai,2024-07-02 18:05:00,118.26,20,UPI,45,Delivered,2.7
2839,273,24,9,Mumbai,2024-03-18 19:57:00,217.56,50,Credit Card,33,Delivered,4.8
2840,304,58,1,Lucknow,2024-12-09 20:12:00,269.94,0,UPI,44,Delivered,4.3
2841,398,30,9,Ahmedabad,2024-10-25 19:50:00,260.43,0,Debit Card,30,Delivered,3.8
2842,191,12,12,Bangalore,2024-10-01 12:26:00,107.37,0,UPI,30,Delivered,4.0
2843,97,19,11,Jaipur,2024-05-01 10:23:00,457.42,20,Cash on Delivery,35,Delivered,4.4
2844,331,37,8,Mumbai,2024-01-26 20:27:00,803.04,0,UPI,19,Delivered,4.5
2845,205,58,1,Lucknow,2024-08-25 15:17:00,231.8,10,Credit Card,34,Delivered,4.4
2846,137,40,6,Kolkata,2024-12-21 17:28:00,355.25,0,Debit Card,46,Delivered,3.7
2847,77,43,4,Lucknow,2024-09-29 11:43:00,759.23,20,UPI,24,Delivered,4.1
2848,384,54,1,Kolkata,2024-03-01 18:28:00,140.43,0,UPI,45,Delivered,3.6
2849,37,4,12,Jaipur,2024-07-14 17:24:00,451.77,0,UPI,36,Delivered,4.6
2850,286,15,14,Hyderabad,2024-11-18 22:01:00,99.0,0,UPI,37,Cancelled,
2851,303,20,14,Kolkata,2024-03-29 08:05:00,397.12,0,Credit Card,39,Delivered,4.0
2852,135,44,1,Lucknow,2024-10-08 15:34:00,145.13,0,Debit Card,32,Delivered,4.4
2853,142,20,14,Kolkata,2024-01-27 16:17:00,317.23,20,UPI,39,Delivered,3.8
2854,254,54,1,Kolkata,2024-06-30 08:47:00,244.45,10,Credit Card,33,Delivered,4.2
2855,48,55,5,Bangalore,2024-12-24 10:54:00,165.21,30,Wallet,29,Delivered,4.0
2856,255,21,9,Jaipur,2024-07-14 16:36:00,583.92,20,Wallet,47,Refunded,
2857,134,10,10,Mumbai,2024-11-02 22:07:00,158.63,0,UPI,23,Delivered,3.4
2858,290,30,9,Ahmedabad,2024-02-07 09:18:00,237.59,20,UPI,30,Delivered,4.8
2859,208,24,9,Mumbai,2024-02-25 22:25:00,228.22,20,Credit Card,43,Delivered,4.5
2860,101,48,4,Pune,2024-12-24 17:37:00,197.1,0,UPI,26,Delivered,3.3
2861,46,55,5,Bangalore,2024-11-29 08:40:00,175.0,10,UPI,33,Delivered,3.6
2862,70,40,6,Kolkata,2024-12-04 21:04:00,280.78,30,UPI,21,Refunded,
2863,136,52,2,Kolkata,2024-08-10 14:18:00,187.51,10,UPI,31,Delivered,3.7
2864,280,40,6,Kolkata,2024-10-13 11:57:00,241.7,20,Credit Card,21,Delivered,4.9
2865,67,38,15,Hyderabad,2024-08-18 15:33:00,99.0,0,Credit Card,28,Delivered,4.6
2866,4,3,12,Kolkata,2024-01-23 20:39:00,149.1,0,UPI,37,Delivered,4.2
2867,224,29,11,Bangalore,2024-01-06 13:40:00,198.82,50,Credit Card,34,Delivered,3.2
2868,1,8,14,Ahmedabad,2024-12-21 18:10:00,99.0,0,Credit Card,46,Delivered,4.4
2869,290,29,11,Bangalore,2024-11-20 16:16:00,336.93,0,Debit Card,42,Refunded,
2870,109,55,5,Bangalore,2024-08-31 14:26:00,180.31,0,Wallet,31,Refunded,
2871,265,10,10,Mumbai,2024-02-16 16:14:00,271.36,30,Wallet,45,Delivered,4.2
2872,63,5,12,Ahmedabad,2024-04-19 20:10:00,530.25,50,Credit Card,34,Delivered,3.9
2873,266,11,7,Ahmedabad,2024-12-30 17:21:00,443.73,0,Cash on Delivery,28,Delivered,4.9
2874,138,4,12,Jaipur,2024-12-13 15:28:00,360.2,0,UPI,23,Delivered,4.0
2875,44,49,12,Pune,2024-03-13 17:03:00,130.3,0,Credit Card,50,Delivered,4.8
2876,374,58,1,Lucknow,2024-04-22 21:55:00,289.89,0,Debit Card,48,Delivered,3.9
2877,262,35,10,Hyderabad,2024-09-30 18:15:00,391.67,0,Debit Card,33,Cancelled,
2878,216,50,14,Hyderabad,2024-12-14 14:59:00,110.49,10,UPI,34,Delivered,3.6
2879,121,40,6,Kolkata,2024-01-10 16:58:00,187.39,10,UPI,33,Delivered,3.4
2880,152,56,1,Chennai,2024-01-31 19:59:00,732.06,20,UPI,16,Delivered,4.1
2881,213,12,12,Bangalore,2024-09-05 10:53:00,99.0,30,Debit Card,34,Delivered,4.1
2882,234,21,9,Jaipur,2024-09-26 17:24:00,449.58,20,Wallet,14,Delivered,3.5
2883,351,16,1,Lucknow,2024-01-02 15:13:00,976.87,20,UPI,23,Delivered,3.6
2884,111,14,7,Mumbai,2024-11-15 14:35:00,252.4,10,Wallet,35,Delivered,4.8
2885,361,21,9,Jaipur,2024-04-23 15:26:00,679.91,10,UPI,43,Delivered,4.5
2886,320,48,4,Pune,2024-06-13 13:29:00,175.81,0,Wallet,18,Cancelled,
2887,222,27,6,Ahmedabad,2024-03-31 14:14:00,538.38,0,Cash on Delivery,33,Delivered,5.0
2888,226,36,12,Bangalore,2024-10-08 08:55:00,448.13,10,UPI,34,Refunded,
2889,210,1,6,Mumbai,2024-01-04 20:56:00,176.99,0,UPI,33,Delivered,3.1
2890,396,1,6,Mumbai,2024-09-13 18:49:00,145.13,0,UPI,38,Delivered,5.0
2891,71,22,4,Ahmedabad,2024-03-14 18:16:00,281.29,50,Wallet,43,Delivered,3.6
2892,360,15,14,Hyderabad,2024-06-12 15:46:00,131.44,0,Credit Card,35,Delivered,3.3
2893,89,52,2,Kolkata,2024-08-05 12:12:00,136.84,0,Debit Card,50,Delivered,4.3
2894,262,20,14,Kolkata,2024-09-21 18:10:00,288.0,0,UPI,33,Cancelled,
2895,366,3,12,Kolkata,2024-03-10 08:53:00,373.54,0,Wallet,25,Delivered,3.0
2896,188,14,7,Mumbai,2024-07-16 20:21:00,267.71,0,UPI,53,Delivered,4.7
2897,112,9,11,Bangalore,2024-02-25 22:21:00,99.0,30,UPI,59,Refunded,
2898,239,19,11,Jaipur,2024-10-19 22:26:00,317.76,0,UPI,41,Delivered,4.2
2899,256,40,6,Kolkata,2024-05-07 22:57:00,321.02,0,Credit Card,12,Delivered,3.7
2900,150,34,3,Bangalore,2024-11-20 17:35:00,196.9,0,UPI,38,Delivered,4.7
2901,127,4,12,Jaipur,2024-10-14 09:06:00,484.1,0,Debit Card,28,Delivered,4.0
2902,392,33,1,Mumbai,2024-02-17 17:49:00,423.67,0,UPI,50,Delivered,4.1
2903,319,43,4,Lucknow,2024-12-02 21:20:00,1209.0,50,Credit Card,35,Delivered,4.5
2904,397,37,8,Mumbai,2024-02-29 20:00:00,624.58,0,Credit Card,28,Refunded,
2905,274,2,12,Jaipur,2024-03-05 22:32:00,126.56,30,UPI,38,Delivered,3.7
2906,333,27,6,Ahmedabad,2024-02-07 16:25:00,521.61,0,UPI,48,Delivered,3.5
2907,398,45,14,Bangalore,2024-02-28 19:32:00,262.28,20,Cash on Delivery,27,Delivered,4.0
2908,139,17,1,Kolkata,2024-12-22 22:40:00,528.35,0,UPI,43,Delivered,3.3
2909,103,49,12,Pune,2024-06-06 16:48:00,249.05,0,UPI,16,Delivered,3.8
2910,242,50,14,Hyderabad,2024-02-17 15:48:00,212.46,30,Debit Card,34,Delivered,3.5
2911,117,53,3,Pune,2024-02-25 08:11:00,297.9,0,UPI,21,Delivered,3.9
2912,214,60,1,Hyderabad,2024-03-09 15:05:00,99.0,10,Debit Card,27,Delivered,3.6
2913,17,31,14,Chennai,2024-03-29 08:24:00,162.46,50,UPI,47,Delivered,3.9
2914,179,41,8,Kolkata,2024-09-13 17:41:00,216.64,0,UPI,31,Delivered,4.7
2915,224,6,4,Mumbai,2024-05-10 08:18:00,231.8,0,Cash on Delivery,28,Delivered,3.7
2916,270,60,1,Hyderabad,2024-11-11 18:28:00,99.0,0,UPI,47,Delivered,4.3
2917,313,52,2,Kolkata,2024-01-02 16:55:00,262.65,30,UPI,41,Delivered,3.0
2918,349,31,14,Chennai,2024-05-24 19:45:00,189.93,10,Cash on Delivery,16,Delivered,3.9
2919,134,3,12,Kolkata,2024-03-01 08:48:00,232.58,0,UPI,34,Delivered,3.6
2920,114,40,6,Kolkata,2024-11-27 19:19:00,327.44,10,Credit Card,36,Delivered,4.1
2921,132,3,12,Kolkata,2024-05-10 18:56:00,320.46,30,Wallet,43,Delivered,3.8
2922,139,33,1,Mumbai,2024-02-19 11:16:00,198.59,30,Debit Card,32,Delivered,4.6
2923,365,52,2,Kolkata,2024-06-26 12:45:00,193.77,0,UPI,54,Delivered,3.9
2924,232,59,11,Jaipur,2024-06-18 22:32:00,140.16,20,Debit Card,38,Delivered,4.8
2925,375,13,9,Bangalore,2024-12-01 18:54:00,156.88,30,UPI,19,Delivered,2.8
2926,92,21,9,Jaipur,2024-05-27 13:23:00,282.39,0,UPI,31,Delivered,4.1
2927,267,37,8,Mumbai,2024-05-04 13:15:00,890.99,30,Cash on Delivery,46,Delivered,4.2
2928,99,16,1,Lucknow,2024-04-03 09:00:00,1040.78,10,UPI,32,Delivered,3.5
2929,207,21,9,Jaipur,2024-03-28 15:08:00,458.01,30,UPI,36,Delivered,4.1
2930,8,56,1,Chennai,2024-08-01 19:16:00,644.39,50,UPI,35,Delivered,4.4
2931,370,48,4,Pune,2024-03-29 19:14:00,99.0,50,Wallet,11,Delivered,4.8
2932,321,56,1,Chennai,2024-04-03 10:26:00,682.88,0,UPI,31,Delivered,3.9
2933,93,44,1,Lucknow,2024-08-01 17:57:00,167.52,0,UPI,30,Delivered,3.8
2934,158,13,9,Bangalore,2024-01-31 18:11:00,268.08,0,Credit Card,52,Delivered,3.7
2935,360,4,12,Jaipur,2024-10-28 22:31:00,557.29,30,Credit Card,48,Delivered,4.1
2936,99,31,14,Chennai,2024-06-08 16:58:00,99.0,30,Credit Card,23,Delivered,3.5
2937,225,9,11,Bangalore,2024-08-24 10:52:00,99.0,0,Wallet,20,Delivered,4.6
2938,340,48,4,Pune,2024-11-12 21:20:00,251.66,20,UPI,42,Delivered,3.1
2939,208,33,1,Mumbai,2024-03-20 14:03:00,306.85,0,UPI,35,Cancelled,
2940,73,37,8,Mumbai,2024-11-03 14:24:00,841.78,10,UPI,37,Cancelled,
2941,59,53,3,Pune,2024-06-07 18:47:00,621.53,0,Debit Card,23,Delivered,4.1
2942,287,37,8,Mumbai,2024-10-18 13:53:00,767.64,0,UPI,34,Delivered,3.3
2943,64,24,9,Mumbai,2024-04-28 22:16:00,205.94,10,Cash on Delivery,28,Delivered,4.1
2944,256,25,3,Kolkata,2024-11-26 21:34:00,99.0,30,Wallet,24,Delivered,4.6
2945,48,51,7,Kolkata,2024-12-26 13:21:00,132.03,0,UPI,32,Delivered,4.2
2946,279,41,8,Kolkata,2024-04-26 18:47:00,209.73,0,Wallet,33,Delivered,3.7
2947,198,29,11,Bangalore,2024-04-24 18:36:00,128.86,20,UPI,23,Delivered,4.5
2948,158,59,11,Jaipur,2024-10-28 08:34:00,99.0,50,Credit Card,31,Delivered,2.5
2949,311,40,6,Kolkata,2024-05-11 12:25:00,238.51,10,Cash on Delivery,28,Delivered,4.1
2950,7,51,7,Kolkata,2024-08-15 10:57:00,167.05,50,Debit Card,33,Cancelled,
2951,248,50,14,Hyderabad,2024-03-21 20:25:00,205.29,0,Cash on Delivery,31,Delivered,3.6
2952,368,47,10,Mumbai,2024-05-29 14:57:00,128.41,0,Credit Card,52,Delivered,4.4
2953,232,36,12,Bangalore,2024-03-03 15:27:00,998.3,0,Wallet,37,Delivered,2.6
2954,106,15,14,Hyderabad,2024-12-21 18:36:00,154.66,30,Cash on Delivery,30,Delivered,3.8
2955,98,45,14,Bangalore,2024-11-17 08:39:00,258.24,20,UPI,45,Delivered,3.7
2956,268,60,1,Hyderabad,2024-06-14 12:08:00,99.0,0,Wallet,14,Delivered,4.6
2957,60,18,9,Lucknow,2024-07-07 18:01:00,809.63,30,Wallet,41,Delivered,3.6
2958,308,20,14,Kolkata,2024-04-15 19:07:00,289.03,0,Credit Card,37,Delivered,4.0
2959,140,5,12,Ahmedabad,2024-05-05 17:12:00,650.68,20,Debit Card,38,Refunded,
2960,397,18,9,Lucknow,2024-11-08 08:38:00,956.99,20,Cash on Delivery,30,Delivered,4.1
2961,328,60,1,Hyderabad,2024-07-13 21:51:00,99.0,20,Cash on Delivery,43,Delivered,4.1
2962,190,40,6,Kolkata,2024-05-20 10:06:00,241.32,0,UPI,38,Delivered,4.1
2963,125,1,6,Mumbai,2024-02-23 15:21:00,126.46,0,Debit Card,44,Delivered,4.1
2964,163,19,11,Jaipur,2024-12-03 20:22:00,521.44,0,Wallet,26,Delivered,4.1
2965,60,23,13,Delhi,2024-09-14 09:49:00,426.55,0,UPI,46,Delivered,5.0
2966,31,26,7,Kolkata,2024-07-21 22:32:00,261.51,30,Cash on Delivery,30,Delivered,3.0
2967,333,49,12,Pune,2024-03-20 18:32:00,428.92,0,Credit Card,20,Delivered,3.6
2968,76,29,11,Bangalore,2024-09-10 14:30:00,474.18,50,UPI,53,Delivered,4.1
2969,243,59,11,Jaipur,2024-06-24 21:45:00,134.98,0,UPI,43,Delivered,4.8
2970,317,34,3,Bangalore,2024-02-16 21:27:00,229.05,30,Cash on Delivery,54,Delivered,4.7
2971,258,19,11,Jaipur,2024-04-16 10:16:00,616.32,0,UPI,35,Delivered,4.7
2972,190,48,4,Pune,2024-05-02 17:05:00,246.69,0,UPI,45,Delivered,4.1
2973,377,18,9,Lucknow,2024-04-16 08:08:00,1122.3,20,Credit Card,47,Delivered,4.8
2974,315,2,12,Jaipur,2024-02-19 08:30:00,127.84,0,Credit Card,32,Delivered,3.7
2975,296,60,1,Hyderabad,2024-09-24 14:53:00,99.0,10,UPI,19,Cancelled,
2976,177,27,6,Ahmedabad,2024-09-10 12:42:00,398.18,30,Debit Card,39,Delivered,4.6
2977,288,6,4,Mumbai,2024-02-28 11:02:00,353.6,10,Debit Card,38,Delivered,4.2
2978,294,39,11,Lucknow,2024-11-09 15:54:00,99.0,10,UPI,38,Delivered,4.2
2979,348,6,4,Mumbai,2024-02-26 08:38:00,250.26,20,Credit Card,35,Delivered,3.3
2980,207,59,11,Jaipur,2024-03-30 11:54:00,143.12,50,Debit Card,30,Delivered,3.0
2981,215,6,4,Mumbai,2024-02-14 19:00:00,224.66,30,UPI,29,Delivered,3.9
2982,344,31,14,Chennai,2024-01-21 10:20:00,216.09,30,Wallet,42,Delivered,4.0
2983,141,41,8,Kolkata,2024-02-21 09:42:00,257.79,50,Credit Card,10,Delivered,3.4
2984,85,40,6,Kolkata,2024-03-07 20:48:00,393.4,20,UPI,18,Delivered,4.7
2985,182,30,9,Ahmedabad,2024-10-26 17:39:00,413.73,0,UPI,16,Delivered,3.6
2986,332,56,1,Chennai,2024-11-20 11:57:00,833.3,30,Credit Card,15,Delivered,4.4
2987,128,54,1,Kolkata,2024-01-28 12:51:00,324.71,50,UPI,34,Delivered,3.9
2988,269,21,9,Jaipur,2024-02-20 12:03:00,575.79,20,UPI,41,Delivered,4.6
2989,39,41,8,Kolkata,2024-03-19 08:43:00,223.77,50,UPI,40,Delivered,3.4
2990,23,44,1,Lucknow,2024-03-14 22:41:00,317.44,30,Credit Card,23,Refunded,
2991,242,18,9,Lucknow,2024-07-02 14:17:00,652.25,0,UPI,18,Delivered,3.1
2992,366,23,13,Delhi,2024-05-08 10:52:00,920.93,10,Wallet,37,Delivered,4.4
2993,107,38,15,Hyderabad,2024-07-04 22:58:00,134.52,0,Debit Card,40,Delivered,4.6
2994,348,23,13,Delhi,2024-01-01 10:02:00,435.37,0,Cash on Delivery,41,Delivered,4.3
2995,142,28,8,Hyderabad,2024-10-19 10:28:00,1325.96,30,Debit Card,21,Delivered,3.6
2996,145,36,12,Bangalore,2024-03-29 08:35:00,1115.51,20,Credit Card,43,Delivered,4.5
2997,280,25,3,Kolkata,2024-07-07 20:57:00,99.0,30,Cash on Delivery,37,Delivered,4.4
2998,245,7,14,Ahmedabad,2024-12-11 11:48:00,876.53,10,Credit Card,25,Delivered,3.4
2999,191,18,9,Lucknow,2024-09-26 09:26:00,740.28,30,UPI,29,Delivered,4.4
3000,290,20,14,Kolkata,2024-06-24 10:22:00,274.96,10,Credit Card,26,Delivered,4.2
3001,179,5,12,Ahmedabad,2024-12-06 16:22:00,479.61,0,Cash on Delivery,27,Delivered,4.2
3002,112,18,9,Lucknow,2024-10-03 12:42:00,867.71,50,Debit Card,46,Delivered,3.3
3003,214,42,9,Jaipur,2024-08-10 12:25:00,271.71,50,UPI,40,Delivered,4.6
3004,138,40,6,Kolkata,2024-02-10 17:34:00,414.26,50,UPI,24,Delivered,3.8
3005,374,33,1,Mumbai,2024-10-20 15:10:00,280.8,0,Credit Card,30,Delivered,3.7
3006,200,15,14,Hyderabad,2024-01-29 22:54:00,174.86,10,UPI,41,Delivered,4.4
3007,7,35,10,Hyderabad,2024-11-11 10:00:00,398.2,30,Wallet,15,Delivered,4.0
3008,346,47,10,Mumbai,2024-08-31 20:53:00,238.28,50,Credit Card,41,Delivered,3.2
3009,13,46,1,Kolkata,2024-05-26 21:48:00,284.59,50,UPI,55,Delivered,5.0
3010,80,1,6,Mumbai,2024-10-04 21:48:00,154.4,20,UPI,38,Delivered,4.2
3011,286,21,9,Jaipur,2024-05-21 19:15:00,519.41,20,UPI,33,Delivered,4.1
3012,159,8,14,Ahmedabad,2024-12-18 20:37:00,99.0,10,UPI,20,Delivered,4.1
3013,389,7,14,Ahmedabad,2024-02-24 10:37:00,594.41,30,Wallet,12,Delivered,4.1
3014,272,41,8,Kolkata,2024-06-09 20:04:00,239.79,30,Wallet,30,Delivered,4.2
3015,201,50,14,Hyderabad,2024-07-16 22:15:00,148.74,0,Wallet,40,Delivered,4.8
3016,150,44,1,Lucknow,2024-01-31 16:47:00,241.53,0,Cash on Delivery,33,Cancelled,
3017,296,40,6,Kolkata,2024-02-15 08:12:00,202.16,0,Debit Card,47,Delivered,5.0
3018,293,40,6,Kolkata,2024-02-21 17:23:00,225.14,30,Wallet,39,Delivered,3.9
3019,334,30,9,Ahmedabad,2024-03-14 16:30:00,143.48,10,Wallet,27,Delivered,4.5
3020,272,38,15,Hyderabad,2024-03-17 10:58:00,99.0,0,Wallet,48,Delivered,4.5
3021,43,35,10,Hyderabad,2024-02-21 09:48:00,581.46,20,Wallet,41,Delivered,4.5
3022,319,2,12,Jaipur,2024-03-27 20:31:00,174.95,0,Debit Card,19,Delivered,4.9
3023,15,46,1,Kolkata,2024-08-12 09:32:00,273.3,0,UPI,25,Delivered,4.6
3024,248,8,14,Ahmedabad,2024-09-04 12:55:00,141.26,30,Credit Card,30,Delivered,4.4
3025,172,38,15,Hyderabad,2024-03-07 20:59:00,99.0,10,Debit Card,53,Cancelled,
3026,218,4,12,Jaipur,2024-11-22 15:21:00,192.97,0,Credit Card,42,Delivered,3.7
3027,137,37,8,Mumbai,2024-07-07 14:29:00,926.69,0,Cash on Delivery,25,Delivered,4.3
3028,321,21,9,Jaipur,2024-04-05 15:52:00,237.95,20,Cash on Delivery,67,Delivered,3.5
3029,227,13,9,Bangalore,2024-09-19 08:04:00,287.68,20,Debit Card,43,Delivered,4.4
3030,44,9,11,Bangalore,2024-04-22 19:07:00,108.35,20,UPI,23,Delivered,4.3
3031,20,45,14,Bangalore,2024-05-11 09:04:00,323.65,0,UPI,32,Delivered,3.2
3032,119,29,11,Bangalore,2024-04-30 12:37:00,250.8,0,UPI,30,Cancelled,
3033,234,41,8,Kolkata,2024-05-01 17:00:00,171.62,50,UPI,27,Delivered,3.8
3034,368,56,1,Chennai,2024-09-16 14:53:00,898.74,20,Debit Card,48,Delivered,3.7
3035,379,24,9,Mumbai,2024-06-09 08:07:00,236.12,0,UPI,34,Delivered,4.5
3036,336,16,1,Lucknow,2024-10-02 12:44:00,672.74,10,UPI,44,Delivered,3.9
3037,356,12,12,Bangalore,2024-09-04 22:25:00,158.33,10,Credit Card,34,Delivered,3.2
3038,262,2,12,Jaipur,2024-03-27 09:30:00,116.83,10,Cash on Delivery,31,Delivered,4.4
3039,83,19,11,Jaipur,2024-02-11 19:00:00,567.0,0,UPI,29,Delivered,4.2
3040,31,30,9,Ahmedabad,2024-08-21 16:02:00,130.47,10,Cash on Delivery,35,Delivered,4.2
3041,322,16,1,Lucknow,2024-04-24 17:08:00,1404.26,10,UPI,27,Delivered,3.4
3042,274,24,9,Mumbai,2024-04-15 10:15:00,243.26,0,UPI,35,Delivered,4.5
3043,234,13,9,Bangalore,2024-08-29 21:02:00,200.86,0,Debit Card,29,Delivered,4.0
3044,28,5,12,Ahmedabad,2024-08-13 08:49:00,459.81,0,Wallet,22,Delivered,4.0
3045,252,23,13,Delhi,2024-05-20 09:06:00,513.04,0,Credit Card,31,Delivered,3.3
3046,324,56,1,Chennai,2024-04-21 22:20:00,565.8,0,Debit Card,17,Cancelled,
3047,253,38,15,Hyderabad,2024-05-26 16:46:00,106.35,50,Cash on Delivery,49,Delivered,3.4
3048,239,31,14,Chennai,2024-07-21 08:31:00,212.62,10,Cash on Delivery,40,Delivered,5.0
3049,370,53,3,Pune,2024-03-25 14:19:00,484.82,0,UPI,30,Delivered,3.4
3050,314,56,1,Chennai,2024-03-12 17:36:00,324.65,0,Cash on Delivery,17,Delivered,2.8
3051,175,17,1,Kolkata,2024-01-09 16:24:00,326.33,0,Wallet,35,Delivered,3.9
3052,194,49,12,Pune,2024-09-14 10:45:00,208.89,0,Cash on Delivery,37,Delivered,4.0
3053,180,49,12,Pune,2024-01-20 17:40:00,256.67,0,Cash on Delivery,39,Delivered,3.5
3054,385,3,12,Kolkata,2024-08-08 13:16:00,239.43,30,Credit Card,27,Delivered,3.6
3055,295,26,7,Kolkata,2024-03-29 13:03:00,170.06,20,UPI,37,Delivered,4.0
3056,215,13,9,Bangalore,2024-12-15 11:02:00,216.76,0,Debit Card,54,Delivered,4.3
3057,203,44,1,Lucknow,2024-03-27 10:17:00,200.33,0,Credit Card,30,Cancelled,
3058,250,38,15,Hyderabad,2024-06-02 15:35:00,126.92,0,Wallet,45,Delivered,3.3
3059,362,22,4,Ahmedabad,2024-09-20 08:30:00,182.9,0,Wallet,35,Delivered,3.9
3060,257,21,9,Jaipur,2024-04-30 08:26:00,200.21,0,Cash on Delivery,34,Cancelled,
3061,75,29,11,Bangalore,2024-06-21 11:21:00,221.84,0,Wallet,36,Delivered,4.1
3062,344,45,14,Bangalore,2024-05-07 17:31:00,270.48,20,UPI,30,Delivered,4.0
3063,202,46,1,Kolkata,2024-04-19 10:36:00,205.07,50,Wallet,36,Delivered,3.7
3064,142,39,11,Lucknow,2024-03-11 08:30:00,99.0,0,UPI,45,Delivered,3.5
3065,206,5,12,Ahmedabad,2024-09-24 18:23:00,474.46,10,UPI,44,Delivered,5.0
3066,199,14,7,Mumbai,2024-11-23 16:37:00,266.92,20,Debit Card,46,Cancelled,
3067,171,18,9,Lucknow,2024-07-06 13:33:00,717.89,20,Credit Card,29,Delivered,2.7
3068,316,4,12,Jaipur,2024-01-19 11:19:00,522.78,10,Wallet,36,Delivered,4.7
3069,228,33,1,Mumbai,2024-07-02 21:32:00,382.88,50,Credit Card,57,Delivered,3.4
3070,386,39,11,Lucknow,2024-01-10 21:03:00,120.23,30,Wallet,25,Delivered,4.2
3071,179,20,14,Kolkata,2024-12-13 20:42:00,264.75,50,UPI,34,Delivered,4.1
3072,366,13,9,Bangalore,2024-12-01 18:51:00,183.63,20,Cash on Delivery,23,Delivered,3.5
3073,275,36,12,Bangalore,2024-04-06 10:20:00,1151.69,0,Cash on Delivery,36,Refunded,
3074,62,45,14,Bangalore,2024-10-04 16:08:00,269.34,10,Cash on Delivery,45,Cancelled,
3075,327,4,12,Jaipur,2024-10-09 08:43:00,331.99,50,UPI,52,Delivered,4.0
3076,204,35,10,Hyderabad,2024-10-27 15:15:00,483.33,0,Cash on Delivery,25,Delivered,3.9
3077,367,8,14,Ahmedabad,2024-05-04 18:32:00,118.46,20,Credit Card,27,Delivered,4.1
3078,133,52,2,Kolkata,2024-01-01 19:05:00,210.8,0,Cash on Delivery,51,Delivered,4.9
3079,72,40,6,Kolkata,2024-10-23 14:04:00,258.03,10,Debit Card,10,Delivered,5.0
3080,78,57,8,Delhi,2024-03-20 09:48:00,575.84,0,UPI,29,Cancelled,
3081,189,49,12,Pune,2024-12-03 08:18:00,276.51,20,UPI,45,Delivered,3.6
3082,356,47,10,Mumbai,2024-05-15 10:57:00,276.85,50,UPI,18,Delivered,4.3
3083,71,36,12,Bangalore,2024-01-25 17:04:00,770.55,50,Wallet,25,Delivered,4.7
3084,263,6,4,Mumbai,2024-07-01 15:18:00,357.5,0,Credit Card,48,Delivered,3.8
3085,306,56,1,Chennai,2024-12-03 09:52:00,797.18,20,Cash on Delivery,15,Delivered,4.5
3086,46,22,4,Ahmedabad,2024-04-04 08:46:00,214.09,0,Debit Card,15,Delivered,5.0
3087,224,60,1,Hyderabad,2024-05-25 20:56:00,141.25,30,Wallet,43,Cancelled,
3088,328,6,4,Mumbai,2024-08-18 22:15:00,339.01,30,UPI,51,Delivered,3.4
3089,250,42,9,Jaipur,2024-02-07 16:06:00,439.67,0,UPI,49,Delivered,4.4
3090,76,36,12,Bangalore,2024-11-29 18:52:00,550.02,30,Cash on Delivery,10,Delivered,3.5
3091,74,9,11,Bangalore,2024-11-14 16:31:00,99.0,0,Cash on Delivery,50,Delivered,3.7
3092,142,16,1,Lucknow,2024-02-07 13:58:00,1006.88,0,Credit Card,36,Delivered,3.8
3093,73,39,11,Lucknow,2024-11-03 20:15:00,117.12,0,UPI,27,Delivered,4.4
3094,102,46,1,Kolkata,2024-03-16 08:36:00,318.82,20,UPI,26,Delivered,5.0
3095,94,59,11,Jaipur,2024-03-04 18:24:00,105.93,20,Credit Card,42,Delivered,3.7
3096,69,38,15,Hyderabad,2024-09-25 15:55:00,111.92,30,Debit Card,39,Delivered,4.7
3097,65,33,1,Mumbai,2024-09-17 19:40:00,382.51,20,Debit Card,49,Delivered,3.6
3098,193,18,9,Lucknow,2024-09-15 10:32:00,743.99,10,Credit Card,29,Delivered,3.8
3099,62,12,12,Bangalore,2024-08-01 09:55:00,131.24,20,Credit Card,30,Delivered,4.9
3100,20,54,1,Kolkata,2024-07-28 09:28:00,280.02,0,UPI,43,Delivered,4.7
3101,241,27,6,Ahmedabad,2024-02-08 18:35:00,314.58,50,Debit Card,27,Delivered,3.9
3102,203,47,10,Mumbai,2024-06-21 08:55:00,273.07,50,Cash on Delivery,43,Delivered,3.7
3103,300,1,6,Mumbai,2024-08-13 21:02:00,142.95,10,UPI,24,Delivered,4.4
3104,195,15,14,Hyderabad,2024-07-15 21:02:00,192.83,10,UPI,55,Cancelled,
3105,62,47,10,Mumbai,2024-01-23 14:29:00,267.07,10,UPI,55,Delivered,3.7
3106,107,27,6,Ahmedabad,2024-08-29 20:22:00,455.38,10,Wallet,28,Delivered,3.8
3107,125,16,1,Lucknow,2024-02-23 17:24:00,796.71,30,Debit Card,36,Delivered,3.9
3108,301,21,9,Jaipur,2024-11-28 16:33:00,351.17,0,Credit Card,36,Delivered,4.0
3109,267,1,6,Mumbai,2024-07-01 12:21:00,174.77,50,Credit Card,34,Cancelled,
3110,202,29,11,Bangalore,2024-09-12 08:22:00,291.07,30,Wallet,25,Delivered,3.8
3111,162,3,12,Kolkata,2024-04-09 08:08:00,192.9,20,Debit Card,36,Delivered,3.1
3112,344,12,12,Bangalore,2024-09-14 15:49:00,99.0,0,UPI,20,Delivered,5.0
3113,302,60,1,Hyderabad,2024-09-01 18:21:00,99.0,30,Credit Card,50,Delivered,4.6
3114,112,28,8,Hyderabad,2024-06-19 20:07:00,921.92,0,Cash on Delivery,51,Delivered,4.0
3115,337,39,11,Lucknow,2024-02-28 08:16:00,152.86,0,Credit Card,48,Delivered,3.7
3116,32,37,8,Mumbai,2024-09-24 11:52:00,776.64,30,UPI,49,Delivered,4.8
3117,98,31,14,Chennai,2024-04-04 20:40:00,105.15,50,Wallet,42,Delivered,4.4
3118,247,60,1,Hyderabad,2024-09-10 14:22:00,112.49,50,Wallet,26,Delivered,3.7
3119,261,31,14,Chennai,2024-08-03 22:04:00,198.48,30,Wallet,22,Delivered,4.4
3120,191,58,1,Lucknow,2024-03-09 08:29:00,394.09,10,UPI,24,Delivered,4.1
3121,29,33,1,Mumbai,2024-03-13 13:24:00,551.69,20,UPI,40,Delivered,4.2
3122,48,33,1,Mumbai,2024-07-26 12:01:00,426.91,30,Credit Card,22,Delivered,4.6
3123,250,47,10,Mumbai,2024-09-22 12:14:00,293.13,20,Cash on Delivery,37,Delivered,4.4
3124,226,40,6,Kolkata,2024-11-28 20:31:00,195.8,0,Cash on Delivery,41,Delivered,4.6
3125,272,11,7,Ahmedabad,2024-02-16 21:07:00,495.63,30,Cash on Delivery,33,Delivered,5.0
3126,153,46,1,Kolkata,2024-07-28 15:35:00,320.05,0,Wallet,35,Delivered,4.5
3127,328,29,11,Bangalore,2024-06-02 17:30:00,99.0,20,Cash on Delivery,61,Delivered,5.0
3128,285,25,3,Kolkata,2024-12-18 20:04:00,104.28,0,UPI,35,Refunded,
3129,180,55,5,Bangalore,2024-03-17 08:22:00,361.76,0,UPI,39,Delivered,4.8
3130,302,13,9,Bangalore,2024-05-10 10:06:00,239.59,50,UPI,47,Delivered,4.0
3131,153,51,7,Kolkata,2024-08-15 10:14:00,99.0,30,UPI,44,Delivered,3.2
3132,234,44,1,Lucknow,2024-08-19 10:28:00,297.51,0,UPI,43,Delivered,4.8
3133,23,54,1,Kolkata,2024-01-30 14:17:00,264.56,30,Cash on Delivery,38,Delivered,3.3
3134,94,19,11,Jaipur,2024-11-26 18:48:00,560.09,30,UPI,38,Delivered,4.2
3135,370,58,1,Lucknow,2024-11-11 13:39:00,252.02,0,Cash on Delivery,17,Delivered,4.5
3136,245,36,12,Bangalore,2024-11-25 19:56:00,541.73,30,Cash on Delivery,52,Delivered,3.5
3137,290,28,8,Hyderabad,2024-05-26 10:35:00,502.9,30,UPI,29,Cancelled,
3138,160,4,12,Jaipur,2024-10-25 22:32:00,421.93,50,UPI,44,Delivered,3.7
3139,373,3,12,Kolkata,2024-08-22 10:44:00,245.61,0,UPI,33,Delivered,3.5
3140,285,58,1,Lucknow,2024-03-30 11:32:00,313.94,0,UPI,66,Delivered,5.0
3141,9,38,15,Hyderabad,2024-03-24 20:32:00,113.22,50,Debit Card,27,Delivered,4.5
3142,185,37,8,Mumbai,2024-01-05 12:13:00,582.81,50,Debit Card,59,Cancelled,
3143,295,43,4,Lucknow,2024-03-31 14:13:00,807.63,50,Debit Card,34,Delivered,3.7
3144,135,25,3,Kolkata,2024-04-13 11:38:00,102.71,0,UPI,42,Delivered,3.2
3145,110,41,8,Kolkata,2024-12-04 22:53:00,100.15,50,Credit Card,35,Delivered,3.6
3146,69,35,10,Hyderabad,2024-07-29 22:30:00,437.13,30,Debit Card,51,Delivered,3.7
3147,136,29,11,Bangalore,2024-01-09 12:12:00,305.41,20,UPI,36,Cancelled,
3148,96,41,8,Kolkata,2024-07-24 14:59:00,193.2,0,UPI,38,Delivered,3.8
3149,119,29,11,Bangalore,2024-10-28 13:09:00,328.42,30,Wallet,36,Delivered,4.6
3150,374,12,12,Bangalore,2024-04-21 22:36:00,153.53,0,UPI,41,Delivered,3.3
3151,274,35,10,Hyderabad,2024-10-05 18:05:00,551.1,0,Cash on Delivery,26,Delivered,4.8
3152,358,20,14,Kolkata,2024-08-05 09:44:00,262.52,20,UPI,13,Delivered,3.0
3153,366,17,1,Kolkata,2024-07-07 20:50:00,397.21,30,UPI,40,Delivered,4.1
3154,338,53,3,Pune,2024-11-01 19:18:00,523.93,20,Credit Card,56,Refunded,
3155,177,12,12,Bangalore,2024-09-13 15:31:00,133.73,50,Wallet,31,Delivered,3.7
3156,361,57,8,Delhi,2024-01-22 20:01:00,437.65,0,Cash on Delivery,43,Delivered,4.7
3157,237,50,14,Hyderabad,2024-02-09 13:47:00,205.9,0,UPI,20,Delivered,5.0
3158,272,36,12,Bangalore,2024-07-01 18:16:00,297.97,0,Wallet,29,Delivered,4.6
3159,277,10,10,Mumbai,2024-07-01 10:42:00,177.75,10,Credit Card,35,Delivered,4.4
3160,138,18,9,Lucknow,2024-07-06 15:21:00,591.11,0,UPI,35,Cancelled,
3161,362,30,9,Ahmedabad,2024-11-19 18:07:00,187.77,50,UPI,46,Delivered,3.9
3162,132,8,14,Ahmedabad,2024-05-16 17:01:00,99.0,0,Credit Card,17,Delivered,4.9
3163,44,41,8,Kolkata,2024-12-01 22:05:00,119.58,0,Credit Card,33,Delivered,3.5
3164,123,51,7,Kolkata,2024-09-01 12:25:00,136.03,10,UPI,29,Delivered,4.4
3165,136,13,9,Bangalore,2024-02-28 10:27:00,320.82,0,Wallet,26,Delivered,4.8
3166,367,31,14,Chennai,2024-03-12 21:23:00,197.27,20,Cash on Delivery,28,Cancelled,
3167,373,57,8,Delhi,2024-04-21 19:36:00,829.88,0,Cash on Delivery,38,Delivered,4.6
3168,126,6,4,Mumbai,2024-02-25 17:30:00,135.43,0,Debit Card,36,Delivered,4.4
3169,275,54,1,Kolkata,2024-04-29 10:31:00,143.97,0,Debit Card,33,Delivered,4.4
3170,64,7,14,Ahmedabad,2024-10-07 11:43:00,680.09,20,UPI,21,Delivered,4.6
3171,296,60,1,Hyderabad,2024-07-07 09:41:00,104.15,20,Debit Card,32,Delivered,4.0
3172,232,21,9,Jaipur,2024-09-05 19:08:00,554.68,20,Wallet,46,Delivered,5.0
3173,51,38,15,Hyderabad,2024-06-12 16:27:00,99.0,50,Debit Card,19,Delivered,5.0
3174,137,43,4,Lucknow,2024-10-20 08:41:00,181.27,10,UPI,28,Delivered,3.0
3175,158,49,12,Pune,2024-11-12 21:21:00,327.6,50,UPI,24,Delivered,3.9
3176,56,51,7,Kolkata,2024-12-10 20:17:00,172.62,0,Wallet,24,Delivered,3.4
3177,81,28,8,Hyderabad,2024-03-10 09:51:00,910.48,20,UPI,33,Delivered,3.7
3178,232,57,8,Delhi,2024-03-20 22:47:00,467.8,0,Cash on Delivery,29,Delivered,4.2
3179,399,44,1,Lucknow,2024-09-25 14:42:00,331.6,10,Credit Card,26,Refunded,
3180,326,21,9,Jaipur,2024-07-06 20:56:00,200.05,30,Credit Card,35,Refunded,
3181,128,21,9,Jaipur,2024-07-17 08:49:00,339.44,50,Cash on Delivery,19,Delivered,4.4
3182,126,24,9,Mumbai,2024-10-14 13:54:00,271.66,10,UPI,55,Delivered,4.0
3183,317,27,6,Ahmedabad,2024-09-25 22:22:00,403.71,50,Credit Card,29,Delivered,4.5
3184,80,27,6,Ahmedabad,2024-11-13 13:28:00,624.31,30,UPI,31,Delivered,3.7
3185,377,13,9,Bangalore,2024-01-22 08:28:00,212.28,0,Debit Card,32,Delivered,3.9
3186,357,50,14,Hyderabad,2024-02-17 12:57:00,353.13,20,UPI,25,Delivered,4.5
3187,333,29,11,Bangalore,2024-06-11 14:09:00,542.58,30,UPI,48,Delivered,3.9
3188,175,39,11,Lucknow,2024-04-10 14:45:00,99.0,0,Cash on Delivery,38,Delivered,3.3
3189,145,57,8,Delhi,2024-06-11 20:12:00,431.83,0,Credit Card,10,Cancelled,
3190,126,55,5,Bangalore,2024-05-17 09:05:00,343.9,0,UPI,23,Delivered,5.0
3191,182,28,8,Hyderabad,2024-11-23 11:24:00,623.38,30,Debit Card,29,Delivered,4.7
3192,219,37,8,Mumbai,2024-06-20 19:46:00,690.24,10,Credit Card,41,Delivered,4.2
3193,278,29,11,Bangalore,2024-02-09 14:45:00,234.01,50,Credit Card,47,Refunded,
3194,83,48,4,Pune,2024-05-30 10:45:00,157.62,50,Wallet,34,Refunded,
3195,141,22,4,Ahmedabad,2024-03-26 20:20:00,207.08,20,Cash on Delivery,51,Delivered,4.6
3196,334,36,12,Bangalore,2024-09-13 18:18:00,688.44,30,UPI,43,Delivered,4.4
3197,95,30,9,Ahmedabad,2024-02-02 11:41:00,99.0,0,Debit Card,56,Delivered,3.1
3198,365,28,8,Hyderabad,2024-01-03 18:51:00,1074.24,0,UPI,29,Delivered,4.2
3199,194,23,13,Delhi,2024-08-14 19:05:00,1109.85,0,UPI,31,Delivered,3.7
3200,110,33,1,Mumbai,2024-11-08 19:22:00,461.49,0,Wallet,37,Delivered,4.2
3201,52,4,12,Jaipur,2024-09-10 08:15:00,415.09,10,Credit Card,28,Delivered,4.3
3202,103,3,12,Kolkata,2024-01-24 12:40:00,179.81,10,Wallet,43,Delivered,4.7
3203,101,32,5,Bangalore,2024-08-21 20:46:00,344.58,10,UPI,23,Delivered,3.5
3204,142,4,12,Jaipur,2024-11-27 12:36:00,530.7,0,UPI,20,Delivered,3.5
3205,201,1,6,Mumbai,2024-06-07 19:27:00,176.91,0,UPI,34,Delivered,3.8
3206,319,12,12,Bangalore,2024-10-12 09:43:00,170.49,0,UPI,50,Delivered,5.0
3207,199,13,9,Bangalore,2024-06-03 10:25:00,344.8,10,Cash on Delivery,40,Delivered,3.9
3208,284,34,3,Bangalore,2024-08-18 08:50:00,263.75,10,Debit Card,43,Delivered,4.4
3209,217,60,1,Hyderabad,2024-11-11 09:32:00,127.37,50,Debit Card,52,Delivered,4.1
3210,46,59,11,Jaipur,2024-08-04 15:30:00,120.68,20,Debit Card,39,Delivered,3.9
3211,28,29,11,Bangalore,2024-12-22 18:59:00,268.66,50,Cash on Delivery,32,Delivered,4.2
3212,2,9,11,Bangalore,2024-12-18 14:42:00,150.53,0,Wallet,50,Delivered,4.6
3213,383,31,14,Chennai,2024-04-16 22:31:00,128.18,10,Credit Card,45,Delivered,4.5
3214,17,7,14,Ahmedabad,2024-01-18 08:33:00,554.53,50,Cash on Delivery,28,Delivered,3.4
3215,315,13,9,Bangalore,2024-06-15 14:41:00,249.26,10,Credit Card,27,Cancelled,
3216,388,54,1,Kolkata,2024-02-23 12:34:00,128.53,10,Cash on Delivery,34,Cancelled,
3217,77,2,12,Jaipur,2024-12-15 19:34:00,176.26,30,Wallet,44,Cancelled,
3218,387,33,1,Mumbai,2024-09-23 20:43:00,398.37,20,UPI,25,Cancelled,
3219,371,50,14,Hyderabad,2024-04-30 11:24:00,267.72,0,Credit Card,36,Delivered,4.3
3220,165,7,14,Ahmedabad,2024-06-08 11:49:00,199.57,0,Wallet,44,Delivered,5.0
3221,97,18,9,Lucknow,2024-08-10 11:53:00,797.45,0,Credit Card,33,Cancelled,
3222,105,51,7,Kolkata,2024-06-14 12:46:00,138.44,20,Wallet,38,Delivered,4.3
3223,24,8,14,Ahmedabad,2024-01-01 10:36:00,99.0,0,UPI,40,Delivered,4.8
3224,200,55,5,Bangalore,2024-03-26 21:16:00,171.95,20,Debit Card,43,Delivered,5.0
3225,35,12,12,Bangalore,2024-07-24 16:34:00,151.96,50,Wallet,36,Delivered,4.2
3226,2,43,4,Lucknow,2024-09-06 20:34:00,577.94,30,Credit Card,34,Delivered,4.1
3227,289,59,11,Jaipur,2024-02-12 09:55:00,145.59,0,Credit Card,45,Delivered,4.4
3228,332,30,9,Ahmedabad,2024-04-20 20:50:00,297.03,50,UPI,10,Delivered,4.9
3229,342,59,11,Jaipur,2024-05-23 09:06:00,129.44,30,UPI,44,Delivered,4.0
3230,138,9,11,Bangalore,2024-10-27 11:40:00,99.0,50,Credit Card,41,Cancelled,
3231,337,28,8,Hyderabad,2024-10-24 16:06:00,949.27,20,Cash on Delivery,50,Delivered,3.4
3232,62,4,12,Jaipur,2024-09-27 19:39:00,494.97,50,Wallet,41,Delivered,4.3
3233,299,39,11,Lucknow,2024-08-22 12:01:00,99.0,0,Debit Card,25,Delivered,4.7
3234,197,17,1,Kolkata,2024-08-21 14:12:00,377.63,50,Cash on Delivery,36,Delivered,4.3
3235,377,11,7,Ahmedabad,2024-08-19 16:42:00,282.07,30,Cash on Delivery,25,Delivered,4.4
3236,59,59,11,Jaipur,2024-04-16 14:57:00,99.0,10,Cash on Delivery,46,Cancelled,
3237,265,2,12,Jaipur,2024-08-10 17:55:00,175.41,50,Cash on Delivery,10,Delivered,4.1
3238,333,23,13,Delhi,2024-07-03 13:27:00,599.4,0,Credit Card,19,Delivered,4.0
3239,188,50,14,Hyderabad,2024-10-14 19:09:00,202.17,20,Credit Card,23,Delivered,4.9
3240,63,22,4,Ahmedabad,2024-05-25 11:08:00,352.74,0,UPI,19,Delivered,3.0
3241,308,26,7,Kolkata,2024-05-14 09:07:00,353.18,0,Cash on Delivery,32,Delivered,4.2
3242,279,12,12,Bangalore,2024-03-04 18:06:00,164.95,20,UPI,31,Delivered,3.5
3243,30,32,5,Bangalore,2024-02-10 15:02:00,275.94,0,UPI,43,Delivered,4.1
3244,171,9,11,Bangalore,2024-07-12 22:45:00,99.0,30,Credit Card,16,Delivered,4.3
3245,21,43,4,Lucknow,2024-08-08 09:47:00,929.84,0,Wallet,30,Delivered,4.4
3246,299,5,12,Ahmedabad,2024-01-04 16:51:00,438.97,10,Cash on Delivery,38,Delivered,4.2
3247,201,26,7,Kolkata,2024-06-14 17:10:00,739.91,10,UPI,26,Delivered,4.9
3248,135,7,14,Ahmedabad,2024-01-17 15:27:00,877.77,20,Cash on Delivery,18,Delivered,4.2
3249,272,29,11,Bangalore,2024-01-31 20:53:00,229.28,50,Wallet,42,Cancelled,
3250,23,33,1,Mumbai,2024-07-25 18:17:00,294.77,0,Credit Card,41,Delivered,3.5
3251,87,24,9,Mumbai,2024-04-10 21:47:00,243.24,0,Credit Card,14,Delivered,4.7
3252,31,25,3,Kolkata,2024-08-28 16:26:00,99.0,0,Debit Card,31,Delivered,4.3
3253,121,31,14,Chennai,2024-09-03 10:51:00,101.36,30,UPI,29,Delivered,3.5
3254,69,29,11,Bangalore,2024-06-21 13:34:00,145.27,50,Wallet,53,Delivered,4.5
3255,134,5,12,Ahmedabad,2024-10-10 14:37:00,593.51,30,Cash on Delivery,16,Delivered,3.8
3256,371,38,15,Hyderabad,2024-01-21 11:34:00,99.0,0,Cash on Delivery,31,Delivered,4.7
3257,315,45,14,Bangalore,2024-04-06 10:18:00,221.58,50,Debit Card,43,Delivered,3.3
3258,146,11,7,Ahmedabad,2024-02-24 14:12:00,243.73,0,Wallet,34,Delivered,4.0
3259,333,32,5,Bangalore,2024-05-06 19:00:00,203.4,10,UPI,46,Delivered,4.4
3260,394,8,14,Ahmedabad,2024-08-30 20:23:00,121.59,30,UPI,15,Delivered,3.5
3261,263,20,14,Kolkata,2024-12-01 16:54:00,238.11,0,UPI,22,Delivered,4.4
3262,293,34,3,Bangalore,2024-08-02 19:46:00,159.31,30,Cash on Delivery,32,Delivered,4.7
3263,86,47,10,Mumbai,2024-08-22 15:37:00,213.52,0,Cash on Delivery,40,Delivered,4.0
3264,16,42,9,Jaipur,2024-05-18 10:14:00,342.05,0,Debit Card,35,Delivered,4.3
3265,216,8,14,Ahmedabad,2024-09-13 14:00:00,161.03,0,Debit Card,41,Cancelled,
3266,116,2,12,Jaipur,2024-02-18 16:28:00,161.94,0,UPI,32,Delivered,3.6
3267,118,21,9,Jaipur,2024-01-26 14:44:00,520.85,30,UPI,22,Delivered,5.0
3268,270,15,14,Hyderabad,2024-08-22 20:51:00,116.09,10,UPI,41,Delivered,4.1
3269,395,6,4,Mumbai,2024-12-23 08:06:00,370.81,50,Debit Card,20,Delivered,4.3
3270,343,5,12,Ahmedabad,2024-12-16 13:19:00,327.15,0,Cash on Delivery,25,Delivered,3.9
3271,162,54,1,Kolkata,2024-02-20 08:35:00,231.12,30,Cash on Delivery,21,Delivered,3.7
3272,188,54,1,Kolkata,2024-03-07 08:49:00,231.45,0,UPI,37,Delivered,4.7
3273,104,3,12,Kolkata,2024-06-03 12:46:00,326.32,50,UPI,34,Delivered,2.7
3274,141,43,4,Lucknow,2024-06-16 08:19:00,307.08,0,Wallet,24,Delivered,3.0
3275,167,43,4,Lucknow,2024-05-21 11:04:00,1003.63,0,UPI,27,Delivered,4.3
3276,300,16,1,Lucknow,2024-04-18 19:55:00,829.61,0,UPI,31,Delivered,3.9
3277,28,35,10,Hyderabad,2024-03-19 13:32:00,386.85,0,UPI,41,Delivered,4.6
3278,272,9,11,Bangalore,2024-01-19 22:12:00,99.0,50,Debit Card,35,Delivered,3.8
3279,50,35,10,Hyderabad,2024-01-29 20:05:00,439.06,50,UPI,38,Delivered,3.1
3280,371,19,11,Jaipur,2024-07-25 15:22:00,528.02,0,UPI,39,Delivered,4.1
3281,156,43,4,Lucknow,2024-08-27 17:53:00,407.97,0,Debit Card,35,Delivered,3.9
3282,324,46,1,Kolkata,2024-04-14 16:48:00,186.17,0,UPI,37,Delivered,3.5
3283,348,34,3,Bangalore,2024-08-23 20:29:00,124.19,50,UPI,34,Delivered,4.6
3284,121,39,11,Lucknow,2024-06-20 21:09:00,99.0,30,Cash on Delivery,50,Delivered,4.3
3285,140,10,10,Mumbai,2024-11-06 10:28:00,134.7,0,Cash on Delivery,40,Delivered,3.5
3286,16,10,10,Mumbai,2024-09-14 11:18:00,330.22,50,UPI,53,Delivered,3.2
3287,309,20,14,Kolkata,2024-06-02 22:46:00,314.78,50,UPI,48,Delivered,4.3
3288,49,1,6,Mumbai,2024-02-07 10:37:00,100.25,30,UPI,33,Delivered,3.5
3289,164,6,4,Mumbai,2024-09-11 09:30:00,213.61,0,Credit Card,33,Delivered,3.5
3290,62,53,3,Pune,2024-12-13 14:29:00,277.87,10,Cash on Delivery,18,Delivered,4.0
3291,340,46,1,Kolkata,2024-06-19 17:06:00,238.73,20,UPI,24,Delivered,4.1
3292,154,59,11,Jaipur,2024-08-08 15:51:00,153.25,30,Credit Card,45,Delivered,4.4
3293,312,2,12,Jaipur,2024-11-19 20:43:00,203.88,10,UPI,45,Delivered,4.7
3294,376,38,15,Hyderabad,2024-05-12 14:28:00,105.94,0,Credit Card,15,Delivered,3.8
3295,346,33,1,Mumbai,2024-06-06 20:25:00,364.7,10,UPI,48,Delivered,4.5
3296,150,3,12,Kolkata,2024-07-29 17:36:00,291.36,10,Wallet,47,Cancelled,
3297,376,36,12,Bangalore,2024-08-09 10:52:00,812.96,0,Debit Card,46,Delivered,4.0
3298,73,13,9,Bangalore,2024-06-06 10:58:00,338.97,0,UPI,40,Delivered,4.8
3299,69,35,10,Hyderabad,2024-05-01 18:06:00,529.61,0,Wallet,40,Delivered,3.6
3300,177,15,14,Hyderabad,2024-02-18 16:08:00,170.02,0,UPI,33,Delivered,4.4
3301,354,45,14,Bangalore,2024-10-23 17:12:00,114.76,0,UPI,29,Delivered,3.6
3302,2,22,4,Ahmedabad,2024-05-06 12:28:00,192.78,10,Wallet,46,Cancelled,
3303,309,43,4,Lucknow,2024-03-31 18:07:00,802.54,0,UPI,32,Delivered,3.6
3304,119,4,12,Jaipur,2024-02-01 11:09:00,347.79,0,Wallet,10,Delivered,3.8
3305,7,17,1,Kolkata,2024-09-25 22:28:00,250.27,30,Debit Card,41,Delivered,2.8
3306,255,5,12,Ahmedabad,2024-06-11 20:53:00,500.78,50,Wallet,24,Delivered,4.7
3307,75,21,9,Jaipur,2024-09-20 20:30:00,1122.18,50,Cash on Delivery,37,Delivered,3.6
3308,351,57,8,Delhi,2024-02-10 21:21:00,376.53,50,UPI,52,Delivered,3.8
3309,195,24,9,Mumbai,2024-05-28 19:10:00,191.46,10,Wallet,56,Delivered,3.5
3310,187,31,14,Chennai,2024-01-02 09:40:00,206.76,50,UPI,42,Delivered,4.7
3311,3,40,6,Kolkata,2024-07-12 09:02:00,382.98,0,Debit Card,48,Refunded,
3312,184,53,3,Pune,2024-12-01 10:03:00,412.51,0,Credit Card,42,Delivered,4.3
3313,335,56,1,Chennai,2024-12-08 16:49:00,967.04,0,Cash on Delivery,43,Delivered,4.4
3314,273,30,9,Ahmedabad,2024-07-30 16:29:00,309.34,10,Cash on Delivery,44,Delivered,4.2
3315,368,42,9,Jaipur,2024-12-27 18:28:00,339.24,50,Cash on Delivery,24,Delivered,4.2
3316,52,7,14,Ahmedabad,2024-09-29 17:55:00,890.62,0,Cash on Delivery,22,Delivered,4.3
3317,263,49,12,Pune,2024-09-05 14:55:00,237.02,20,Cash on Delivery,45,Delivered,4.7
3318,368,60,1,Hyderabad,2024-10-30 11:44:00,99.0,50,Credit Card,38,Delivered,3.4
3319,133,7,14,Ahmedabad,2024-01-02 15:30:00,1136.79,0,Wallet,37,Delivered,3.8
3320,225,27,6,Ahmedabad,2024-05-09 16:13:00,477.92,0,Cash on Delivery,30,Delivered,3.5
3321,310,24,9,Mumbai,2024-09-16 08:12:00,99.09,20,Cash on Delivery,31,Delivered,4.5
3322,61,19,11,Jaipur,2024-08-15 10:43:00,480.84,0,Wallet,48,Delivered,4.4
3323,365,41,8,Kolkata,2024-05-07 14:07:00,168.83,0,UPI,27,Delivered,4.5
3324,16,56,1,Chennai,2024-01-31 13:09:00,702.6,30,UPI,35,Delivered,2.6
3325,229,34,3,Bangalore,2024-01-21 17:09:00,230.96,20,Cash on Delivery,27,Delivered,3.8
3326,195,22,4,Ahmedabad,2024-10-05 10:31:00,217.6,20,UPI,19,Delivered,2.7
3327,251,52,2,Kolkata,2024-05-27 17:28:00,286.04,50,Credit Card,36,Delivered,5.0
3328,303,51,7,Kolkata,2024-12-26 11:50:00,204.98,50,Wallet,42,Delivered,4.2
3329,48,27,6,Ahmedabad,2024-06-10 12:19:00,254.33,0,UPI,24,Delivered,3.6
3330,235,6,4,Mumbai,2024-03-01 20:07:00,291.15,0,Wallet,28,Delivered,4.0
3331,121,10,10,Mumbai,2024-03-11 13:10:00,99.0,0,Wallet,23,Delivered,4.1
3332,320,45,14,Bangalore,2024-12-29 09:50:00,140.2,0,UPI,36,Delivered,5.0
3333,50,31,14,Chennai,2024-09-05 20:24:00,99.0,0,Cash on Delivery,30,Delivered,4.0
3334,41,25,3,Kolkata,2024-01-21 21:02:00,99.0,0,UPI,14,Delivered,4.2
3335,22,2,12,Jaipur,2024-03-22 15:46:00,213.0,50,Cash on Delivery,31,Delivered,3.7
3336,371,10,10,Mumbai,2024-01-10 18:11:00,245.16,50,Credit Card,45,Refunded,
3337,182,10,10,Mumbai,2024-09-19 08:00:00,237.02,10,Wallet,47,Delivered,5.0
3338,5,26,7,Kolkata,2024-07-10 17:49:00,676.3,20,UPI,47,Delivered,5.0
3339,145,5,12,Ahmedabad,2024-01-26 22:50:00,591.91,30,Debit Card,25,Delivered,2.9
3340,357,22,4,Ahmedabad,2024-02-02 21:36:00,194.91,30,Cash on Delivery,23,Delivered,4.6
3341,78,4,12,Jaipur,2024-10-29 22:34:00,329.28,50,UPI,29,Delivered,4.4
3342,231,55,5,Bangalore,2024-07-11 15:11:00,377.17,20,Cash on Delivery,45,Delivered,3.6
3343,297,34,3,Bangalore,2024-09-05 10:24:00,278.38,0,Wallet,44,Delivered,3.5
3344,348,7,14,Ahmedabad,2024-02-26 22:11:00,700.62,0,Debit Card,35,Delivered,2.9
3345,209,50,14,Hyderabad,2024-11-14 20:27:00,245.83,0,Cash on Delivery,46,Delivered,4.5
3346,163,17,1,Kolkata,2024-01-01 10:05:00,99.0,50,Credit Card,41,Refunded,
3347,168,11,7,Ahmedabad,2024-05-15 11:04:00,497.71,20,Debit Card,30,Delivered,3.3
3348,278,53,3,Pune,2024-03-26 19:38:00,424.88,0,UPI,32,Cancelled,
3349,237,50,14,Hyderabad,2024-10-05 11:51:00,362.75,20,Credit Card,22,Delivered,4.3
3350,176,8,14,Ahmedabad,2024-01-04 21:46:00,134.52,30,Debit Card,34,Delivered,3.4
3351,53,28,8,Hyderabad,2024-09-07 12:36:00,306.15,50,Debit Card,29,Cancelled,
3352,349,60,1,Hyderabad,2024-04-14 09:58:00,99.0,20,UPI,25,Delivered,3.4
3353,10,44,1,Lucknow,2024-09-19 08:15:00,305.45,30,UPI,28,Cancelled,
3354,146,56,1,Chennai,2024-05-24 11:57:00,740.45,50,Cash on Delivery,50,Delivered,4.1
3355,227,33,1,Mumbai,2024-12-08 09:10:00,389.49,0,UPI,30,Delivered,4.9
3356,236,52,2,Kolkata,2024-10-16 08:25:00,259.08,50,Credit Card,51,Delivered,3.6
3357,242,25,3,Kolkata,2024-03-06 20:22:00,99.0,30,UPI,36,Delivered,4.1
3358,305,21,9,Jaipur,2024-02-10 13:57:00,489.15,0,Credit Card,33,Delivered,4.2
3359,71,12,12,Bangalore,2024-12-19 19:14:00,218.67,10,Wallet,40,Delivered,4.1
3360,158,59,11,Jaipur,2024-09-22 22:41:00,146.27,50,Wallet,11,Cancelled,
3361,19,26,7,Kolkata,2024-04-02 16:22:00,646.66,10,UPI,56,Delivered,4.3
3362,55,29,11,Bangalore,2024-01-17 19:08:00,268.52,50,UPI,45,Delivered,4.1
3363,215,38,15,Hyderabad,2024-04-23 11:08:00,99.0,50,Wallet,37,Delivered,3.1
3364,209,35,10,Hyderabad,2024-10-18 10:32:00,493.81,50,Wallet,43,Delivered,4.9
3365,21,37,8,Mumbai,2024-04-04 13:09:00,756.4,30,UPI,36,Delivered,4.3
3366,282,46,1,Kolkata,2024-12-01 11:53:00,247.35,0,Cash on Delivery,29,Delivered,4.0
3367,249,44,1,Lucknow,2024-03-17 11:28:00,350.07,0,UPI,35,Delivered,3.5
3368,28,45,14,Bangalore,2024-09-18 17:10:00,221.64,30,Credit Card,31,Delivered,3.9
3369,296,45,14,Bangalore,2024-12-09 20:02:00,219.13,30,UPI,26,Delivered,4.6
3370,211,29,11,Bangalore,2024-11-03 17:59:00,257.99,20,Wallet,31,Delivered,3.3
3371,285,49,12,Pune,2024-09-10 22:00:00,160.08,0,Cash on Delivery,37,Cancelled,
3372,20,24,9,Mumbai,2024-11-03 18:25:00,241.68,0,UPI,39,Refunded,
3373,20,59,11,Jaipur,2024-09-06 19:13:00,101.82,20,Debit Card,49,Delivered,3.6
3374,330,15,14,Hyderabad,2024-12-10 15:42:00,168.4,30,UPI,32,Delivered,4.0
3375,396,6,4,Mumbai,2024-11-19 19:06:00,339.31,50,UPI,28,Delivered,3.1
3376,120,32,5,Bangalore,2024-04-24 16:57:00,156.78,0,Credit Card,22,Delivered,3.5
3377,97,44,1,Lucknow,2024-08-15 09:25:00,454.94,30,Debit Card,39,Refunded,
3378,120,34,3,Bangalore,2024-09-01 09:13:00,166.09,0,UPI,50,Delivered,3.9
3379,25,36,12,Bangalore,2024-01-16 13:42:00,1059.14,50,Credit Card,31,Delivered,2.6
3380,153,20,14,Kolkata,2024-02-11 08:45:00,281.85,50,Credit Card,29,Delivered,4.0
3381,245,57,8,Delhi,2024-10-04 11:18:00,338.21,10,Debit Card,44,Cancelled,
3382,260,57,8,Delhi,2024-03-06 14:08:00,393.85,0,UPI,24,Delivered,3.3
3383,4,53,3,Pune,2024-11-05 16:47:00,396.63,50,UPI,51,Delivered,4.8
3384,393,12,12,Bangalore,2024-09-30 14:52:00,121.58,0,UPI,34,Delivered,3.8
3385,143,35,10,Hyderabad,2024-03-25 18:38:00,234.6,0,UPI,39,Delivered,4.5
3386,282,49,12,Pune,2024-04-14 11:24:00,190.12,0,Debit Card,35,Delivered,4.3
3387,335,38,15,Hyderabad,2024-05-02 17:56:00,129.02,0,Wallet,10,Delivered,3.6
3388,346,56,1,Chennai,2024-03-01 11:50:00,990.7,0,UPI,34,Delivered,4.3
3389,220,17,1,Kolkata,2024-12-19 16:11:00,318.85,0,Debit Card,31,Delivered,5.0
3390,327,27,6,Ahmedabad,2024-09-14 13:04:00,175.26,50,UPI,39,Cancelled,
3391,160,17,1,Kolkata,2024-07-15 11:21:00,475.71,0,UPI,46,Delivered,4.1
3392,76,11,7,Ahmedabad,2024-05-12 18:03:00,270.55,10,Credit Card,40,Delivered,3.9
3393,99,55,5,Bangalore,2024-09-09 16:28:00,174.95,10,Cash on Delivery,28,Refunded,
3394,180,39,11,Lucknow,2024-05-29 18:09:00,99.0,20,Wallet,51,Delivered,4.3
3395,127,2,12,Jaipur,2024-07-26 17:41:00,133.06,50,Cash on Delivery,35,Delivered,4.4
3396,32,51,7,Kolkata,2024-03-01 10:09:00,114.46,0,UPI,48,Refunded,
3397,265,2,12,Jaipur,2024-05-13 21:48:00,118.53,0,Debit Card,44,Delivered,3.9
3398,334,54,1,Kolkata,2024-07-09 18:55:00,169.88,0,Cash on Delivery,25,Delivered,2.4
3399,13,29,11,Bangalore,2024-07-05 22:46:00,235.74,30,Credit Card,46,Delivered,3.6
3400,380,45,14,Bangalore,2024-03-29 18:50:00,160.93,50,Wallet,44,Delivered,3.3
3401,352,24,9,Mumbai,2024-05-11 15:58:00,181.66,20,UPI,36,Delivered,4.1
3402,339,24,9,Mumbai,2024-02-17 15:50:00,221.2,30,Cash on Delivery,31,Delivered,4.8
3403,400,16,1,Lucknow,2024-06-28 10:09:00,806.04,0,UPI,43,Delivered,4.4
3404,396,31,14,Chennai,2024-02-03 11:05:00,125.6,0,Debit Card,45,Delivered,3.8
3405,202,49,12,Pune,2024-06-19 21:15:00,226.25,10,Debit Card,31,Delivered,4.3
3406,18,43,4,Lucknow,2024-02-28 12:18:00,1052.48,10,UPI,41,Delivered,4.1
3407,397,9,11,Bangalore,2024-08-13 16:30:00,129.6,20,Wallet,32,Delivered,4.4
3408,93,27,6,Ahmedabad,2024-10-23 08:46:00,465.79,50,UPI,30,Cancelled,
3409,280,56,1,Chennai,2024-08-09 14:53:00,351.45,30,UPI,39,Delivered,4.4
3410,358,41,8,Kolkata,2024-07-01 22:18:00,206.42,10,Wallet,43,Delivered,4.9
3411,396,14,7,Mumbai,2024-11-13 10:28:00,199.34,0,UPI,40,Cancelled,
3412,316,45,14,Bangalore,2024-11-16 11:27:00,142.61,20,UPI,34,Delivered,4.0
3413,60,25,3,Kolkata,2024-09-30 17:39:00,99.0,30,Cash on Delivery,24,Delivered,3.0
3414,214,43,4,Lucknow,2024-11-06 14:59:00,985.59,0,Cash on Delivery,32,Delivered,3.3
3415,100,44,1,Lucknow,2024-05-13 08:07:00,379.94,20,Wallet,39,Delivered,4.1
3416,1,22,4,Ahmedabad,2024-02-20 18:20:00,162.83,10,Cash on Delivery,57,Delivered,3.9
3417,43,35,10,Hyderabad,2024-10-07 22:54:00,512.69,0,Cash on Delivery,25,Cancelled,
3418,311,33,1,Mumbai,2024-07-10 16:42:00,349.41,20,Wallet,34,Refunded,
3419,168,27,6,Ahmedabad,2024-03-23 20:52:00,371.19,0,Debit Card,33,Delivered,4.5
3420,192,40,6,Kolkata,2024-11-07 19:32:00,324.82,30,UPI,13,Delivered,4.7
3421,34,26,7,Kolkata,2024-04-29 14:16:00,490.53,20,Cash on Delivery,29,Delivered,4.1
3422,34,19,11,Jaipur,2024-09-09 20:57:00,236.42,10,UPI,23,Delivered,3.4
3423,176,45,14,Bangalore,2024-01-10 22:59:00,208.32,20,UPI,31,Cancelled,
3424,196,39,11,Lucknow,2024-11-21 08:49:00,154.49,0,Cash on Delivery,50,Delivered,4.4
3425,158,45,14,Bangalore,2024-10-19 09:25:00,158.0,0,Wallet,42,Delivered,4.3
3426,245,26,7,Kolkata,2024-08-28 13:15:00,732.28,10,Credit Card,37,Delivered,4.5
3427,366,6,4,Mumbai,2024-07-18 15:12:00,355.57,50,UPI,54,Delivered,3.7
3428,340,3,12,Kolkata,2024-08-03 18:31:00,338.22,0,Credit Card,49,Delivered,5.0
3429,346,6,4,Mumbai,2024-02-04 08:17:00,378.79,10,UPI,27,Cancelled,
3430,335,28,8,Hyderabad,2024-06-13 20:09:00,790.0,20,UPI,17,Delivered,3.1
3431,71,3,12,Kolkata,2024-08-16 17:45:00,204.01,20,Debit Card,12,Delivered,4.2
3432,327,13,9,Bangalore,2024-01-01 22:24:00,315.81,0,UPI,26,Delivered,4.5
3433,114,13,9,Bangalore,2024-02-03 14:09:00,320.99,10,UPI,29,Delivered,4.6
3434,285,57,8,Delhi,2024-05-07 11:06:00,645.73,0,Wallet,50,Delivered,4.1
3435,143,13,9,Bangalore,2024-11-07 12:28:00,99.0,10,Cash on Delivery,47,Delivered,4.5
3436,97,1,6,Mumbai,2024-09-08 19:16:00,99.0,20,UPI,44,Delivered,4.6
3437,309,40,6,Kolkata,2024-10-30 11:25:00,267.72,30,Credit Card,30,Delivered,4.2
3438,320,37,8,Mumbai,2024-04-21 10:57:00,824.86,20,UPI,33,Delivered,4.2
3439,212,31,14,Chennai,2024-08-26 19:20:00,110.97,0,Wallet,31,Delivered,4.5
3440,317,52,2,Kolkata,2024-10-24 20:57:00,221.44,0,UPI,57,Delivered,4.1
3441,185,17,1,Kolkata,2024-02-03 14:44:00,481.4,0,Wallet,29,Delivered,4.9
3442,205,9,11,Bangalore,2024-02-04 22:00:00,99.0,50,Cash on Delivery,27,Delivered,4.7
3443,364,45,14,Bangalore,2024-08-14 16:41:00,285.77,0,Debit Card,41,Delivered,3.9
3444,216,57,8,Delhi,2024-02-28 18:14:00,742.47,10,UPI,25,Delivered,3.7
3445,246,13,9,Bangalore,2024-03-26 18:05:00,310.96,30,Wallet,41,Delivered,4.6
3446,239,37,8,Mumbai,2024-06-28 22:23:00,939.2,10,UPI,38,Delivered,4.2
3447,293,14,7,Mumbai,2024-05-28 14:56:00,122.77,20,UPI,28,Delivered,3.7
3448,391,11,7,Ahmedabad,2024-09-09 20:31:00,528.8,0,UPI,32,Delivered,3.8
3449,8,25,3,Kolkata,2024-10-14 12:58:00,143.98,0,Debit Card,27,Delivered,4.5
3450,78,31,14,Chennai,2024-03-09 21:03:00,104.31,50,UPI,45,Delivered,3.8
3451,324,58,1,Lucknow,2024-03-26 09:34:00,296.25,30,Wallet,34,Refunded,
3452,277,14,7,Mumbai,2024-03-21 09:49:00,109.48,0,UPI,33,Delivered,5.0
3453,202,57,8,Delhi,2024-07-02 15:01:00,381.98,0,Cash on Delivery,43,Delivered,3.5
3454,214,7,14,Ahmedabad,2024-11-13 13:14:00,632.93,30,UPI,42,Delivered,3.8
3455,94,24,9,Mumbai,2024-07-15 10:36:00,111.51,0,UPI,37,Delivered,3.5
3456,75,49,12,Pune,2024-10-19 12:02:00,232.15,50,UPI,45,Delivered,3.4
3457,157,36,12,Bangalore,2024-10-17 11:22:00,681.61,20,Wallet,33,Delivered,3.6
3458,153,42,9,Jaipur,2024-08-09 09:57:00,474.01,0,UPI,26,Delivered,3.8
3459,142,42,9,Jaipur,2024-08-31 11:32:00,218.33,10,Cash on Delivery,36,Delivered,3.8
3460,78,47,10,Mumbai,2024-06-02 15:16:00,296.75,50,UPI,35,Delivered,2.8
3461,322,52,2,Kolkata,2024-05-14 16:07:00,152.65,20,Cash on Delivery,49,Delivered,3.4
3462,182,44,1,Lucknow,2024-05-07 12:55:00,184.93,0,UPI,32,Delivered,4.2
3463,195,41,8,Kolkata,2024-05-05 22:58:00,188.22,50,UPI,51,Delivered,3.7
3464,158,3,12,Kolkata,2024-02-27 19:47:00,306.46,30,Debit Card,23,Delivered,4.7
3465,146,47,10,Mumbai,2024-04-17 10:09:00,213.68,50,UPI,33,Delivered,4.0
3466,54,44,1,Lucknow,2024-06-15 19:19:00,346.25,20,Credit Card,32,Delivered,4.5
3467,356,26,7,Kolkata,2024-12-22 16:06:00,541.84,10,UPI,32,Delivered,3.9
3468,277,47,10,Mumbai,2024-06-30 17:13:00,485.1,10,Cash on Delivery,46,Delivered,4.6
3469,309,26,7,Kolkata,2024-07-21 14:28:00,453.11,0,Credit Card,30,Delivered,2.7
3470,83,1,6,Mumbai,2024-07-20 20:08:00,142.51,20,UPI,45,Delivered,4.2
3471,400,15,14,Hyderabad,2024-12-21 17:18:00,199.86,0,Cash on Delivery,34,Delivered,5.0
3472,156,11,7,Ahmedabad,2024-07-02 22:16:00,393.79,20,UPI,34,Cancelled,
3473,4,37,8,Mumbai,2024-05-16 20:32:00,806.47,50,Debit Card,22,Cancelled,
3474,311,7,14,Ahmedabad,2024-09-21 14:15:00,354.75,10,Debit Card,48,Delivered,3.2
3475,271,12,12,Bangalore,2024-01-19 14:05:00,144.51,30,Wallet,50,Delivered,4.6
3476,64,52,2,Kolkata,2024-04-23 10:10:00,157.69,0,UPI,23,Delivered,4.3
3477,112,57,8,Delhi,2024-05-04 19:57:00,428.07,0,Debit Card,51,Refunded,
3478,239,38,15,Hyderabad,2024-10-24 20:11:00,107.7,0,UPI,21,Delivered,3.2
3479,144,54,1,Kolkata,2024-09-11 12:09:00,196.71,30,Credit Card,33,Delivered,4.3
3480,374,3,12,Kolkata,2024-01-20 09:35:00,307.91,20,Credit Card,34,Delivered,4.3
3481,20,42,9,Jaipur,2024-04-01 15:04:00,514.48,10,UPI,32,Delivered,4.0
3482,64,58,1,Lucknow,2024-02-06 20:59:00,236.71,20,Credit Card,46,Delivered,4.8
3483,289,53,3,Pune,2024-05-19 17:34:00,544.92,0,Debit Card,42,Cancelled,
3484,81,26,7,Kolkata,2024-06-16 13:01:00,194.95,0,Credit Card,18,Delivered,4.7
3485,197,54,1,Kolkata,2024-06-26 16:44:00,218.87,0,UPI,50,Delivered,4.6
3486,382,30,9,Ahmedabad,2024-12-24 17:08:00,328.98,20,UPI,52,Delivered,4.9
3487,69,32,5,Bangalore,2024-07-08 13:46:00,290.83,10,UPI,42,Delivered,3.6
3488,186,36,12,Bangalore,2024-01-05 19:00:00,919.99,30,UPI,32,Delivered,3.8
3489,167,45,14,Bangalore,2024-10-26 13:37:00,172.88,50,UPI,37,Delivered,3.7
3490,205,51,7,Kolkata,2024-08-30 10:15:00,124.05,50,Credit Card,32,Delivered,3.8
3491,164,37,8,Mumbai,2024-04-24 10:22:00,1070.44,0,Debit Card,45,Delivered,3.8
3492,94,55,5,Bangalore,2024-06-18 18:17:00,247.53,0,UPI,17,Delivered,4.0
3493,249,59,11,Jaipur,2024-06-02 20:57:00,126.0,0,Cash on Delivery,39,Cancelled,
3494,68,54,1,Kolkata,2024-05-25 10:57:00,99.0,20,Wallet,47,Delivered,3.9
3495,343,18,9,Lucknow,2024-09-08 14:02:00,612.79,0,UPI,33,Delivered,3.4
3496,21,1,6,Mumbai,2024-11-06 16:26:00,182.02,10,UPI,41,Delivered,4.6
3497,319,53,3,Pune,2024-02-27 19:26:00,518.66,10,Credit Card,17,Delivered,3.6
3498,85,21,9,Jaipur,2024-11-03 14:24:00,472.42,20,UPI,25,Delivered,5.0
3499,390,28,8,Hyderabad,2024-10-06 15:08:00,885.89,0,Cash on Delivery,39,Delivered,4.6
3500,24,48,4,Pune,2024-04-03 12:18:00,150.12,0,UPI,40,Delivered,3.4
3501,111,16,1,Lucknow,2024-12-01 15:43:00,1023.88,0,UPI,29,Delivered,4.1
3502,351,48,4,Pune,2024-12-21 15:38:00,187.25,50,UPI,38,Delivered,3.3
3503,83,28,8,Hyderabad,2024-03-02 21:05:00,566.46,0,UPI,34,Delivered,4.9
3504,358,22,4,Ahmedabad,2024-03-09 21:52:00,155.0,30,UPI,17,Cancelled,
3505,78,19,11,Jaipur,2024-12-30 17:49:00,487.77,10,UPI,33,Delivered,4.1
3506,380,48,4,Pune,2024-07-07 22:03:00,174.41,50,UPI,42,Delivered,4.1
3507,140,1,6,Mumbai,2024-03-12 15:10:00,173.68,10,Debit Card,48,Cancelled,
3508,376,31,14,Chennai,2024-01-17 09:20:00,147.91,0,UPI,33,Delivered,4.2
3509,271,52,2,Kolkata,2024-02-26 17:42:00,178.64,0,Cash on Delivery,39,Delivered,4.0
3510,339,52,2,Kolkata,2024-10-30 19:44:00,221.2,30,UPI,37,Delivered,3.7
3511,169,42,9,Jaipur,2024-08-06 14:25:00,336.46,10,UPI,40,Delivered,4.0
3512,197,34,3,Bangalore,2024-01-31 22:05:00,229.48,0,UPI,29,Delivered,4.9
3513,262,46,1,Kolkata,2024-04-17 15:06:00,274.48,0,Cash on Delivery,34,Delivered,3.8
3514,215,40,6,Kolkata,2024-04-17 12:13:00,271.39,0,Credit Card,40,Delivered,4.9
3515,67,6,4,Mumbai,2024-09-28 18:51:00,267.78,20,UPI,39,Delivered,3.8
3516,229,28,8,Hyderabad,2024-11-24 17:16:00,608.34,10,UPI,41,Delivered,4.2
3517,161,3,12,Kolkata,2024-09-24 13:18:00,310.65,0,Wallet,43,Delivered,5.0
3518,122,31,14,Chennai,2024-08-22 16:52:00,177.63,10,Cash on Delivery,37,Delivered,4.4
3519,149,16,1,Lucknow,2024-06-05 13:58:00,523.2,0,UPI,38,Delivered,4.3
3520,340,17,1,Kolkata,2024-12-10 16:23:00,348.06,0,Credit Card,29,Delivered,4.5
3521,193,44,1,Lucknow,2024-03-20 13:36:00,420.57,0,Credit Card,44,Delivered,4.7
3522,231,27,6,Ahmedabad,2024-07-31 11:33:00,518.08,0,UPI,24,Delivered,3.6
3523,111,51,7,Kolkata,2024-12-13 13:40:00,99.0,0,Cash on Delivery,41,Delivered,4.4
3524,145,24,9,Mumbai,2024-12-13 08:13:00,200.71,0,Cash on Delivery,36,Delivered,4.3
3525,221,20,14,Kolkata,2024-03-11 13:50:00,281.43,30,Credit Card,28,Delivered,2.8
3526,392,32,5,Bangalore,2024-03-05 20:51:00,519.24,0,Cash on Delivery,28,Delivered,4.2
3527,64,35,10,Hyderabad,2024-10-12 16:14:00,519.07,20,Credit Card,37,Cancelled,
3528,126,13,9,Bangalore,2024-04-08 09:29:00,343.55,10,UPI,33,Delivered,3.5
3529,218,48,4,Pune,2024-04-07 17:10:00,255.88,0,UPI,31,Delivered,4.2
3530,284,43,4,Lucknow,2024-10-09 15:34:00,989.78,0,Credit Card,39,Delivered,4.7
3531,354,20,14,Kolkata,2024-03-12 10:17:00,236.44,0,UPI,18,Delivered,3.5
3532,397,59,11,Jaipur,2024-03-17 20:23:00,101.37,0,Debit Card,36,Delivered,4.0
3533,236,48,4,Pune,2024-12-08 19:48:00,154.52,0,UPI,31,Delivered,3.8
3534,13,52,2,Kolkata,2024-08-09 22:27:00,183.61,0,UPI,23,Delivered,4.8
3535,153,2,12,Jaipur,2024-01-22 19:27:00,131.67,10,Wallet,32,Delivered,3.8
3536,239,4,12,Jaipur,2024-07-10 20:24:00,377.37,0,Wallet,22,Delivered,4.2
3537,190,27,6,Ahmedabad,2024-12-29 10:45:00,388.69,0,Debit Card,47,Delivered,4.5
3538,151,60,1,Hyderabad,2024-05-14 20:05:00,124.4,50,Debit Card,42,Delivered,4.6
3539,86,25,3,Kolkata,2024-10-06 10:18:00,110.48,0,Cash on Delivery,43,Delivered,3.5
3540,21,4,12,Jaipur,2024-08-15 10:08:00,246.41,0,Debit Card,40,Delivered,3.9
3541,182,60,1,Hyderabad,2024-04-21 18:35:00,116.51,30,UPI,14,Delivered,5.0
3542,319,32,5,Bangalore,2024-12-23 15:58:00,334.15,0,Credit Card,23,Delivered,4.1
3543,158,17,1,Kolkata,2024-08-08 15:47:00,269.27,0,Credit Card,44,Delivered,4.7
3544,367,1,6,Mumbai,2024-07-09 12:52:00,99.0,0,UPI,55,Delivered,5.0
3545,76,33,1,Mumbai,2024-06-18 14:44:00,420.37,30,UPI,39,Delivered,4.1
3546,329,30,9,Ahmedabad,2024-01-14 14:28:00,329.57,0,Cash on Delivery,49,Delivered,4.6
3547,203,5,12,Ahmedabad,2024-05-13 14:36:00,468.38,0,UPI,27,Delivered,4.7
3548,229,54,1,Kolkata,2024-02-22 09:22:00,256.24,0,UPI,29,Delivered,3.3
3549,152,12,12,Bangalore,2024-02-07 18:00:00,153.86,20,UPI,42,Delivered,4.3
3550,263,38,15,Hyderabad,2024-07-14 10:43:00,99.0,0,UPI,27,Delivered,5.0
3551,72,32,5,Bangalore,2024-10-29 10:22:00,473.46,20,Cash on Delivery,19,Delivered,3.2
3552,225,38,15,Hyderabad,2024-08-06 19:25:00,99.0,0,Debit Card,42,Delivered,4.0
3553,385,57,8,Delhi,2024-11-03 22:59:00,378.42,30,Cash on Delivery,28,Delivered,4.2
3554,131,17,1,Kolkata,2024-01-08 18:15:00,474.15,50,Credit Card,16,Delivered,4.0
3555,360,58,1,Lucknow,2024-05-10 12:19:00,260.04,0,Credit Card,47,Delivered,4.0
3556,28,54,1,Kolkata,2024-05-21 19:31:00,195.96,0,Debit Card,40,Delivered,3.4
3557,299,45,14,Bangalore,2024-01-26 22:05:00,205.82,0,UPI,42,Cancelled,
3558,97,40,6,Kolkata,2024-05-02 17:35:00,186.47,0,Credit Card,43,Cancelled,
3559,46,32,5,Bangalore,2024-06-16 10:58:00,612.4,0,Credit Card,45,Delivered,4.3
3560,1,24,9,Mumbai,2024-01-05 20:31:00,210.35,0,Wallet,40,Delivered,3.7
3561,166,12,12,Bangalore,2024-07-26 08:12:00,157.14,50,Wallet,20,Delivered,3.7
3562,245,47,10,Mumbai,2024-09-11 13:10:00,243.47,0,UPI,24,Delivered,3.0
3563,219,31,14,Chennai,2024-01-08 16:39:00,99.0,50,UPI,45,Delivered,3.2
3564,102,19,11,Jaipur,2024-02-01 15:27:00,398.82,0,Debit Card,41,Cancelled,
3565,291,29,11,Bangalore,2024-07-24 20:02:00,189.86,0,UPI,34,Refunded,
3566,204,21,9,Jaipur,2024-08-15 22:26:00,302.05,20,UPI,18,Delivered,5.0
3567,202,26,7,Kolkata,2024-07-30 22:14:00,268.77,10,UPI,27,Delivered,4.1
3568,54,52,2,Kolkata,2024-11-13 18:52:00,161.89,50,UPI,32,Delivered,4.5
3569,280,28,8,Hyderabad,2024-02-14 16:27:00,754.61,50,Credit Card,27,Delivered,3.6
3570,278,17,1,Kolkata,2024-10-07 17:43:00,229.34,0,Credit Card,25,Delivered,2.9
3571,16,9,11,Bangalore,2024-08-12 21:13:00,121.0,20,Wallet,38,Delivered,3.7
3572,13,21,9,Jaipur,2024-05-15 21:00:00,544.62,50,UPI,50,Delivered,3.0
3573,356,50,14,Hyderabad,2024-03-20 09:06:00,186.1,0,UPI,41,Delivered,3.7
3574,356,60,1,Hyderabad,2024-07-25 15:48:00,164.86,0,Debit Card,30,Delivered,4.8
3575,318,34,3,Bangalore,2024-08-30 14:12:00,185.56,0,UPI,34,Delivered,4.0
3576,87,11,7,Ahmedabad,2024-02-25 22:56:00,495.79,0,Wallet,41,Refunded,
3577,78,55,5,Bangalore,2024-11-09 10:23:00,265.71,10,UPI,29,Delivered,5.0
3578,67,20,14,Kolkata,2024-04-06 15:28:00,357.91,0,Wallet,37,Delivered,4.4
3579,347,49,12,Pune,2024-08-02 20:30:00,331.34,30,Credit Card,31,Delivered,4.7
3580,211,53,3,Pune,2024-02-09 08:53:00,455.0,0,Cash on Delivery,31,Delivered,4.0
3581,214,50,14,Hyderabad,2024-09-26 18:52:00,184.18,20,Debit Card,19,Delivered,3.3
3582,185,47,10,Mumbai,2024-11-04 14:26:00,149.39,10,Wallet,35,Delivered,3.5
3583,33,39,11,Lucknow,2024-06-23 10:05:00,103.48,0,Debit Card,39,Delivered,4.8
3584,115,16,1,Lucknow,2024-11-06 08:43:00,897.29,10,Debit Card,43,Delivered,4.2
3585,275,57,8,Delhi,2024-01-18 19:19:00,490.72,0,Debit Card,18,Cancelled,
3586,198,29,11,Bangalore,2024-10-27 15:58:00,426.05,30,Cash on Delivery,45,Delivered,3.3
3587,380,1,6,Mumbai,2024-04-02 21:25:00,156.53,50,Wallet,42,Delivered,4.5
3588,143,60,1,Hyderabad,2024-10-04 08:57:00,137.42,10,UPI,50,Delivered,3.2
3589,228,18,9,Lucknow,2024-10-29 20:21:00,713.29,20,UPI,31,Delivered,4.4
3590,120,59,11,Jaipur,2024-10-27 20:59:00,99.0,20,UPI,36,Delivered,3.9
3591,353,22,4,Ahmedabad,2024-01-09 15:14:00,162.5,0,UPI,25,Delivered,4.5
3592,24,8,14,Ahmedabad,2024-06-12 20:26:00,99.03,30,Cash on Delivery,34,Delivered,3.9
3593,27,7,14,Ahmedabad,2024-06-20 12:06:00,581.35,0,UPI,32,Delivered,4.5
3594,75,25,3,Kolkata,2024-07-18 12:40:00,99.0,0,Credit Card,37,Delivered,3.2
3595,241,30,9,Ahmedabad,2024-03-16 11:51:00,99.82,10,Debit Card,35,Delivered,4.3
3596,23,34,3,Bangalore,2024-03-01 15:16:00,260.83,20,Cash on Delivery,43,Delivered,3.8
3597,161,44,1,Lucknow,2024-09-01 20:26:00,334.68,20,Debit Card,33,Delivered,4.3
3598,41,48,4,Pune,2024-09-13 11:33:00,216.54,20,UPI,48,Delivered,3.9
3599,238,41,8,Kolkata,2024-03-08 15:20:00,210.1,50,Wallet,10,Delivered,3.6
3600,239,52,2,Kolkata,2024-06-09 14:00:00,167.15,0,UPI,48,Delivered,4.0
3601,56,11,7,Ahmedabad,2024-09-15 19:50:00,495.32,20,Cash on Delivery,21,Delivered,4.8
3602,98,15,14,Hyderabad,2024-11-30 22:53:00,99.0,0,UPI,43,Delivered,3.7
3603,146,35,10,Hyderabad,2024-09-02 20:58:00,187.39,0,UPI,42,Delivered,4.2
3604,262,23,13,Delhi,2024-07-05 13:28:00,704.63,20,Wallet,24,Delivered,3.7
3605,40,53,3,Pune,2024-09-29 12:59:00,519.45,0,Cash on Delivery,47,Delivered,2.9
3606,193,45,14,Bangalore,2024-05-04 08:20:00,146.95,0,UPI,23,Delivered,4.1
3607,239,21,9,Jaipur,2024-02-20 09:10:00,261.0,0,Debit Card,22,Delivered,5.0
3608,42,28,8,Hyderabad,2024-11-22 17:38:00,882.9,0,Credit Card,31,Delivered,3.3
3609,222,13,9,Bangalore,2024-03-09 19:47:00,262.97,20,UPI,31,Cancelled,
3610,196,34,3,Bangalore,2024-02-26 12:17:00,241.65,30,Cash on Delivery,29,Delivered,4.7
3611,288,38,15,Hyderabad,2024-04-08 11:14:00,139.17,0,Cash on Delivery,36,Delivered,2.7
3612,10,6,4,Mumbai,2024-11-20 20:50:00,155.68,0,Wallet,39,Delivered,4.1
3613,235,44,1,Lucknow,2024-11-27 21:54:00,319.2,50,Credit Card,34,Delivered,3.3
3614,325,4,12,Jaipur,2024-02-06 13:06:00,429.95,0,Debit Card,23,Delivered,4.4
3615,265,5,12,Ahmedabad,2024-01-26 17:47:00,611.66,30,Credit Card,26,Delivered,3.8
3616,69,55,5,Bangalore,2024-01-08 16:26:00,209.99,0,UPI,56,Delivered,3.7
3617,139,40,6,Kolkata,2024-01-04 12:30:00,254.19,20,Credit Card,24,Delivered,3.4
3618,355,6,4,Mumbai,2024-05-28 15:24:00,366.03,0,Wallet,25,Delivered,2.8
3619,219,21,9,Jaipur,2024-05-22 12:34:00,565.66,0,UPI,19,Refunded,
3620,196,28,8,Hyderabad,2024-02-12 16:36:00,1100.76,0,UPI,45,Delivered,3.9
3621,74,3,12,Kolkata,2024-07-03 17:46:00,184.87,0,Debit Card,45,Delivered,3.7
3622,103,23,13,Delhi,2024-04-01 20:13:00,796.58,0,UPI,39,Delivered,3.8
3623,225,8,14,Ahmedabad,2024-11-19 12:19:00,99.0,20,Wallet,48,Delivered,3.9
3624,123,19,11,Jaipur,2024-02-03 19:32:00,469.02,0,UPI,28,Delivered,3.6
3625,102,53,3,Pune,2024-07-15 13:29:00,588.22,30,Cash on Delivery,23,Delivered,4.2
3626,264,11,7,Ahmedabad,2024-03-28 18:39:00,413.88,10,UPI,38,Delivered,4.0
3627,161,50,14,Hyderabad,2024-01-07 11:37:00,136.04,20,UPI,40,Delivered,4.6
3628,233,10,10,Mumbai,2024-02-21 22:45:00,257.16,0,Cash on Delivery,37,Delivered,5.0
3629,275,58,1,Lucknow,2024-08-08 19:47:00,294.27,0,Debit Card,32,Delivered,4.2
3630,258,28,8,Hyderabad,2024-05-22 20:44:00,1081.81,0,UPI,45,Cancelled,
3631,311,20,14,Kolkata,2024-12-28 21:48:00,304.53,50,UPI,35,Delivered,4.8
3632,139,44,1,Lucknow,2024-10-03 22:13:00,280.78,10,UPI,38,Delivered,4.2
3633,227,52,2,Kolkata,2024-10-24 19:15:00,187.65,20,UPI,35,Delivered,4.4
3634,273,28,8,Hyderabad,2024-01-15 17:03:00,983.06,50,Credit Card,30,Cancelled,
3635,317,29,11,Bangalore,2024-01-27 14:28:00,230.96,10,Credit Card,24,Delivered,3.9
3636,387,8,14,Ahmedabad,2024-04-14 12:51:00,99.0,0,UPI,39,Delivered,4.0
3637,86,19,11,Jaipur,2024-11-14 16:52:00,533.06,0,UPI,13,Delivered,3.6
3638,291,53,3,Pune,2024-02-26 15:51:00,275.89,10,Credit Card,29,Delivered,5.0
3639,217,48,4,Pune,2024-12-28 18:06:00,220.92,0,UPI,30,Delivered,4.7
3640,359,59,11,Jaipur,2024-09-16 12:04:00,114.09,10,Debit Card,23,Delivered,4.3
3641,66,21,9,Jaipur,2024-09-11 16:27:00,463.04,0,Debit Card,32,Delivered,3.5
3642,257,18,9,Lucknow,2024-12-01 16:53:00,1066.81,0,UPI,39,Delivered,4.0
3643,135,9,11,Bangalore,2024-09-11 09:45:00,133.84,0,UPI,36,Delivered,4.7
3644,375,4,12,Jaipur,2024-07-13 09:20:00,306.61,30,UPI,29,Delivered,5.0
3645,390,41,8,Kolkata,2024-07-16 18:52:00,239.35,0,Debit Card,41,Refunded,
3646,55,25,3,Kolkata,2024-12-03 19:04:00,129.54,50,Debit Card,38,Delivered,4.1
3647,356,34,3,Bangalore,2024-07-30 19:25:00,204.97,50,Credit Card,24,Delivered,4.8
3648,243,9,11,Bangalore,2024-03-22 10:02:00,99.0,30,Wallet,27,Delivered,4.2
3649,252,9,11,Bangalore,2024-11-24 11:30:00,99.0,10,Credit Card,21,Delivered,4.9
3650,21,18,9,Lucknow,2024-02-18 08:54:00,624.4,10,Cash on Delivery,32,Delivered,2.8
3651,307,11,7,Ahmedabad,2024-10-16 16:40:00,269.62,50,UPI,28,Delivered,3.6
3652,163,13,9,Bangalore,2024-11-20 22:46:00,382.12,10,UPI,33,Delivered,4.3
3653,356,38,15,Hyderabad,2024-09-15 10:27:00,99.0,0,UPI,54,Delivered,3.4
3654,264,9,11,Bangalore,2024-09-15 13:03:00,115.65,10,Debit Card,19,Delivered,4.4
3655,68,16,1,Lucknow,2024-12-09 22:44:00,1033.57,0,UPI,16,Cancelled,
3656,107,4,12,Jaipur,2024-10-27 18:10:00,425.46,0,Debit Card,50,Delivered,4.1
3657,400,34,3,Bangalore,2024-06-13 08:08:00,270.62,20,Debit Card,40,Delivered,3.1
3658,67,7,14,Ahmedabad,2024-03-05 10:46:00,671.12,10,UPI,45,Delivered,3.0
3659,199,15,14,Hyderabad,2024-10-08 12:30:00,167.39,10,Debit Card,32,Delivered,4.3
3660,192,57,8,Delhi,2024-10-08 14:29:00,530.81,30,UPI,42,Delivered,3.4
3661,2,38,15,Hyderabad,2024-09-22 15:43:00,99.0,0,Credit Card,34,Delivered,3.8
3662,257,11,7,Ahmedabad,2024-08-04 13:14:00,362.88,0,Cash on Delivery,44,Delivered,4.5
3663,1,32,5,Bangalore,2024-04-14 15:56:00,569.82,0,Cash on Delivery,45,Delivered,4.1
3664,358,27,6,Ahmedabad,2024-11-25 11:40:00,358.62,0,UPI,44,Delivered,3.8
3665,115,30,9,Ahmedabad,2024-02-16 14:52:00,125.3,20,UPI,28,Delivered,3.2
3666,391,52,2,Kolkata,2024-05-08 09:57:00,179.23,0,Credit Card,36,Delivered,5.0
3667,88,17,1,Kolkata,2024-05-26 21:13:00,309.65,20,UPI,25,Cancelled,
3668,197,36,12,Bangalore,2024-03-12 13:11:00,852.58,10,Wallet,41,Delivered,4.6
3669,92,19,11,Jaipur,2024-01-27 20:14:00,592.22,10,UPI,38,Delivered,3.7
3670,274,7,14,Ahmedabad,2024-06-22 12:00:00,830.58,0,Wallet,19,Delivered,3.6
3671,344,43,4,Lucknow,2024-02-29 18:27:00,657.87,0,Wallet,40,Delivered,3.8
3672,160,45,14,Bangalore,2024-09-15 10:17:00,203.55,20,UPI,39,Delivered,3.5
3673,173,59,11,Jaipur,2024-02-21 19:33:00,99.0,0,UPI,41,Delivered,3.9
3674,33,58,1,Lucknow,2024-04-05 20:24:00,141.49,10,Cash on Delivery,35,Delivered,4.8
3675,73,21,9,Jaipur,2024-11-11 17:38:00,483.18,30,UPI,41,Delivered,4.7
3676,196,28,8,Hyderabad,2024-10-01 13:46:00,1343.25,50,Credit Card,38,Delivered,4.7
3677,284,3,12,Kolkata,2024-08-21 13:28:00,172.81,20,UPI,26,Refunded,
3678,87,14,7,Mumbai,2024-06-14 20:45:00,110.89,10,UPI,41,Delivered,3.3
3679,309,2,12,Jaipur,2024-10-17 18:02:00,214.08,0,UPI,25,Delivered,3.5
3680,224,29,11,Bangalore,2024-12-04 17:26:00,340.38,0,UPI,24,Delivered,4.7
3681,44,18,9,Lucknow,2024-05-22 18:46:00,817.04,0,Debit Card,37,Delivered,4.4
3682,336,37,8,Mumbai,2024-03-30 18:23:00,669.32,50,Wallet,10,Delivered,3.8
3683,138,45,14,Bangalore,2024-11-28 12:03:00,213.58,50,UPI,28,Delivered,4.5
3684,270,45,14,Bangalore,2024-01-13 16:56:00,203.11,20,Credit Card,32,Cancelled,
3685,359,24,9,Mumbai,2024-04-07 15:36:00,278.65,0,Credit Card,48,Delivered,4.4
3686,36,56,1,Chennai,2024-10-30 14:00:00,956.31,30,UPI,33,Delivered,3.2
3687,34,46,1,Kolkata,2024-02-29 17:11:00,295.17,50,Debit Card,54,Refunded,
3688,88,12,12,Bangalore,2024-05-28 18:43:00,119.28,20,Cash on Delivery,20,Delivered,2.7
3689,146,53,3,Pune,2024-07-04 19:43:00,534.34,0,UPI,40,Delivered,4.1
3690,16,45,14,Bangalore,2024-03-18 09:33:00,163.08,0,Cash on Delivery,41,Delivered,2.8
3691,233,32,5,Bangalore,2024-10-07 20:03:00,547.42,0,Cash on Delivery,26,Delivered,4.8
3692,41,18,9,Lucknow,2024-05-23 17:44:00,589.13,30,UPI,34,Refunded,
3693,255,13,9,Bangalore,2024-07-12 10:18:00,287.89,10,Debit Card,34,Delivered,4.4
3694,281,4,12,Jaipur,2024-10-01 18:52:00,269.59,50,UPI,46,Delivered,3.9
3695,126,23,13,Delhi,2024-08-30 15:13:00,637.92,0,Debit Card,21,Delivered,3.4
3696,8,54,1,Kolkata,2024-01-10 10:37:00,169.43,0,Credit Card,54,Delivered,3.5
3697,368,10,10,Mumbai,2024-01-29 22:22:00,190.84,20,UPI,16,Delivered,2.3
3698,350,55,5,Bangalore,2024-01-23 09:45:00,182.53,0,Cash on Delivery,39,Cancelled,
3699,340,5,12,Ahmedabad,2024-01-28 17:09:00,682.34,10,Debit Card,26,Delivered,4.9
3700,324,50,14,Hyderabad,2024-06-23 11:54:00,188.78,50,Cash on Delivery,40,Delivered,4.2
3701,176,40,6,Kolkata,2024-11-17 10:06:00,209.98,0,UPI,28,Delivered,4.0
3702,228,14,7,Mumbai,2024-02-24 22:09:00,307.73,50,Cash on Delivery,48,Delivered,5.0
3703,323,60,1,Hyderabad,2024-01-19 19:16:00,164.87,10,Credit Card,36,Cancelled,
3704,367,34,3,Bangalore,2024-06-04 10:36:00,175.75,0,Cash on Delivery,31,Delivered,3.5
3705,18,28,8,Hyderabad,2024-03-27 11:12:00,694.84,20,Debit Card,24,Delivered,4.0
3706,56,8,14,Ahmedabad,2024-11-28 18:10:00,99.0,50,UPI,39,Delivered,3.7
3707,35,16,1,Lucknow,2024-11-01 19:18:00,898.96,20,UPI,40,Delivered,5.0
3708,390,31,14,Chennai,2024-09-16 13:21:00,192.99,0,Cash on Delivery,31,Delivered,3.9
3709,118,7,14,Ahmedabad,2024-04-10 14:33:00,739.56,20,Debit Card,35,Delivered,4.2
3710,282,3,12,Kolkata,2024-12-18 19:41:00,217.12,0,Wallet,38,Delivered,5.0
3711,254,29,11,Bangalore,2024-10-22 08:11:00,348.06,0,UPI,41,Delivered,4.8
3712,213,36,12,Bangalore,2024-05-09 18:27:00,916.43,0,Debit Card,25,Delivered,3.1
3713,61,39,11,Lucknow,2024-03-14 13:16:00,146.62,0,Debit Card,30,Delivered,3.9
3714,88,4,12,Jaipur,2024-03-30 10:06:00,330.1,10,Debit Card,41,Refunded,
3715,271,9,11,Bangalore,2024-08-23 15:19:00,125.57,20,Cash on Delivery,34,Delivered,4.1
3716,347,55,5,Bangalore,2024-11-27 10:16:00,257.93,50,UPI,16,Delivered,4.2
3717,32,17,1,Kolkata,2024-12-13 16:09:00,191.89,30,Credit Card,51,Delivered,4.3
3718,396,49,12,Pune,2024-03-26 13:56:00,364.17,0,Credit Card,43,Delivered,3.6
3719,133,20,14,Kolkata,2024-08-01 19:36:00,272.31,0,UPI,18,Delivered,5.0
3720,64,14,7,Mumbai,2024-03-31 22:21:00,295.51,10,Credit Card,28,Refunded,
3721,199,46,1,Kolkata,2024-08-09 18:39:00,320.97,0,Credit Card,51,Delivered,4.4
3722,256,29,11,Bangalore,2024-04-10 09:43:00,353.65,50,UPI,40,Delivered,4.5
3723,342,57,8,Delhi,2024-02-29 09:57:00,354.95,0,UPI,21,Delivered,4.9
3724,155,13,9,Bangalore,2024-02-17 12:34:00,360.72,0,Cash on Delivery,15,Delivered,4.3
3725,231,36,12,Bangalore,2024-12-27 10:07:00,861.74,30,UPI,17,Delivered,4.0
3726,301,45,14,Bangalore,2024-02-02 19:27:00,99.81,20,UPI,30,Delivered,3.9
3727,35,53,3,Pune,2024-06-13 16:35:00,749.91,30,Debit Card,42,Delivered,4.0
3728,26,17,1,Kolkata,2024-12-02 15:20:00,354.72,0,UPI,20,Delivered,4.0
3729,23,47,10,Mumbai,2024-10-13 19:32:00,324.67,20,Debit Card,41,Delivered,3.0
3730,141,50,14,Hyderabad,2024-10-12 19:43:00,179.84,10,UPI,26,Delivered,3.7
3731,387,43,4,Lucknow,2024-01-12 10:56:00,630.03,0,Cash on Delivery,16,Delivered,3.4
3732,285,4,12,Jaipur,2024-08-31 15:23:00,390.53,30,UPI,32,Delivered,2.9
3733,320,60,1,Hyderabad,2024-07-06 18:12:00,163.65,0,UPI,55,Delivered,4.2
3734,156,20,14,Kolkata,2024-03-31 15:09:00,400.97,30,Credit Card,48,Delivered,4.4
3735,113,11,7,Ahmedabad,2024-09-12 15:19:00,335.86,0,UPI,30,Delivered,3.6
3736,390,42,9,Jaipur,2024-11-23 16:06:00,549.68,0,Cash on Delivery,37,Refunded,
3737,139,22,4,Ahmedabad,2024-03-18 19:01:00,201.4,0,Debit Card,29,Delivered,3.9
3738,374,45,14,Bangalore,2024-02-12 15:12:00,321.1,0,Cash on Delivery,15,Cancelled,
3739,209,54,1,Kolkata,2024-07-31 22:27:00,269.17,30,UPI,29,Delivered,4.4
3740,323,8,14,Ahmedabad,2024-10-17 14:45:00,108.37,0,Cash on Delivery,41,Delivered,3.9
3741,364,28,8,Hyderabad,2024-09-10 22:01:00,768.31,20,Credit Card,23,Delivered,4.0
3742,86,45,14,Bangalore,2024-03-01 10:11:00,236.5,0,UPI,46,Delivered,4.0
3743,285,41,8,Kolkata,2024-11-15 16:51:00,229.01,10,UPI,46,Delivered,4.5
3744,60,30,9,Ahmedabad,2024-11-20 10:56:00,167.3,0,Cash on Delivery,30,Delivered,4.1
3745,54,33,1,Mumbai,2024-06-23 10:01:00,424.94,30,Wallet,36,Delivered,3.9
3746,93,33,1,Mumbai,2024-06-20 12:53:00,321.8,10,UPI,48,Delivered,3.8
3747,325,47,10,Mumbai,2024-11-29 19:26:00,210.27,0,Wallet,39,Delivered,3.6
3748,373,54,1,Kolkata,2024-02-23 17:02:00,266.87,10,Cash on Delivery,50,Delivered,4.5
3749,265,36,12,Bangalore,2024-04-11 15:24:00,795.84,0,UPI,17,Delivered,4.4
3750,382,27,6,Ahmedabad,2024-10-30 14:46:00,345.46,20,Debit Card,29,Delivered,4.1
3751,213,20,14,Kolkata,2024-08-09 12:29:00,159.11,20,UPI,32,Delivered,4.7
3752,333,33,1,Mumbai,2024-12-13 22:56:00,306.87,10,Cash on Delivery,47,Delivered,4.1
3753,10,25,3,Kolkata,2024-08-22 13:20:00,99.0,50,Debit Card,35,Delivered,4.3
3754,358,44,1,Lucknow,2024-09-13 12:12:00,451.73,50,Credit Card,28,Delivered,3.8
3755,203,43,4,Lucknow,2024-03-25 21:08:00,513.96,10,Wallet,34,Delivered,4.8
3756,196,19,11,Jaipur,2024-02-16 12:30:00,544.21,30,UPI,40,Delivered,4.2
3757,58,47,10,Mumbai,2024-02-28 13:21:00,280.53,50,Cash on Delivery,32,Delivered,4.3
3758,256,21,9,Jaipur,2024-01-12 14:05:00,683.4,0,UPI,43,Delivered,4.1
3759,223,42,9,Jaipur,2024-11-04 17:04:00,414.99,20,Cash on Delivery,36,Delivered,4.2
3760,369,33,1,Mumbai,2024-03-13 21:39:00,448.96,30,Debit Card,32,Delivered,4.3
3761,180,56,1,Chennai,2024-09-26 19:41:00,1015.97,10,Debit Card,47,Delivered,2.9
3762,362,3,12,Kolkata,2024-08-09 11:51:00,191.72,30,Credit Card,49,Refunded,
3763,35,14,7,Mumbai,2024-01-26 12:44:00,309.34,0,Wallet,47,Cancelled,
3764,359,15,14,Hyderabad,2024-01-29 10:46:00,99.0,0,UPI,27,Delivered,4.4
3765,103,33,1,Mumbai,2024-10-05 12:41:00,407.7,10,UPI,47,Delivered,3.7
3766,161,42,9,Jaipur,2024-11-04 10:31:00,371.52,0,UPI,45,Delivered,4.0
3767,200,22,4,Ahmedabad,2024-07-04 12:15:00,156.67,30,Cash on Delivery,24,Delivered,3.7
3768,160,1,6,Mumbai,2024-09-29 13:57:00,193.76,0,Credit Card,32,Delivered,4.6
3769,183,31,14,Chennai,2024-08-11 11:19:00,196.28,0,Credit Card,47,Delivered,3.6
3770,353,47,10,Mumbai,2024-04-21 15:01:00,330.18,20,Cash on Delivery,45,Delivered,3.9
3771,136,35,10,Hyderabad,2024-04-20 09:00:00,556.96,50,Cash on Delivery,30,Delivered,3.7
3772,398,53,3,Pune,2024-02-27 20:28:00,315.11,30,UPI,24,Delivered,3.7
3773,226,20,14,Kolkata,2024-07-29 19:39:00,225.33,0,Credit Card,48,Delivered,3.7
3774,392,32,5,Bangalore,2024-09-18 19:38:00,520.71,0,UPI,41,Delivered,3.4
3775,243,55,5,Bangalore,2024-02-19 13:45:00,324.45,30,Wallet,35,Delivered,3.8
3776,106,54,1,Kolkata,2024-03-28 11:53:00,271.8,0,Cash on Delivery,27,Delivered,4.2
3777,71,12,12,Bangalore,2024-01-14 12:40:00,164.13,0,Cash on Delivery,42,Delivered,3.6
3778,77,51,7,Kolkata,2024-10-22 09:59:00,141.81,20,Cash on Delivery,25,Cancelled,
3779,54,16,1,Lucknow,2024-07-26 20:06:00,307.77,0,Credit Card,26,Delivered,4.2
3780,277,59,11,Jaipur,2024-03-20 14:26:00,125.88,30,Credit Card,39,Delivered,4.4
3781,111,8,14,Ahmedabad,2024-03-18 21:43:00,99.0,50,UPI,45,Delivered,4.0
3782,224,56,1,Chennai,2024-10-15 08:43:00,467.9,10,UPI,36,Delivered,3.4
3783,75,14,7,Mumbai,2024-10-02 12:46:00,307.2,0,Wallet,31,Delivered,3.0
3784,14,18,9,Lucknow,2024-01-07 10:38:00,1069.4,50,Credit Card,44,Delivered,4.6
3785,258,55,5,Bangalore,2024-01-24 13:05:00,315.05,10,Wallet,23,Refunded,
3786,189,30,9,Ahmedabad,2024-08-03 15:22:00,300.62,0,Wallet,25,Delivered,5.0
3787,364,33,1,Mumbai,2024-02-23 13:09:00,512.01,0,Cash on Delivery,46,Delivered,4.9
3788,239,34,3,Bangalore,2024-12-01 18:31:00,99.0,10,Debit Card,23,Delivered,4.3
3789,334,56,1,Chennai,2024-02-14 20:05:00,1137.26,0,UPI,17,Delivered,4.3
3790,304,44,1,Lucknow,2024-08-03 08:52:00,228.74,10,UPI,25,Delivered,4.0
3791,91,49,12,Pune,2024-11-27 15:26:00,197.2,20,Debit Card,46,Delivered,4.0
3792,392,34,3,Bangalore,2024-06-14 21:17:00,171.73,10,UPI,44,Delivered,3.7
3793,184,60,1,Hyderabad,2024-12-30 14:54:00,99.0,0,UPI,20,Delivered,3.6
3794,17,49,12,Pune,2024-11-28 12:39:00,362.53,30,Debit Card,27,Delivered,3.0
3795,12,53,3,Pune,2024-09-01 08:40:00,581.57,10,Wallet,20,Delivered,4.5
3796,166,7,14,Ahmedabad,2024-04-25 20:33:00,597.34,10,Wallet,41,Delivered,4.4
3797,146,6,4,Mumbai,2024-12-21 21:24:00,252.56,10,UPI,23,Delivered,3.9
3798,282,6,4,Mumbai,2024-07-12 11:17:00,524.49,50,Wallet,40,Delivered,4.9
3799,37,22,4,Ahmedabad,2024-01-05 10:41:00,221.18,10,Debit Card,33,Delivered,5.0
3800,70,8,14,Ahmedabad,2024-09-30 21:56:00,99.0,10,Cash on Delivery,36,Delivered,3.2
3801,169,37,8,Mumbai,2024-02-01 12:09:00,385.08,0,UPI,18,Delivered,4.4
3802,335,15,14,Hyderabad,2024-02-06 08:21:00,99.0,0,Cash on Delivery,44,Delivered,4.1
3803,170,26,7,Kolkata,2024-01-13 14:16:00,332.47,30,Cash on Delivery,50,Delivered,5.0
3804,253,39,11,Lucknow,2024-09-21 15:43:00,102.88,50,Debit Card,50,Delivered,3.8
3805,346,3,12,Kolkata,2024-02-15 15:54:00,333.21,20,UPI,36,Delivered,4.7
3806,297,57,8,Delhi,2024-01-19 22:27:00,592.41,0,Cash on Delivery,15,Delivered,4.5
3807,142,10,10,Mumbai,2024-08-20 21:06:00,270.44,0,Wallet,31,Delivered,4.8
3808,385,3,12,Kolkata,2024-09-07 17:25:00,292.43,0,Wallet,38,Delivered,3.7
3809,273,30,9,Ahmedabad,2024-08-19 21:53:00,158.06,10,UPI,36,Delivered,3.9
3810,225,46,1,Kolkata,2024-02-15 18:13:00,281.86,10,Credit Card,20,Delivered,4.4
3811,183,22,4,Ahmedabad,2024-03-25 22:07:00,228.06,10,UPI,42,Delivered,4.8
3812,221,3,12,Kolkata,2024-01-03 19:28:00,240.99,20,Cash on Delivery,43,Delivered,4.2
3813,53,1,6,Mumbai,2024-12-08 09:34:00,136.23,20,Cash on Delivery,43,Delivered,3.0
3814,118,33,1,Mumbai,2024-11-28 19:46:00,382.21,0,UPI,28,Delivered,4.8
3815,365,19,11,Jaipur,2024-04-23 12:38:00,268.04,50,Wallet,21,Cancelled,
3816,159,36,12,Bangalore,2024-11-26 17:58:00,450.26,10,Debit Card,30,Delivered,4.9
3817,136,34,3,Bangalore,2024-07-21 18:46:00,352.51,20,UPI,47,Delivered,3.8
3818,77,57,8,Delhi,2024-08-21 22:30:00,312.28,10,UPI,25,Cancelled,
3819,336,31,14,Chennai,2024-05-20 21:48:00,99.0,0,UPI,26,Delivered,4.6
3820,45,43,4,Lucknow,2024-04-18 17:24:00,587.92,10,Debit Card,24,Delivered,4.4
3821,18,24,9,Mumbai,2024-10-15 08:14:00,227.55,0,UPI,31,Delivered,3.6
3822,355,12,12,Bangalore,2024-01-16 19:57:00,175.25,0,Debit Card,39,Delivered,4.6
3823,205,13,9,Bangalore,2024-08-17 13:43:00,207.84,20,Cash on Delivery,42,Delivered,4.1
3824,324,16,1,Lucknow,2024-08-04 22:03:00,771.73,10,Credit Card,22,Delivered,3.3
3825,83,16,1,Lucknow,2024-11-07 11:29:00,627.46,0,UPI,45,Delivered,4.6
3826,50,51,7,Kolkata,2024-04-04 15:31:00,158.56,0,Debit Card,47,Delivered,5.0
3827,281,55,5,Bangalore,2024-08-18 11:08:00,228.01,50,UPI,32,Delivered,2.7
3828,166,52,2,Kolkata,2024-07-09 16:07:00,158.36,20,Wallet,21,Delivered,4.3
3829,243,53,3,Pune,2024-11-29 08:22:00,402.63,0,Credit Card,48,Delivered,4.3
3830,377,20,14,Kolkata,2024-01-21 14:11:00,99.0,0,UPI,39,Refunded,
3831,164,41,8,Kolkata,2024-05-20 21:58:00,186.71,30,Debit Card,54,Delivered,3.4
3832,324,48,4,Pune,2024-03-24 09:50:00,195.41,20,Cash on Delivery,21,Delivered,4.7
3833,56,27,6,Ahmedabad,2024-02-17 18:13:00,230.98,10,UPI,38,Delivered,3.4
3834,39,39,11,Lucknow,2024-01-30 20:07:00,99.0,30,Credit Card,50,Delivered,4.2
3835,319,13,9,Bangalore,2024-05-19 16:37:00,277.03,0,Cash on Delivery,40,Delivered,3.7
3836,128,4,12,Jaipur,2024-10-08 09:01:00,177.58,10,UPI,13,Delivered,3.5
3837,391,32,5,Bangalore,2024-11-06 15:55:00,307.42,50,UPI,14,Delivered,4.3
3838,122,45,14,Bangalore,2024-09-26 13:41:00,151.82,10,Debit Card,53,Cancelled,
3839,247,40,6,Kolkata,2024-05-07 15:30:00,263.48,0,Cash on Delivery,29,Delivered,3.7
3840,186,34,3,Bangalore,2024-12-02 16:31:00,274.71,10,Cash on Delivery,40,Delivered,4.9
3841,208,39,11,Lucknow,2024-09-24 08:12:00,101.42,0,UPI,22,Cancelled,
3842,315,43,4,Lucknow,2024-05-26 19:47:00,1010.91,20,UPI,29,Cancelled,
3843,304,17,1,Kolkata,2024-03-29 22:58:00,373.3,20,Debit Card,45,Delivered,4.1
3844,389,24,9,Mumbai,2024-10-19 16:15:00,222.27,30,Cash on Delivery,38,Cancelled,
3845,239,29,11,Bangalore,2024-06-14 18:48:00,306.01,0,Debit Card,30,Delivered,4.6
3846,215,46,1,Kolkata,2024-09-06 14:13:00,430.86,0,UPI,43,Delivered,4.6
3847,292,28,8,Hyderabad,2024-05-13 16:22:00,715.72,30,UPI,34,Delivered,4.8
3848,224,45,14,Bangalore,2024-05-05 19:42:00,246.95,0,Cash on Delivery,45,Delivered,3.9
3849,88,47,10,Mumbai,2024-05-20 11:38:00,265.2,20,Credit Card,31,Delivered,4.0
3850,25,22,4,Ahmedabad,2024-08-13 13:37:00,267.54,30,UPI,38,Delivered,3.6
3851,220,28,8,Hyderabad,2024-11-01 21:51:00,892.23,0,UPI,55,Delivered,4.2
3852,275,53,3,Pune,2024-02-09 15:07:00,551.11,0,Wallet,37,Delivered,3.6
3853,135,25,3,Kolkata,2024-04-13 08:33:00,99.0,30,Wallet,42,Cancelled,
3854,233,41,8,Kolkata,2024-08-23 22:35:00,136.79,10,UPI,18,Delivered,4.8
3855,66,3,12,Kolkata,2024-07-06 16:34:00,203.79,10,UPI,36,Delivered,3.6
3856,80,57,8,Delhi,2024-01-22 14:39:00,456.12,50,UPI,37,Delivered,3.8
3857,255,13,9,Bangalore,2024-06-21 14:50:00,310.0,20,UPI,23,Delivered,4.4
3858,125,31,14,Chennai,2024-03-26 12:30:00,122.38,50,Credit Card,32,Delivered,4.4
3859,146,13,9,Bangalore,2024-01-13 19:57:00,122.05,0,UPI,32,Delivered,3.4
3860,103,41,8,Kolkata,2024-03-24 08:15:00,261.64,10,Cash on Delivery,24,Delivered,3.7
3861,385,18,9,Lucknow,2024-11-13 20:22:00,850.64,10,Credit Card,30,Refunded,
3862,387,37,8,Mumbai,2024-10-06 09:06:00,763.56,10,Cash on Delivery,56,Cancelled,
3863,383,43,4,Lucknow,2024-06-14 12:03:00,1032.12,0,Cash on Delivery,35,Delivered,3.9
3864,277,34,3,Bangalore,2024-08-13 17:21:00,151.78,10,UPI,38,Delivered,4.0
3865,382,17,1,Kolkata,2024-05-12 09:41:00,384.29,0,UPI,54,Delivered,4.2
3866,124,55,5,Bangalore,2024-12-08 13:59:00,261.97,0,Wallet,10,Delivered,4.6
3867,267,52,2,Kolkata,2024-01-15 22:58:00,175.09,20,Cash on Delivery,57,Delivered,4.0
3868,278,21,9,Jaipur,2024-07-19 18:57:00,380.65,20,Credit Card,42,Delivered,4.2
3869,111,36,12,Bangalore,2024-03-29 20:48:00,946.82,30,UPI,23,Delivered,3.6
3870,381,54,1,Kolkata,2024-05-16 14:47:00,217.04,30,Wallet,23,Delivered,5.0
3871,313,59,11,Jaipur,2024-06-14 13:42:00,118.72,0,UPI,43,Delivered,4.3
3872,89,50,14,Hyderabad,2024-12-08 08:03:00,150.58,0,UPI,43,Delivered,3.9
3873,387,56,1,Chennai,2024-08-08 22:00:00,936.75,30,Wallet,39,Delivered,4.8
3874,158,52,2,Kolkata,2024-11-05 21:28:00,162.6,30,Cash on Delivery,26,Cancelled,
3875,216,40,6,Kolkata,2024-01-20 08:40:00,268.54,0,Debit Card,37,Delivered,4.3
3876,384,19,11,Jaipur,2024-04-09 19:21:00,796.94,50,UPI,29,Delivered,4.2
3877,301,12,12,Bangalore,2024-03-17 14:07:00,188.34,10,Credit Card,32,Delivered,4.1
3878,36,28,8,Hyderabad,2024-06-21 18:08:00,826.32,30,Debit Card,25,Delivered,4.7
3879,87,11,7,Ahmedabad,2024-08-04 15:15:00,562.06,50,Cash on Delivery,28,Delivered,5.0
3880,118,48,4,Pune,2024-03-14 18:30:00,165.82,0,Credit Card,14,Delivered,4.7
3881,328,37,8,Mumbai,2024-09-12 19:59:00,860.4,50,Wallet,50,Delivered,4.1
3882,182,28,8,Hyderabad,2024-03-18 10:43:00,562.83,20,UPI,27,Delivered,4.9
3883,68,35,10,Hyderabad,2024-04-05 09:52:00,445.74,0,UPI,49,Delivered,3.9
3884,359,44,1,Lucknow,2024-09-29 10:00:00,443.16,0,UPI,30,Delivered,3.6
3885,159,15,14,Hyderabad,2024-06-27 20:03:00,162.31,0,Debit Card,29,Delivered,4.6
3886,285,16,1,Lucknow,2024-12-08 19:15:00,1066.61,30,Cash on Delivery,14,Delivered,5.0
3887,164,45,14,Bangalore,2024-11-14 19:52:00,193.84,0,Cash on Delivery,54,Delivered,4.1
3888,361,7,14,Ahmedabad,2024-12-06 20:16:00,1024.68,0,UPI,45,Delivered,5.0
3889,73,47,10,Mumbai,2024-06-16 20:51:00,253.88,0,Wallet,26,Delivered,3.2
3890,119,3,12,Kolkata,2024-02-27 12:49:00,260.03,50,UPI,44,Delivered,4.0
3891,341,31,14,Chennai,2024-03-19 19:48:00,151.09,20,UPI,46,Cancelled,
3892,195,12,12,Bangalore,2024-04-30 22:33:00,166.23,10,Debit Card,37,Delivered,3.6
3893,89,8,14,Ahmedabad,2024-03-10 08:47:00,99.0,20,UPI,37,Delivered,3.6
3894,345,25,3,Kolkata,2024-01-20 16:58:00,99.0,0,Credit Card,35,Cancelled,
3895,76,44,1,Lucknow,2024-03-09 14:32:00,296.79,50,Credit Card,27,Delivered,4.1
3896,221,50,14,Hyderabad,2024-04-11 15:13:00,207.94,0,UPI,31,Cancelled,
3897,139,35,10,Hyderabad,2024-05-24 16:18:00,745.23,50,UPI,25,Delivered,5.0
3898,372,12,12,Bangalore,2024-09-25 21:26:00,99.0,0,Credit Card,45,Delivered,4.9
3899,395,55,5,Bangalore,2024-07-05 13:32:00,371.3,10,UPI,52,Cancelled,
3900,241,21,9,Jaipur,2024-12-15 21:34:00,657.24,10,UPI,39,Delivered,4.9
3901,154,26,7,Kolkata,2024-05-17 10:18:00,602.84,0,Cash on Delivery,30,Delivered,4.4
3902,53,55,5,Bangalore,2024-02-20 19:22:00,261.57,10,UPI,31,Delivered,3.9
3903,142,2,12,Jaipur,2024-03-08 11:18:00,104.09,0,Debit Card,39,Delivered,4.3
3904,320,14,7,Mumbai,2024-02-11 18:56:00,396.31,10,Debit Card,41,Refunded,
3905,394,46,1,Kolkata,2024-08-13 11:55:00,342.6,10,Cash on Delivery,36,Delivered,3.3
3906,31,4,12,Jaipur,2024-06-14 21:06:00,430.09,10,Cash on Delivery,28,Delivered,5.0
3907,223,17,1,Kolkata,2024-04-21 20:06:00,434.28,0,UPI,47,Delivered,3.0
3908,292,47,10,Mumbai,2024-06-26 11:25:00,241.84,50,UPI,36,Delivered,4.0
3909,266,48,4,Pune,2024-09-02 10:08:00,235.66,30,Debit Card,40,Delivered,4.1
3910,282,5,12,Ahmedabad,2024-11-12 11:41:00,493.35,30,Cash on Delivery,14,Delivered,4.6
3911,276,24,9,Mumbai,2024-08-24 09:15:00,218.47,10,UPI,33,Delivered,4.4
3912,381,49,12,Pune,2024-09-02 08:21:00,282.85,0,Credit Card,42,Delivered,4.4
3913,44,55,5,Bangalore,2024-01-10 08:31:00,432.27,0,Cash on Delivery,23,Delivered,2.7
3914,62,7,14,Ahmedabad,2024-09-20 12:21:00,545.21,0,Cash on Delivery,18,Delivered,4.0
3915,201,23,13,Delhi,2024-09-30 09:47:00,785.99,50,Debit Card,46,Delivered,3.7
3916,335,47,10,Mumbai,2024-06-20 16:02:00,342.06,50,UPI,36,Delivered,4.2
3917,9,17,1,Kolkata,2024-11-05 17:20:00,499.2,20,UPI,37,Delivered,4.0
3918,71,12,12,Bangalore,2024-12-15 19:35:00,180.49,30,UPI,39,Delivered,4.2
3919,90,11,7,Ahmedabad,2024-01-26 09:07:00,761.36,0,UPI,38,Delivered,3.4
3920,24,51,7,Kolkata,2024-05-17 14:42:00,198.96,50,Wallet,10,Delivered,4.2
3921,140,11,7,Ahmedabad,2024-08-29 13:13:00,325.03,20,UPI,31,Delivered,5.0
3922,316,34,3,Bangalore,2024-06-16 14:14:00,155.63,30,UPI,34,Delivered,5.0
3923,340,47,10,Mumbai,2024-03-21 12:17:00,247.12,0,UPI,37,Delivered,4.9
3924,376,37,8,Mumbai,2024-12-17 13:22:00,651.85,0,Debit Card,35,Refunded,
3925,78,50,14,Hyderabad,2024-03-02 21:22:00,204.76,10,Credit Card,31,Delivered,3.0
3926,214,29,11,Bangalore,2024-04-08 14:14:00,330.42,0,Debit Card,44,Delivered,3.9
3927,16,53,3,Pune,2024-02-22 15:27:00,541.01,20,Wallet,32,Delivered,3.8
3928,29,53,3,Pune,2024-03-20 15:38:00,131.41,30,Credit Card,37,Delivered,4.2
3929,375,48,4,Pune,2024-11-21 09:53:00,154.66,10,UPI,51,Cancelled,
3930,291,36,12,Bangalore,2024-05-20 19:46:00,911.1,20,Cash on Delivery,21,Delivered,4.9
3931,43,27,6,Ahmedabad,2024-09-21 22:33:00,597.24,50,Cash on Delivery,12,Delivered,4.1
3932,352,55,5,Bangalore,2024-07-27 18:28:00,219.72,20,UPI,38,Refunded,
3933,375,42,9,Jaipur,2024-06-13 18:21:00,352.14,30,UPI,41,Delivered,3.5
3934,53,22,4,Ahmedabad,2024-11-15 15:06:00,194.65,50,Cash on Delivery,57,Delivered,4.8
3935,276,2,12,Jaipur,2024-10-16 19:22:00,227.61,10,UPI,35,Delivered,4.3
3936,371,47,10,Mumbai,2024-07-25 22:32:00,254.03,0,Credit Card,33,Delivered,4.6
3937,232,36,12,Bangalore,2024-05-20 14:37:00,245.61,0,Cash on Delivery,30,Delivered,4.7
3938,212,48,4,Pune,2024-04-05 20:49:00,307.26,30,UPI,46,Delivered,3.9
3939,8,30,9,Ahmedabad,2024-08-14 08:46:00,301.87,30,Debit Card,40,Delivered,3.4
3940,122,59,11,Jaipur,2024-11-09 20:04:00,99.0,20,UPI,43,Delivered,4.2
3941,42,7,14,Ahmedabad,2024-04-27 12:59:00,634.98,0,UPI,38,Delivered,3.9
3942,333,57,8,Delhi,2024-12-17 10:20:00,380.66,0,Debit Card,44,Delivered,4.1
3943,233,57,8,Delhi,2024-05-31 19:17:00,468.66,0,UPI,49,Delivered,5.0
3944,70,12,12,Bangalore,2024-10-03 13:09:00,216.92,10,Cash on Delivery,41,Delivered,4.2
3945,367,3,12,Kolkata,2024-05-31 15:46:00,109.97,20,UPI,30,Delivered,5.0
3946,16,17,1,Kolkata,2024-04-25 19:56:00,358.79,0,UPI,25,Delivered,4.3
3947,69,41,8,Kolkata,2024-09-07 14:21:00,206.67,30,UPI,37,Delivered,3.9
3948,53,32,5,Bangalore,2024-06-10 15:05:00,391.67,50,Cash on Delivery,50,Delivered,3.3
3949,173,8,14,Ahmedabad,2024-12-16 10:38:00,99.0,0,UPI,37,Delivered,4.2
3950,262,23,13,Delhi,2024-10-24 14:05:00,1017.73,20,UPI,18,Delivered,3.6
3951,379,38,15,Hyderabad,2024-01-02 15:16:00,99.0,0,Credit Card,53,Delivered,4.4
3952,289,30,9,Ahmedabad,2024-12-30 08:05:00,228.46,0,Debit Card,40,Cancelled,
3953,15,15,14,Hyderabad,2024-03-09 16:44:00,165.58,20,UPI,34,Delivered,4.0
3954,270,10,10,Mumbai,2024-11-11 14:49:00,183.18,30,Wallet,33,Delivered,4.0
3955,167,55,5,Bangalore,2024-04-02 19:38:00,208.47,0,Wallet,12,Delivered,4.2
3956,63,59,11,Jaipur,2024-04-21 08:26:00,99.0,0,Credit Card,27,Delivered,4.2
3957,261,57,8,Delhi,2024-10-30 15:43:00,828.51,30,Credit Card,27,Delivered,4.1
3958,121,38,15,Hyderabad,2024-05-15 14:43:00,123.8,0,Wallet,41,Cancelled,
3959,346,15,14,Hyderabad,2024-10-29 09:29:00,132.8,0,Credit Card,33,Delivered,5.0
3960,240,30,9,Ahmedabad,2024-06-15 20:31:00,345.35,0,Wallet,46,Delivered,3.6
3961,107,46,1,Kolkata,2024-06-14 20:10:00,289.26,50,UPI,13,Delivered,4.7
3962,180,26,7,Kolkata,2024-05-17 18:25:00,505.78,0,Credit Card,58,Delivered,4.9
3963,16,51,7,Kolkata,2024-09-04 14:19:00,103.69,20,Wallet,47,Cancelled,
3964,355,45,14,Bangalore,2024-07-27 08:03:00,150.33,50,UPI,39,Delivered,3.4
3965,309,14,7,Mumbai,2024-05-12 19:22:00,322.64,0,UPI,32,Delivered,4.1
3966,215,3,12,Kolkata,2024-11-03 17:45:00,306.42,10,Debit Card,43,Delivered,4.3
3967,77,36,12,Bangalore,2024-04-06 18:25:00,441.08,10,Wallet,36,Delivered,4.2
3968,225,26,7,Kolkata,2024-07-01 09:47:00,438.85,0,UPI,33,Delivered,4.2
3969,93,14,7,Mumbai,2024-10-11 18:17:00,301.0,0,Wallet,42,Delivered,4.5
3970,181,31,14,Chennai,2024-12-25 19:09:00,200.06,30,Debit Card,44,Delivered,2.8
3971,174,14,7,Mumbai,2024-09-06 17:04:00,288.58,10,Wallet,39,Delivered,4.0
3972,354,58,1,Lucknow,2024-01-21 15:37:00,215.78,20,Cash on Delivery,30,Delivered,3.8
3973,354,40,6,Kolkata,2024-04-04 21:40:00,267.7,20,Debit Card,34,Delivered,3.7
3974,219,10,10,Mumbai,2024-08-16 20:01:00,187.35,30,Cash on Delivery,22,Cancelled,
3975,143,9,11,Bangalore,2024-11-17 14:48:00,111.46,10,UPI,21,Delivered,4.6
3976,315,46,1,Kolkata,2024-08-23 09:41:00,360.86,0,Wallet,29,Delivered,4.7
3977,393,40,6,Kolkata,2024-10-02 08:03:00,191.33,50,UPI,45,Refunded,
3978,282,43,4,Lucknow,2024-06-21 19:10:00,813.22,30,UPI,36,Delivered,4.8
3979,259,42,9,Jaipur,2024-05-04 17:46:00,388.39,0,Debit Card,45,Delivered,4.6
3980,356,18,9,Lucknow,2024-09-17 16:48:00,690.87,50,UPI,48,Cancelled,
3981,47,36,12,Bangalore,2024-05-03 12:33:00,718.54,0,Cash on Delivery,39,Cancelled,
3982,5,36,12,Bangalore,2024-07-19 13:17:00,1045.56,0,Cash on Delivery,25,Delivered,3.4
3983,62,12,12,Bangalore,2024-10-01 21:39:00,176.08,30,UPI,43,Delivered,4.2
3984,84,50,14,Hyderabad,2024-09-29 19:34:00,171.25,10,UPI,24,Delivered,4.8
3985,133,40,6,Kolkata,2024-04-02 17:16:00,298.72,50,Credit Card,30,Delivered,2.6
3986,394,3,12,Kolkata,2024-04-16 15:00:00,208.09,0,Wallet,49,Delivered,5.0
3987,336,18,9,Lucknow,2024-12-30 12:35:00,347.42,10,Cash on Delivery,35,Delivered,3.3
3988,63,7,14,Ahmedabad,2024-05-14 21:04:00,231.46,0,UPI,40,Delivered,3.6
3989,281,31,14,Chennai,2024-01-24 19:42:00,172.54,20,Wallet,15,Delivered,4.6
3990,44,1,6,Mumbai,2024-09-29 12:19:00,137.2,30,UPI,32,Delivered,5.0
3991,153,31,14,Chennai,2024-01-03 12:25:00,194.88,0,UPI,38,Delivered,3.5
3992,270,54,1,Kolkata,2024-11-02 15:12:00,223.23,10,UPI,36,Delivered,3.6
3993,342,13,9,Bangalore,2024-01-03 08:08:00,323.45,0,UPI,43,Delivered,4.9
3994,171,29,11,Bangalore,2024-12-26 13:25:00,259.42,20,Debit Card,29,Delivered,4.2
3995,156,3,12,Kolkata,2024-07-27 15:33:00,289.12,0,Credit Card,46,Delivered,4.0
3996,275,29,11,Bangalore,2024-05-16 21:55:00,439.66,0,Cash on Delivery,30,Delivered,4.2
3997,358,35,10,Hyderabad,2024-04-24 20:04:00,197.11,0,Debit Card,35,Delivered,5.0
3998,20,15,14,Hyderabad,2024-11-28 08:24:00,143.26,0,UPI,25,Delivered,4.6
3999,214,21,9,Jaipur,2024-02-16 11:35:00,701.78,50,Debit Card,41,Delivered,4.3
4000,79,19,11,Jaipur,2024-06-28 17:27:00,328.18,0,UPI,27,Delivered,4.4
4001,139,28,8,Hyderabad,2024-05-05 13:26:00,780.04,50,Debit Card,38,Delivered,4.3
4002,98,4,12,Jaipur,2024-09-04 19:51:00,318.0,10,UPI,43,Delivered,4.6
4003,377,45,14,Bangalore,2024-06-24 10:45:00,183.94,0,UPI,44,Delivered,3.7
4004,152,13,9,Bangalore,2024-03-14 22:14:00,140.41,0,UPI,61,Delivered,4.1
4005,198,15,14,Hyderabad,2024-10-18 21:55:00,194.31,0,Wallet,35,Delivered,4.1
4006,273,51,7,Kolkata,2024-04-21 21:02:00,156.78,10,Debit Card,32,Delivered,3.5
4007,156,48,4,Pune,2024-04-19 09:02:00,113.34,0,Wallet,29,Delivered,3.4
4008,50,39,11,Lucknow,2024-03-26 10:34:00,112.56,50,Credit Card,41,Delivered,4.9
4009,228,32,5,Bangalore,2024-11-20 17:40:00,424.96,0,Wallet,34,Delivered,4.5
4010,10,3,12,Kolkata,2024-12-20 10:31:00,198.34,30,UPI,27,Delivered,5.0
4011,149,30,9,Ahmedabad,2024-04-21 13:23:00,397.61,20,Cash on Delivery,26,Delivered,4.4
4012,58,58,1,Lucknow,2024-10-17 10:05:00,288.71,0,UPI,48,Delivered,4.3
4013,162,20,14,Kolkata,2024-06-16 13:44:00,346.77,0,UPI,44,Delivered,4.0
4014,351,2,12,Jaipur,2024-07-08 17:34:00,142.75,0,Cash on Delivery,48,Delivered,4.7
4015,107,50,14,Hyderabad,2024-07-14 08:12:00,102.5,0,Cash on Delivery,21,Delivered,3.3
4016,395,25,3,Kolkata,2024-11-07 11:53:00,99.0,50,Cash on Delivery,31,Delivered,4.3
4017,289,11,7,Ahmedabad,2024-05-26 18:11:00,278.33,30,UPI,26,Cancelled,
4018,186,1,6,Mumbai,2024-01-11 13:11:00,210.65,30,Cash on Delivery,36,Delivered,4.7
4019,46,48,4,Pune,2024-08-06 16:24:00,169.41,0,UPI,27,Delivered,4.0
4020,129,49,12,Pune,2024-12-27 10:02:00,328.09,0,UPI,49,Delivered,4.4
4021,318,48,4,Pune,2024-03-24 19:22:00,130.01,30,Wallet,31,Delivered,5.0
4022,87,10,10,Mumbai,2024-06-24 10:41:00,160.25,0,Credit Card,54,Delivered,4.0
4023,249,17,1,Kolkata,2024-04-16 15:05:00,337.78,20,Wallet,44,Delivered,4.4
4024,329,30,9,Ahmedabad,2024-10-02 18:31:00,266.89,10,UPI,44,Delivered,4.7
4025,257,35,10,Hyderabad,2024-06-03 12:43:00,297.17,50,Wallet,52,Delivered,3.9
4026,277,50,14,Hyderabad,2024-08-27 09:12:00,152.34,0,Debit Card,36,Delivered,3.5
4027,278,19,11,Jaipur,2024-12-07 10:46:00,465.03,50,Credit Card,43,Delivered,4.5
4028,4,46,1,Kolkata,2024-08-01 19:20:00,149.28,50,UPI,38,Delivered,4.2
4029,65,53,3,Pune,2024-05-25 22:59:00,236.06,0,Cash on Delivery,27,Delivered,4.1
4030,202,57,8,Delhi,2024-05-04 21:36:00,504.28,20,Cash on Delivery,29,Delivered,4.2
4031,63,34,3,Bangalore,2024-10-03 21:24:00,120.35,0,Credit Card,33,Delivered,3.4
4032,143,32,5,Bangalore,2024-12-12 15:59:00,545.75,0,Cash on Delivery,39,Delivered,4.0
4033,244,12,12,Bangalore,2024-05-03 14:30:00,205.89,0,Credit Card,43,Delivered,4.5
4034,292,43,4,Lucknow,2024-04-20 19:28:00,618.73,10,Cash on Delivery,41,Delivered,4.1
4035,285,17,1,Kolkata,2024-01-30 10:25:00,472.24,20,Wallet,41,Delivered,3.8
4036,180,59,11,Jaipur,2024-07-30 13:18:00,102.07,20,UPI,32,Delivered,3.7
4037,174,6,4,Mumbai,2024-01-27 16:39:00,396.1,0,Debit Card,13,Delivered,4.3
4038,325,51,7,Kolkata,2024-08-02 20:14:00,129.38,20,UPI,43,Delivered,4.6
4039,111,13,9,Bangalore,2024-09-15 17:14:00,345.94,30,Credit Card,27,Delivered,4.7
4040,175,39,11,Lucknow,2024-04-29 08:18:00,109.35,10,Wallet,57,Delivered,3.8
4041,153,22,4,Ahmedabad,2024-01-11 12:04:00,215.65,30,UPI,38,Delivered,5.0
4042,400,11,7,Ahmedabad,2024-11-15 17:13:00,326.09,20,UPI,49,Delivered,4.2
4043,356,7,14,Ahmedabad,2024-02-19 17:07:00,1016.78,0,Cash on Delivery,24,Delivered,3.1
4044,217,45,14,Bangalore,2024-03-09 14:15:00,175.52,10,Debit Card,46,Delivered,4.2
4045,297,45,14,Bangalore,2024-11-29 12:55:00,175.15,0,Credit Card,42,Delivered,3.5
4046,240,21,9,Jaipur,2024-04-14 11:35:00,391.98,0,UPI,39,Delivered,4.3
4047,226,1,6,Mumbai,2024-02-17 15:16:00,120.31,0,UPI,24,Delivered,4.3
4048,186,30,9,Ahmedabad,2024-04-20 11:05:00,232.02,0,UPI,28,Delivered,3.2
4049,48,19,11,Jaipur,2024-12-01 20:35:00,567.46,10,Cash on Delivery,42,Delivered,5.0
4050,386,51,7,Kolkata,2024-02-07 12:47:00,185.25,0,Credit Card,28,Delivered,3.7
4051,208,55,5,Bangalore,2024-11-13 16:47:00,259.65,0,Debit Card,27,Delivered,3.0
4052,157,47,10,Mumbai,2024-01-10 16:35:00,356.22,30,UPI,30,Delivered,4.9
4053,225,46,1,Kolkata,2024-01-04 19:55:00,258.83,50,UPI,40,Delivered,4.5
4054,144,29,11,Bangalore,2024-02-11 22:35:00,138.4,0,UPI,49,Delivered,3.9
4055,111,35,10,Hyderabad,2024-04-23 20:12:00,326.83,50,Debit Card,39,Delivered,4.1
4056,318,59,11,Jaipur,2024-06-22 22:17:00,121.0,0,UPI,47,Delivered,4.0
4057,363,53,3,Pune,2024-10-03 22:53:00,451.2,30,Wallet,34,Delivered,3.1
4058,362,20,14,Kolkata,2024-03-09 20:05:00,220.47,0,UPI,55,Cancelled,
4059,132,36,12,Bangalore,2024-08-17 10:47:00,533.0,0,UPI,48,Delivered,3.3
4060,113,39,11,Lucknow,2024-02-05 08:30:00,99.0,0,Credit Card,44,Delivered,4.7
4061,324,1,6,Mumbai,2024-05-28 18:26:00,132.66,0,UPI,40,Delivered,4.3
4062,89,23,13,Delhi,2024-03-12 15:36:00,860.38,10,Cash on Delivery,39,Delivered,4.6
4063,161,31,14,Chennai,2024-07-08 17:01:00,138.99,20,Wallet,20,Cancelled,
4064,334,56,1,Chennai,2024-10-04 08:06:00,1037.21,0,UPI,20,Delivered,4.8
4065,75,51,7,Kolkata,2024-04-16 11:36:00,120.53,30,Debit Card,42,Delivered,2.1
4066,281,35,10,Hyderabad,2024-10-20 18:00:00,530.66,50,Debit Card,36,Delivered,3.9
4067,7,52,2,Kolkata,2024-10-24 11:23:00,100.65,20,Wallet,41,Delivered,3.4
4068,113,47,10,Mumbai,2024-06-29 18:55:00,299.42,50,UPI,24,Delivered,4.0
4069,36,45,14,Bangalore,2024-11-14 08:07:00,114.75,30,UPI,50,Delivered,3.0
4070,266,22,4,Ahmedabad,2024-01-27 11:17:00,234.2,20,Credit Card,33,Delivered,4.5
4071,113,46,1,Kolkata,2024-03-31 13:15:00,111.95,0,Credit Card,39,Cancelled,
4072,292,7,14,Ahmedabad,2024-11-17 12:17:00,517.45,30,Cash on Delivery,30,Delivered,4.5
4073,223,33,1,Mumbai,2024-08-06 13:16:00,500.54,0,Wallet,38,Delivered,5.0
4074,211,45,14,Bangalore,2024-03-10 10:06:00,293.86,20,UPI,59,Delivered,4.0
4075,18,36,12,Bangalore,2024-11-01 21:37:00,138.83,30,Cash on Delivery,47,Delivered,4.5
4076,241,44,1,Lucknow,2024-07-25 22:46:00,201.92,30,Wallet,29,Delivered,4.7
4077,134,7,14,Ahmedabad,2024-04-21 08:42:00,1161.65,20,Wallet,25,Delivered,5.0
4078,220,27,6,Ahmedabad,2024-12-12 20:56:00,417.04,0,Cash on Delivery,39,Delivered,3.4
4079,391,2,12,Jaipur,2024-08-16 12:28:00,103.55,0,Cash on Delivery,32,Delivered,4.6
4080,102,17,1,Kolkata,2024-12-17 19:52:00,577.24,50,UPI,28,Delivered,4.3
4081,140,1,6,Mumbai,2024-03-10 09:05:00,176.34,0,Wallet,55,Delivered,3.1
4082,169,58,1,Lucknow,2024-04-19 18:03:00,258.25,50,UPI,15,Delivered,4.4
4083,191,46,1,Kolkata,2024-02-25 20:58:00,106.21,20,UPI,42,Cancelled,
4084,25,30,9,Ahmedabad,2024-03-29 16:55:00,407.2,30,Credit Card,54,Delivered,4.5
4085,33,22,4,Ahmedabad,2024-05-10 17:47:00,215.74,0,Cash on Delivery,23,Delivered,3.1
4086,343,28,8,Hyderabad,2024-06-19 18:35:00,680.33,50,Credit Card,31,Delivered,4.1
4087,329,53,3,Pune,2024-05-08 16:52:00,719.26,30,Cash on Delivery,32,Cancelled,
4088,6,33,1,Mumbai,2024-09-02 10:47:00,290.0,50,Credit Card,51,Delivered,4.1
4089,194,26,7,Kolkata,2024-08-05 15:54:00,335.97,50,UPI,35,Delivered,4.1
4090,230,35,10,Hyderabad,2024-09-13 17:27:00,354.02,20,UPI,55,Delivered,4.5
4091,137,11,7,Ahmedabad,2024-02-22 17:08:00,354.41,0,Credit Card,44,Delivered,3.7
4092,323,7,14,Ahmedabad,2024-07-05 19:21:00,756.02,10,UPI,31,Cancelled,
4093,400,28,8,Hyderabad,2024-09-20 17:48:00,894.03,0,Credit Card,24,Delivered,3.4
4094,216,25,3,Kolkata,2024-10-24 18:38:00,99.0,30,UPI,25,Delivered,4.4
4095,349,41,8,Kolkata,2024-07-29 16:37:00,218.2,50,Wallet,42,Delivered,5.0
4096,364,31,14,Chennai,2024-12-06 15:23:00,122.88,50,Debit Card,61,Delivered,5.0
4097,183,54,1,Kolkata,2024-09-08 19:18:00,193.52,10,Debit Card,30,Delivered,5.0
4098,168,3,12,Kolkata,2024-03-06 21:52:00,340.69,0,UPI,29,Delivered,3.9
4099,282,33,1,Mumbai,2024-04-15 19:47:00,459.14,20,UPI,42,Delivered,4.0
4100,38,51,7,Kolkata,2024-02-08 15:41:00,175.92,10,Cash on Delivery,33,Delivered,2.8
4101,163,58,1,Lucknow,2024-04-13 20:11:00,203.79,0,Debit Card,30,Delivered,3.7
4102,142,34,3,Bangalore,2024-01-08 22:25:00,315.53,0,UPI,51,Delivered,3.2
4103,248,59,11,Jaipur,2024-02-12 10:45:00,120.16,0,UPI,50,Delivered,3.9
4104,103,21,9,Jaipur,2024-07-28 20:35:00,436.28,0,Wallet,38,Delivered,4.9
4105,199,56,1,Chennai,2024-11-14 08:50:00,1006.75,50,UPI,28,Delivered,4.7
4106,200,37,8,Mumbai,2024-06-03 16:54:00,878.01,0,UPI,39,Delivered,3.9
4107,42,49,12,Pune,2024-06-15 08:06:00,155.27,20,UPI,45,Delivered,3.8
4108,147,19,11,Jaipur,2024-03-11 11:06:00,530.0,50,Cash on Delivery,48,Delivered,3.6
4109,66,60,1,Hyderabad,2024-07-18 10:44:00,99.0,10,Cash on Delivery,46,Delivered,4.6
4110,193,37,8,Mumbai,2024-05-17 09:06:00,290.99,20,UPI,10,Delivered,3.9
4111,298,55,5,Bangalore,2024-07-31 12:36:00,217.55,0,UPI,40,Delivered,4.3
4112,38,21,9,Jaipur,2024-12-16 14:56:00,670.11,0,Credit Card,43,Delivered,4.5
4113,141,14,7,Mumbai,2024-03-31 15:21:00,360.58,30,UPI,44,Delivered,4.5
4114,106,10,10,Mumbai,2024-12-24 16:26:00,169.36,10,UPI,39,Delivered,2.4
4115,152,53,3,Pune,2024-01-04 15:22:00,457.19,20,UPI,35,Delivered,4.4
4116,352,7,14,Ahmedabad,2024-06-24 10:41:00,1064.13,50,UPI,32,Delivered,4.2
4117,326,29,11,Bangalore,2024-09-15 18:02:00,360.36,0,Cash on Delivery,27,Delivered,3.0
4118,38,40,6,Kolkata,2024-07-09 08:30:00,286.71,10,Debit Card,29,Delivered,4.9
4119,97,8,14,Ahmedabad,2024-05-17 08:21:00,104.18,30,Cash on Delivery,49,Delivered,4.2
4120,108,39,11,Lucknow,2024-12-15 21:48:00,121.74,0,Credit Card,42,Delivered,3.2
4121,119,13,9,Bangalore,2024-12-21 12:22:00,297.31,50,Wallet,43,Delivered,3.8
4122,151,46,1,Kolkata,2024-08-17 19:24:00,364.71,10,Wallet,29,Delivered,4.0
4123,74,19,11,Jaipur,2024-11-05 16:19:00,482.07,0,UPI,40,Refunded,
4124,57,11,7,Ahmedabad,2024-02-18 17:06:00,383.75,0,UPI,53,Delivered,5.0
4125,366,2,12,Jaipur,2024-01-29 20:12:00,99.0,0,Cash on Delivery,36,Delivered,3.6
4126,335,49,12,Pune,2024-01-03 09:15:00,329.36,30,Cash on Delivery,43,Delivered,3.7
4127,252,6,4,Mumbai,2024-04-03 13:05:00,213.35,10,Wallet,30,Delivered,4.2
4128,292,29,11,Bangalore,2024-10-27 14:04:00,99.0,30,Debit Card,31,Delivered,5.0
4129,313,41,8,Kolkata,2024-11-07 14:33:00,189.27,50,Credit Card,38,Delivered,4.0
4130,255,51,7,Kolkata,2024-02-01 08:12:00,134.78,50,UPI,28,Delivered,3.8
4131,254,5,12,Ahmedabad,2024-01-25 12:59:00,567.48,0,Credit Card,28,Delivered,4.2
4132,385,41,8,Kolkata,2024-02-28 12:27:00,238.95,10,Wallet,33,Cancelled,
4133,259,30,9,Ahmedabad,2024-11-09 11:33:00,187.92,0,Wallet,37,Delivered,3.9
4134,270,57,8,Delhi,2024-07-28 19:38:00,907.99,30,UPI,29,Delivered,3.9
4135,34,39,11,Lucknow,2024-02-26 16:10:00,99.0,0,Debit Card,37,Delivered,4.7
4136,326,36,12,Bangalore,2024-02-23 08:47:00,370.16,0,Credit Card,24,Delivered,3.8
4137,325,27,6,Ahmedabad,2024-12-07 12:19:00,589.94,30,UPI,37,Cancelled,
4138,238,50,14,Hyderabad,2024-10-30 19:53:00,243.7,0,Wallet,16,Delivered,3.9
4139,179,18,9,Lucknow,2024-10-30 21:05:00,841.99,30,Debit Card,46,Delivered,4.7
4140,104,52,2,Kolkata,2024-07-09 21:47:00,173.88,30,UPI,19,Delivered,3.2
4141,29,49,12,Pune,2024-10-05 21:19:00,253.44,50,Credit Card,51,Delivered,3.9
4142,227,36,12,Bangalore,2024-01-13 22:43:00,262.07,0,UPI,39,Delivered,3.1
4143,232,60,1,Hyderabad,2024-04-14 17:49:00,99.0,0,Credit Card,41,Delivered,3.8
4144,304,59,11,Jaipur,2024-06-29 21:51:00,173.7,20,UPI,31,Delivered,3.9
4145,350,54,1,Kolkata,2024-10-18 15:39:00,142.74,20,UPI,40,Refunded,
4146,335,16,1,Lucknow,2024-08-01 13:15:00,789.77,0,Debit Card,37,Delivered,3.9
4147,117,54,1,Kolkata,2024-03-31 15:59:00,99.0,50,Debit Card,23,Delivered,3.9
4148,207,55,5,Bangalore,2024-09-09 19:09:00,210.95,30,Debit Card,43,Cancelled,
4149,400,5,12,Ahmedabad,2024-01-31 12:26:00,310.22,50,Cash on Delivery,27,Delivered,4.3
4150,185,9,11,Bangalore,2024-03-21 08:30:00,112.82,30,Wallet,58,Refunded,
4151,138,34,3,Bangalore,2024-08-21 17:20:00,212.95,20,Wallet,27,Delivered,3.4
4152,323,34,3,Bangalore,2024-02-05 08:03:00,121.82,50,Credit Card,19,Delivered,4.3
4153,164,36,12,Bangalore,2024-11-19 17:03:00,769.86,10,UPI,52,Delivered,3.8
4154,388,31,14,Chennai,2024-01-09 21:50:00,155.57,30,UPI,43,Delivered,4.6
4155,75,52,2,Kolkata,2024-10-27 11:04:00,210.5,0,Debit Card,40,Delivered,4.1
4156,233,20,14,Kolkata,2024-08-24 14:15:00,314.04,0,Wallet,29,Delivered,3.7
4157,284,17,1,Kolkata,2024-01-22 12:07:00,587.81,20,Cash on Delivery,36,Delivered,3.3
4158,377,20,14,Kolkata,2024-10-30 21:32:00,203.96,50,Credit Card,33,Delivered,4.3
4159,255,28,8,Hyderabad,2024-08-17 18:15:00,681.07,0,Debit Card,44,Cancelled,
4160,9,21,9,Jaipur,2024-07-26 14:50:00,474.01,20,Credit Card,29,Delivered,4.0
4161,203,57,8,Delhi,2024-03-05 16:17:00,304.68,0,Wallet,30,Refunded,
4162,390,19,11,Jaipur,2024-10-27 17:46:00,348.83,30,Cash on Delivery,42,Delivered,5.0
4163,379,3,12,Kolkata,2024-05-31 19:09:00,292.24,0,Cash on Delivery,48,Delivered,5.0
4164,305,30,9,Ahmedabad,2024-11-24 20:47:00,394.37,0,Credit Card,31,Delivered,3.8
4165,91,5,12,Ahmedabad,2024-06-11 13:22:00,344.05,0,UPI,41,Cancelled,
4166,381,42,9,Jaipur,2024-08-25 14:51:00,675.18,50,UPI,45,Delivered,2.7
4167,332,6,4,Mumbai,2024-01-16 12:39:00,249.03,0,UPI,26,Delivered,4.6
4168,150,3,12,Kolkata,2024-12-21 22:19:00,340.89,10,UPI,32,Delivered,3.8
4169,360,49,12,Pune,2024-08-26 12:44:00,282.2,10,Wallet,18,Delivered,3.9
4170,176,42,9,Jaipur,2024-01-06 19:58:00,423.37,20,UPI,56,Delivered,4.8
4171,33,24,9,Mumbai,2024-09-10 12:48:00,174.38,0,UPI,37,Cancelled,
4172,184,44,1,Lucknow,2024-10-21 13:01:00,301.43,20,Credit Card,44,Cancelled,
4173,157,1,6,Mumbai,2024-04-16 14:53:00,118.01,0,Credit Card,31,Delivered,4.3
4174,53,50,14,Hyderabad,2024-06-16 12:58:00,256.74,20,Wallet,30,Delivered,4.6
4175,296,51,7,Kolkata,2024-03-22 13:47:00,200.3,30,UPI,34,Delivered,4.7
4176,202,54,1,Kolkata,2024-01-12 08:36:00,160.97,50,Wallet,33,Delivered,4.0
4177,274,52,2,Kolkata,2024-10-20 22:06:00,101.57,30,UPI,59,Delivered,4.5
4178,175,36,12,Bangalore,2024-03-18 09:00:00,676.23,20,Wallet,39,Delivered,4.2
4179,244,15,14,Hyderabad,2024-04-11 10:36:00,239.48,20,Credit Card,42,Delivered,4.4
4180,269,41,8,Kolkata,2024-10-26 22:42:00,213.92,0,Debit Card,35,Delivered,4.2
4181,74,38,15,Hyderabad,2024-03-17 22:17:00,134.6,0,UPI,36,Refunded,
4182,96,44,1,Lucknow,2024-07-27 08:10:00,216.5,0,Debit Card,42,Delivered,4.9
4183,361,18,9,Lucknow,2024-03-24 17:28:00,640.6,0,Cash on Delivery,35,Delivered,3.3
4184,173,23,13,Delhi,2024-10-30 09:16:00,680.09,10,UPI,49,Delivered,3.8
4185,387,47,10,Mumbai,2024-04-25 17:12:00,162.17,50,UPI,27,Cancelled,
4186,155,29,11,Bangalore,2024-02-16 14:26:00,315.02,0,Wallet,47,Delivered,4.0
4187,183,51,7,Kolkata,2024-02-22 17:27:00,113.17,10,Credit Card,47,Delivered,4.2
4188,323,41,8,Kolkata,2024-03-17 19:43:00,256.94,0,Wallet,56,Delivered,3.3
4189,289,22,4,Ahmedabad,2024-06-04 09:36:00,205.35,50,Cash on Delivery,18,Delivered,3.7
4190,258,24,9,Mumbai,2024-11-08 16:33:00,288.85,20,UPI,46,Delivered,4.1
4191,75,45,14,Bangalore,2024-02-27 21:51:00,99.36,30,UPI,28,Refunded,
4192,174,48,4,Pune,2024-06-05 10:10:00,168.14,0,Wallet,44,Delivered,3.8
4193,330,13,9,Bangalore,2024-10-15 10:10:00,263.33,50,Debit Card,44,Delivered,3.1
4194,231,33,1,Mumbai,2024-11-24 21:08:00,455.59,0,UPI,26,Delivered,3.9
4195,247,50,14,Hyderabad,2024-10-30 10:28:00,174.68,30,Debit Card,42,Delivered,3.4
4196,161,22,4,Ahmedabad,2024-06-12 14:54:00,303.34,0,UPI,32,Refunded,
4197,186,35,10,Hyderabad,2024-08-07 19:17:00,472.39,0,Wallet,28,Delivered,4.5
4198,391,17,1,Kolkata,2024-07-06 22:04:00,291.35,0,UPI,16,Delivered,4.3
4199,143,22,4,Ahmedabad,2024-08-02 14:21:00,190.34,50,UPI,49,Delivered,4.6
4200,282,5,12,Ahmedabad,2024-04-15 19:39:00,451.16,0,UPI,34,Delivered,4.2
4201,395,25,3,Kolkata,2024-01-19 22:00:00,127.85,20,UPI,24,Delivered,3.5
4202,128,6,4,Mumbai,2024-05-25 09:29:00,262.94,50,Credit Card,38,Cancelled,
4203,166,53,3,Pune,2024-03-06 12:28:00,271.94,30,Debit Card,36,Delivered,2.2
4204,27,17,1,Kolkata,2024-12-18 17:19:00,421.3,30,Cash on Delivery,26,Delivered,4.8
4205,246,31,14,Chennai,2024-04-03 17:04:00,120.71,0,Debit Card,26,Delivered,3.8
4206,135,17,1,Kolkata,2024-12-06 17:14:00,261.43,20,UPI,46,Delivered,2.8
4207,385,59,11,Jaipur,2024-07-30 15:48:00,100.68,10,Debit Card,37,Refunded,
4208,202,33,1,Mumbai,2024-06-07 19:20:00,384.15,0,Wallet,29,Delivered,5.0
4209,21,39,11,Lucknow,2024-12-15 21:26:00,99.0,0,UPI,31,Delivered,4.4
4210,79,54,1,Kolkata,2024-08-23 17:32:00,215.63,50,UPI,31,Delivered,5.0
4211,158,48,4,Pune,2024-12-21 15:00:00,165.27,30,Credit Card,18,Cancelled,
4212,94,37,8,Mumbai,2024-07-05 22:49:00,776.09,20,UPI,44,Delivered,4.4
4213,8,48,4,Pune,2024-01-11 14:01:00,164.62,10,UPI,31,Cancelled,
4214,339,4,12,Jaipur,2024-03-05 22:43:00,498.67,0,Cash on Delivery,33,Cancelled,
4215,259,43,4,Lucknow,2024-09-28 13:21:00,744.65,0,Wallet,41,Delivered,4.5
4216,55,14,7,Mumbai,2024-12-27 09:46:00,381.23,20,Credit Card,47,Delivered,3.8
4217,399,13,9,Bangalore,2024-07-27 21:09:00,255.46,20,Cash on Delivery,37,Delivered,4.5
4218,36,27,6,Ahmedabad,2024-08-14 17:20:00,442.86,20,UPI,24,Delivered,5.0
4219,6,24,9,Mumbai,2024-05-13 10:40:00,267.78,0,Credit Card,33,Delivered,4.6
4220,377,27,6,Ahmedabad,2024-06-19 12:12:00,464.35,30,Debit Card,34,Delivered,3.9
4221,42,8,14,Ahmedabad,2024-01-18 17:53:00,104.21,30,Credit Card,17,Delivered,3.3
4222,50,53,3,Pune,2024-02-29 15:26:00,550.41,0,UPI,40,Delivered,4.8
4223,112,52,2,Kolkata,2024-03-08 13:23:00,230.45,30,Cash on Delivery,42,Delivered,4.1
4224,146,47,10,Mumbai,2024-02-09 20:09:00,272.34,20,Cash on Delivery,36,Delivered,4.2
4225,230,50,14,Hyderabad,2024-03-06 15:05:00,199.12,30,Debit Card,27,Delivered,2.9
4226,211,39,11,Lucknow,2024-09-30 08:37:00,122.11,0,UPI,37,Delivered,2.9
4227,306,21,9,Jaipur,2024-08-24 14:45:00,487.29,50,UPI,45,Delivered,4.2
4228,30,51,7,Kolkata,2024-10-12 17:20:00,105.69,0,UPI,33,Delivered,3.6
4229,295,57,8,Delhi,2024-11-13 17:55:00,808.77,50,UPI,43,Delivered,4.2
4230,116,41,8,Kolkata,2024-04-16 20:11:00,252.65,10,Cash on Delivery,39,Delivered,4.7
4231,396,11,7,Ahmedabad,2024-01-09 11:38:00,290.62,0,Cash on Delivery,16,Cancelled,
4232,226,31,14,Chennai,2024-10-06 20:53:00,139.0,0,Debit Card,30,Delivered,3.8
4233,59,27,6,Ahmedabad,2024-10-16 14:40:00,331.63,0,Wallet,40,Refunded,
4234,76,42,9,Jaipur,2024-11-30 09:03:00,340.23,30,UPI,36,Delivered,4.2
4235,216,46,1,Kolkata,2024-02-20 11:57:00,315.03,0,Cash on Delivery,44,Delivered,4.0
4236,132,48,4,Pune,2024-06-15 17:07:00,180.1,0,UPI,37,Delivered,5.0
4237,304,27,6,Ahmedabad,2024-02-14 15:52:00,629.93,30,UPI,42,Delivered,3.8
4238,398,8,14,Ahmedabad,2024-10-10 14:42:00,99.0,50,UPI,32,Delivered,3.7
4239,81,33,1,Mumbai,2024-01-27 08:33:00,396.44,0,Wallet,38,Delivered,3.8
4240,305,12,12,Bangalore,2024-12-02 12:37:00,99.0,0,Credit Card,25,Refunded,
4241,67,35,10,Hyderabad,2024-10-08 16:23:00,549.12,10,UPI,44,Refunded,
4242,230,34,3,Bangalore,2024-02-08 19:20:00,226.85,0,Debit Card,38,Delivered,4.8
4243,333,16,1,Lucknow,2024-04-03 22:50:00,952.28,0,UPI,23,Delivered,3.8
4244,393,36,12,Bangalore,2024-06-24 16:12:00,473.92,0,UPI,33,Delivered,4.5
4245,277,2,12,Jaipur,2024-06-11 10:13:00,169.41,0,Cash on Delivery,60,Delivered,4.1
4246,361,12,12,Bangalore,2024-06-24 13:16:00,110.69,0,UPI,33,Delivered,4.1
4247,72,27,6,Ahmedabad,2024-11-19 20:39:00,411.5,20,Wallet,32,Delivered,5.0
4248,209,56,1,Chennai,2024-10-01 12:01:00,650.56,30,Debit Card,27,Delivered,3.0
4249,272,17,1,Kolkata,2024-03-06 18:44:00,248.25,20,UPI,24,Delivered,4.2
4250,144,20,14,Kolkata,2024-03-27 17:02:00,304.17,0,UPI,25,Delivered,4.5
4251,251,21,9,Jaipur,2024-09-15 13:12:00,461.21,0,Debit Card,55,Cancelled,
4252,284,30,9,Ahmedabad,2024-06-26 10:23:00,314.32,30,UPI,39,Delivered,4.3
4253,179,42,9,Jaipur,2024-12-09 08:39:00,511.48,10,Credit Card,21,Delivered,3.2
4254,80,20,14,Kolkata,2024-07-20 09:43:00,348.35,10,Cash on Delivery,35,Delivered,3.4
4255,57,8,14,Ahmedabad,2024-09-18 09:20:00,99.0,50,Cash on Delivery,45,Delivered,4.3
4256,366,18,9,Lucknow,2024-02-04 08:28:00,540.99,10,Debit Card,39,Delivered,2.7
4257,308,57,8,Delhi,2024-09-19 20:52:00,680.1,0,Wallet,21,Delivered,3.8
4258,174,18,9,Lucknow,2024-10-05 08:07:00,773.13,30,UPI,41,Delivered,3.4
4259,238,18,9,Lucknow,2024-03-16 21:47:00,1053.49,0,UPI,35,Delivered,4.2
4260,166,2,12,Jaipur,2024-01-10 22:52:00,99.0,0,Cash on Delivery,37,Delivered,4.0
4261,84,12,12,Bangalore,2024-10-06 17:46:00,180.99,50,UPI,54,Delivered,4.3
4262,48,32,5,Bangalore,2024-08-21 12:59:00,405.17,50,Credit Card,35,Delivered,3.6
4263,127,42,9,Jaipur,2024-10-21 17:02:00,395.03,0,Cash on Delivery,28,Delivered,4.3
4264,169,8,14,Ahmedabad,2024-11-17 13:20:00,99.0,10,UPI,18,Delivered,4.1
4265,354,51,7,Kolkata,2024-03-13 17:35:00,100.02,0,UPI,28,Delivered,3.6
4266,374,10,10,Mumbai,2024-08-20 15:21:00,239.83,20,Debit Card,27,Delivered,4.8
4267,349,11,7,Ahmedabad,2024-07-24 17:44:00,352.95,0,Cash on Delivery,16,Delivered,4.5
4268,67,14,7,Mumbai,2024-02-13 18:32:00,265.86,0,UPI,42,Delivered,3.7
4269,330,26,7,Kolkata,2024-11-11 13:28:00,789.86,0,Debit Card,40,Delivered,3.6
4270,340,47,10,Mumbai,2024-12-04 13:44:00,209.74,0,Credit Card,35,Delivered,4.7
4271,194,30,9,Ahmedabad,2024-03-23 20:58:00,227.67,0,UPI,25,Delivered,3.1
4272,155,56,1,Chennai,2024-10-08 13:20:00,713.34,50,UPI,37,Delivered,3.3
4273,160,55,5,Bangalore,2024-08-15 15:01:00,220.43,20,UPI,41,Delivered,4.4
4274,184,42,9,Jaipur,2024-06-23 19:29:00,356.41,20,Cash on Delivery,53,Delivered,5.0
4275,266,4,12,Jaipur,2024-10-09 14:19:00,483.72,0,Credit Card,38,Delivered,3.7
4276,168,39,11,Lucknow,2024-02-19 22:22:00,139.7,0,Wallet,40,Delivered,3.8
4277,145,11,7,Ahmedabad,2024-12-02 11:56:00,415.59,0,UPI,37,Delivered,4.0
4278,186,24,9,Mumbai,2024-10-02 19:12:00,244.39,50,Wallet,33,Delivered,3.8
4279,374,54,1,Kolkata,2024-01-03 17:25:00,189.63,20,Credit Card,43,Delivered,3.8
4280,353,22,4,Ahmedabad,2024-08-11 21:46:00,188.12,30,UPI,34,Delivered,3.7
4281,262,3,12,Kolkata,2024-03-30 15:48:00,220.01,50,UPI,34,Delivered,4.2
4282,274,37,8,Mumbai,2024-02-04 21:02:00,577.95,20,Debit Card,31,Delivered,4.5
4283,328,58,1,Lucknow,2024-11-01 21:20:00,342.73,30,Cash on Delivery,32,Delivered,4.2
4284,345,2,12,Jaipur,2024-01-03 10:39:00,127.41,0,Cash on Delivery,38,Delivered,4.0
4285,223,12,12,Bangalore,2024-06-12 10:42:00,177.5,30,Debit Card,41,Delivered,3.7
4286,42,21,9,Jaipur,2024-09-13 15:46:00,374.43,20,UPI,28,Delivered,3.4
4287,4,5,12,Ahmedabad,2024-04-25 11:55:00,506.88,10,UPI,37,Delivered,3.3
4288,276,7,14,Ahmedabad,2024-05-21 13:15:00,749.82,0,UPI,26,Delivered,3.2
4289,284,4,12,Jaipur,2024-02-15 19:48:00,300.51,10,UPI,41,Delivered,4.5
4290,193,43,4,Lucknow,2024-08-25 17:23:00,671.98,0,Cash on Delivery,50,Delivered,3.8
4291,104,54,1,Kolkata,2024-03-01 21:17:00,135.89,30,Wallet,41,Delivered,4.3
4292,247,41,8,Kolkata,2024-03-26 16:16:00,201.01,0,UPI,32,Delivered,3.7
4293,300,36,12,Bangalore,2024-08-17 15:57:00,353.87,0,Cash on Delivery,45,Refunded,
4294,23,59,11,Jaipur,2024-06-26 12:05:00,99.0,0,UPI,23,Delivered,4.1
4295,303,22,4,Ahmedabad,2024-12-06 10:35:00,239.06,0,UPI,38,Delivered,3.9
4296,13,29,11,Bangalore,2024-11-22 11:24:00,298.83,0,UPI,63,Delivered,5.0
4297,144,60,1,Hyderabad,2024-10-26 21:44:00,99.0,0,UPI,26,Delivered,3.8
4298,218,9,11,Bangalore,2024-10-11 17:49:00,99.0,0,UPI,32,Delivered,4.6
4299,183,26,7,Kolkata,2024-09-17 15:45:00,681.22,20,UPI,33,Delivered,3.3
4300,351,12,12,Bangalore,2024-07-15 17:59:00,157.12,20,Credit Card,24,Delivered,4.9
4301,242,48,4,Pune,2024-03-28 15:56:00,250.67,0,UPI,27,Delivered,4.6
4302,193,1,6,Mumbai,2024-01-26 13:15:00,192.42,0,Credit Card,35,Delivered,3.7
4303,272,8,14,Ahmedabad,2024-02-29 11:11:00,99.0,0,UPI,51,Delivered,3.7
4304,375,33,1,Mumbai,2024-03-15 10:43:00,279.81,0,Wallet,40,Delivered,4.8
4305,165,52,2,Kolkata,2024-08-16 13:18:00,238.76,0,Cash on Delivery,46,Delivered,4.7
4306,180,51,7,Kolkata,2024-01-18 14:42:00,111.43,30,Wallet,43,Delivered,4.0
4307,117,4,12,Jaipur,2024-11-24 22:02:00,329.15,20,Debit Card,38,Delivered,3.6
4308,266,14,7,Mumbai,2024-05-05 22:07:00,257.77,0,Debit Card,17,Delivered,4.7
4309,378,55,5,Bangalore,2024-02-07 11:11:00,231.16,30,UPI,51,Delivered,3.8
4310,38,29,11,Bangalore,2024-06-20 22:24:00,99.0,20,Cash on Delivery,45,Delivered,4.3
4311,44,14,7,Mumbai,2024-09-01 22:41:00,157.4,0,UPI,38,Delivered,3.8
4312,351,9,11,Bangalore,2024-11-15 13:13:00,130.26,30,UPI,22,Delivered,4.0
4313,74,9,11,Bangalore,2024-07-23 16:06:00,99.0,50,UPI,20,Delivered,5.0
4314,369,26,7,Kolkata,2024-11-27 12:49:00,609.91,0,Credit Card,23,Delivered,4.1
4315,226,49,12,Pune,2024-05-09 10:57:00,189.13,20,UPI,28,Delivered,5.0
4316,307,47,10,Mumbai,2024-02-13 10:03:00,166.61,30,Wallet,39,Delivered,3.2
4317,308,42,9,Jaipur,2024-12-23 19:18:00,486.65,0,UPI,33,Delivered,3.1
4318,348,17,1,Kolkata,2024-11-13 08:16:00,555.58,0,Wallet,36,Delivered,4.4
4319,315,41,8,Kolkata,2024-09-28 16:56:00,147.64,50,UPI,41,Delivered,3.6
4320,13,4,12,Jaipur,2024-07-19 18:54:00,522.13,0,Cash on Delivery,48,Cancelled,
4321,12,60,1,Hyderabad,2024-05-19 14:40:00,99.0,0,Debit Card,29,Delivered,4.1
4322,50,46,1,Kolkata,2024-11-17 18:10:00,127.23,0,Debit Card,18,Delivered,2.8
4323,313,3,12,Kolkata,2024-01-08 14:31:00,293.94,20,Credit Card,27,Delivered,2.9
4324,249,29,11,Bangalore,2024-05-13 12:19:00,214.06,0,Debit Card,41,Delivered,4.1
4325,119,25,3,Kolkata,2024-12-20 15:49:00,99.0,30,Credit Card,43,Delivered,3.8
4326,57,21,9,Jaipur,2024-04-22 18:33:00,321.72,10,Credit Card,44,Delivered,3.9
4327,182,12,12,Bangalore,2024-11-08 12:58:00,134.35,10,Debit Card,28,Delivered,5.0
4328,264,54,1,Kolkata,2024-04-29 10:06:00,99.0,10,UPI,38,Delivered,4.4
4329,106,1,6,Mumbai,2024-07-28 15:13:00,176.74,0,UPI,50,Delivered,5.0
4330,191,1,6,Mumbai,2024-04-12 19:52:00,171.67,10,UPI,43,Delivered,4.1
4331,137,45,14,Bangalore,2024-12-21 08:36:00,228.84,0,Wallet,17,Delivered,5.0
4332,188,46,1,Kolkata,2024-11-09 11:44:00,340.58,0,Cash on Delivery,35,Delivered,4.7
4333,120,48,4,Pune,2024-12-13 09:19:00,258.25,0,UPI,32,Delivered,3.8
4334,242,7,14,Ahmedabad,2024-04-14 11:52:00,545.78,20,UPI,20,Delivered,4.0
4335,319,10,10,Mumbai,2024-01-27 15:31:00,240.45,50,Credit Card,50,Delivered,3.9
4336,72,15,14,Hyderabad,2024-09-13 08:56:00,200.01,0,UPI,21,Refunded,
4337,243,40,6,Kolkata,2024-05-16 11:44:00,311.06,30,Cash on Delivery,34,Delivered,4.7
4338,131,11,7,Ahmedabad,2024-11-17 20:08:00,506.69,30,Cash on Delivery,48,Delivered,4.3
4339,269,56,1,Chennai,2024-01-30 11:37:00,716.12,0,Cash on Delivery,26,Delivered,3.5
4340,393,46,1,Kolkata,2024-11-11 08:59:00,201.39,50,Wallet,35,Cancelled,
4341,52,45,14,Bangalore,2024-09-05 12:34:00,185.93,10,Debit Card,40,Delivered,3.3
4342,62,23,13,Delhi,2024-06-12 08:13:00,592.83,50,Debit Card,27,Delivered,3.3
4343,119,13,9,Bangalore,2024-07-19 21:23:00,390.3,0,Cash on Delivery,29,Delivered,3.6
4344,365,27,6,Ahmedabad,2024-05-11 09:13:00,422.4,0,Debit Card,38,Delivered,3.5
4345,264,41,8,Kolkata,2024-08-04 11:24:00,249.42,0,Wallet,41,Delivered,3.4
4346,239,17,1,Kolkata,2024-07-20 10:54:00,226.15,0,Cash on Delivery,43,Delivered,4.8
4347,351,50,14,Hyderabad,2024-05-14 17:12:00,173.21,0,UPI,25,Delivered,3.2
4348,381,51,7,Kolkata,2024-07-14 09:42:00,103.86,0,Wallet,19,Delivered,4.3
4349,255,13,9,Bangalore,2024-02-26 11:55:00,153.69,0,Debit Card,44,Delivered,5.0
4350,173,12,12,Bangalore,2024-05-21 09:07:00,163.5,30,UPI,47,Refunded,
4351,309,29,11,Bangalore,2024-08-11 18:41:00,204.19,10,Cash on Delivery,61,Cancelled,
4352,237,21,9,Jaipur,2024-06-13 14:06:00,444.05,50,UPI,66,Delivered,4.2
4353,319,20,14,Kolkata,2024-07-22 16:02:00,177.14,30,Cash on Delivery,53,Cancelled,
4354,95,20,14,Kolkata,2024-03-30 11:41:00,219.44,20,Wallet,25,Delivered,4.2
4355,337,31,14,Chennai,2024-08-15 22:31:00,176.5,0,UPI,33,Delivered,4.2
4356,57,8,14,Ahmedabad,2024-12-14 17:20:00,99.0,0,Wallet,41,Delivered,3.2
4357,67,24,9,Mumbai,2024-09-02 22:18:00,172.78,10,Cash on Delivery,40,Cancelled,
4358,46,11,7,Ahmedabad,2024-06-05 11:50:00,463.41,20,Debit Card,33,Delivered,4.4
4359,94,39,11,Lucknow,2024-01-18 17:43:00,120.45,10,UPI,48,Delivered,4.3
4360,138,33,1,Mumbai,2024-01-16 08:47:00,352.72,10,UPI,30,Delivered,4.1
4361,369,42,9,Jaipur,2024-02-25 22:38:00,435.44,30,Credit Card,37,Delivered,3.1
4362,93,15,14,Hyderabad,2024-10-10 08:04:00,186.78,30,UPI,36,Delivered,5.0
4363,232,4,12,Jaipur,2024-04-15 13:52:00,273.19,20,Credit Card,40,Delivered,4.2
4364,396,1,6,Mumbai,2024-04-09 21:12:00,117.88,50,Cash on Delivery,40,Delivered,3.4
4365,49,32,5,Bangalore,2024-11-16 14:40:00,355.14,0,Wallet,26,Delivered,3.5
4366,23,11,7,Ahmedabad,2024-03-26 10:14:00,453.62,0,UPI,10,Delivered,3.6
4367,62,30,9,Ahmedabad,2024-07-04 21:51:00,264.01,50,UPI,30,Delivered,5.0
4368,267,37,8,Mumbai,2024-04-15 12:11:00,764.54,0,Cash on Delivery,37,Delivered,4.0
4369,329,19,11,Jaipur,2024-11-11 08:52:00,345.8,20,Credit Card,40,Delivered,4.0
4370,118,51,7,Kolkata,2024-03-21 16:54:00,189.19,0,Wallet,29,Delivered,3.8
4371,88,36,12,Bangalore,2024-08-30 16:49:00,637.74,0,Cash on Delivery,38,Delivered,4.7
4372,89,34,3,Bangalore,2024-08-07 14:08:00,184.01,0,Cash on Delivery,38,Delivered,4.7
4373,55,7,14,Ahmedabad,2024-12-07 17:52:00,793.94,0,UPI,28,Delivered,3.2
4374,153,60,1,Hyderabad,2024-05-19 14:45:00,159.19,20,UPI,33,Delivered,4.0
4375,239,45,14,Bangalore,2024-02-16 22:37:00,161.53,30,UPI,23,Delivered,4.0
4376,265,20,14,Kolkata,2024-05-28 21:01:00,198.17,10,UPI,15,Cancelled,
4377,268,53,3,Pune,2024-05-06 20:54:00,443.82,10,Cash on Delivery,47,Delivered,3.5
4378,395,12,12,Bangalore,2024-12-22 16:32:00,202.24,0,Credit Card,37,Cancelled,
4379,113,32,5,Bangalore,2024-09-18 11:25:00,417.91,0,Credit Card,32,Delivered,3.8
4380,166,2,12,Jaipur,2024-04-12 16:36:00,166.92,0,Cash on Delivery,39,Delivered,3.9
4381,156,22,4,Ahmedabad,2024-05-21 12:07:00,248.41,0,Credit Card,40,Delivered,3.5
4382,8,41,8,Kolkata,2024-08-18 20:12:00,267.65,20,Credit Card,55,Delivered,4.3
4383,202,48,4,Pune,2024-10-22 18:27:00,159.81,0,Cash on Delivery,48,Delivered,4.3
4384,217,40,6,Kolkata,2024-01-18 16:18:00,289.21,0,Credit Card,39,Delivered,4.4
4385,292,24,9,Mumbai,2024-10-14 13:01:00,269.16,0,UPI,56,Delivered,3.8
4386,381,50,14,Hyderabad,2024-08-02 16:27:00,212.35,0,Credit Card,34,Delivered,2.8
4387,50,31,14,Chennai,2024-10-15 15:01:00,113.15,10,Debit Card,47,Delivered,3.7
4388,107,4,12,Jaipur,2024-06-06 08:39:00,278.23,50,Credit Card,30,Delivered,3.5
4389,9,24,9,Mumbai,2024-02-03 13:21:00,227.11,0,UPI,36,Delivered,4.0
4390,233,43,4,Lucknow,2024-11-20 15:50:00,490.58,30,UPI,42,Delivered,4.4
4391,188,17,1,Kolkata,2024-03-20 20:25:00,302.43,0,UPI,37,Delivered,5.0
4392,323,40,6,Kolkata,2024-01-31 11:38:00,213.26,50,UPI,38,Delivered,3.6
4393,309,19,11,Jaipur,2024-03-03 14:47:00,542.06,0,Debit Card,38,Delivered,4.2
4394,338,40,6,Kolkata,2024-03-01 19:13:00,293.76,0,Debit Card,48,Delivered,4.2
4395,110,38,15,Hyderabad,2024-09-30 18:27:00,99.0,0,Debit Card,36,Cancelled,
4396,145,55,5,Bangalore,2024-03-20 11:15:00,152.75,20,UPI,29,Delivered,5.0
4397,228,34,3,Bangalore,2024-03-17 17:28:00,248.98,20,UPI,34,Delivered,4.2
4398,309,47,10,Mumbai,2024-10-08 19:40:00,300.67,0,Cash on Delivery,48,Delivered,3.9
4399,114,33,1,Mumbai,2024-03-17 20:35:00,456.33,0,Debit Card,44,Delivered,4.1
4400,63,6,4,Mumbai,2024-01-09 22:13:00,333.77,30,Wallet,34,Cancelled,
4401,399,60,1,Hyderabad,2024-11-02 19:52:00,99.0,20,Credit Card,27,Delivered,4.3
4402,275,51,7,Kolkata,2024-05-01 16:31:00,142.01,50,Credit Card,29,Refunded,
4403,124,36,12,Bangalore,2024-09-06 16:53:00,767.07,0,Cash on Delivery,35,Delivered,4.5
4404,86,13,9,Bangalore,2024-05-23 21:19:00,224.14,0,Wallet,34,Delivered,5.0
4405,70,47,10,Mumbai,2024-02-25 14:16:00,278.76,10,Wallet,28,Delivered,5.0
4406,47,9,11,Bangalore,2024-06-14 15:18:00,103.58,50,Wallet,45,Delivered,3.6
4407,199,35,10,Hyderabad,2024-06-06 16:57:00,479.69,0,Wallet,29,Delivered,3.2
4408,364,34,3,Bangalore,2024-03-18 13:43:00,254.75,0,Debit Card,26,Delivered,3.4
4409,201,16,1,Lucknow,2024-09-29 19:58:00,727.26,50,UPI,33,Delivered,4.2
4410,276,18,9,Lucknow,2024-01-15 09:47:00,898.42,30,Debit Card,40,Delivered,4.8
4411,37,18,9,Lucknow,2024-06-08 20:20:00,482.55,0,UPI,26,Delivered,4.0
4412,203,38,15,Hyderabad,2024-04-22 15:32:00,125.21,50,UPI,36,Delivered,3.5
4413,130,50,14,Hyderabad,2024-09-09 16:57:00,236.25,30,Debit Card,31,Delivered,3.2
4414,292,43,4,Lucknow,2024-12-12 10:15:00,1236.41,50,Cash on Delivery,32,Delivered,5.0
4415,389,32,5,Bangalore,2024-06-04 09:46:00,592.11,0,Debit Card,35,Delivered,3.8
4416,64,7,14,Ahmedabad,2024-01-01 16:47:00,960.68,10,UPI,41,Delivered,3.2
4417,263,23,13,Delhi,2024-04-17 08:32:00,628.78,20,Credit Card,35,Delivered,4.1
4418,120,23,13,Delhi,2024-12-24 09:22:00,550.82,30,Wallet,61,Delivered,4.1
4419,278,46,1,Kolkata,2024-09-11 14:14:00,195.62,20,Cash on Delivery,42,Delivered,4.6
4420,202,18,9,Lucknow,2024-08-05 21:24:00,864.63,0,Credit Card,39,Delivered,3.4
4421,46,7,14,Ahmedabad,2024-02-14 14:47:00,1041.2,10,Debit Card,32,Delivered,4.8
4422,168,42,9,Jaipur,2024-02-14 21:16:00,254.69,30,Wallet,30,Delivered,4.9
4423,110,40,6,Kolkata,2024-12-14 15:23:00,186.74,10,UPI,45,Delivered,4.2
4424,46,24,9,Mumbai,2024-04-25 20:55:00,202.0,0,UPI,19,Delivered,4.5
4425,212,14,7,Mumbai,2024-11-30 15:52:00,164.83,0,UPI,46,Delivered,4.6
4426,28,50,14,Hyderabad,2024-03-08 13:33:00,174.63,10,Credit Card,47,Refunded,
4427,87,5,12,Ahmedabad,2024-10-10 09:01:00,686.71,30,UPI,34,Delivered,3.7
4428,291,46,1,Kolkata,2024-09-05 22:29:00,304.11,30,Credit Card,47,Delivered,3.3
4429,385,54,1,Kolkata,2024-06-27 22:25:00,249.77,30,UPI,32,Delivered,3.7
4430,157,57,8,Delhi,2024-12-05 17:27:00,352.33,0,UPI,34,Cancelled,
4431,265,22,4,Ahmedabad,2024-07-30 18:57:00,99.0,30,UPI,40,Delivered,3.0
4432,265,58,1,Lucknow,2024-07-20 20:22:00,217.82,0,Wallet,31,Delivered,4.4
4433,22,22,4,Ahmedabad,2024-10-23 11:18:00,99.0,0,Debit Card,42,Delivered,5.0
4434,256,10,10,Mumbai,2024-12-03 08:26:00,227.16,10,UPI,30,Delivered,3.6
4435,191,26,7,Kolkata,2024-05-13 17:01:00,612.11,20,UPI,38,Cancelled,
4436,232,15,14,Hyderabad,2024-10-06 13:27:00,114.65,0,Credit Card,61,Delivered,3.8
4437,186,38,15,Hyderabad,2024-04-26 20:49:00,117.46,20,Debit Card,40,Delivered,3.9
4438,326,41,8,Kolkata,2024-11-12 21:04:00,234.6,0,Debit Card,46,Delivered,5.0
4439,183,42,9,Jaipur,2024-04-23 18:09:00,265.46,10,Wallet,44,Delivered,3.8
4440,397,55,5,Bangalore,2024-02-28 09:14:00,220.01,0,Debit Card,15,Delivered,4.8
4441,202,49,12,Pune,2024-08-18 16:36:00,214.91,30,Wallet,34,Delivered,4.1
4442,65,1,6,Mumbai,2024-07-17 11:33:00,191.98,20,UPI,49,Delivered,2.2
4443,396,14,7,Mumbai,2024-02-04 09:52:00,304.93,0,Wallet,23,Delivered,3.8
4444,43,36,12,Bangalore,2024-10-13 22:22:00,878.77,30,Cash on Delivery,33,Delivered,4.6
4445,221,31,14,Chennai,2024-01-19 11:23:00,124.75,20,UPI,56,Delivered,3.8
4446,17,28,8,Hyderabad,2024-12-05 14:27:00,1057.28,0,UPI,24,Delivered,4.4
4447,324,34,3,Bangalore,2024-06-30 14:16:00,210.87,30,Credit Card,47,Delivered,5.0
4448,285,35,10,Hyderabad,2024-05-26 13:47:00,574.34,20,UPI,26,Delivered,4.4
4449,183,60,1,Hyderabad,2024-06-11 22:45:00,151.92,30,Cash on Delivery,41,Delivered,3.7
4450,391,39,11,Lucknow,2024-02-16 21:38:00,119.87,30,Cash on Delivery,42,Delivered,4.5
4451,44,23,13,Delhi,2024-04-30 10:29:00,723.05,50,UPI,43,Delivered,4.4
4452,389,46,1,Kolkata,2024-05-24 17:46:00,212.65,50,UPI,26,Delivered,4.7
4453,188,44,1,Lucknow,2024-01-29 13:59:00,143.95,0,Wallet,47,Delivered,4.0
4454,390,19,11,Jaipur,2024-09-29 08:13:00,265.04,0,UPI,28,Delivered,3.6
4455,263,18,9,Lucknow,2024-11-01 16:36:00,942.55,20,UPI,19,Delivered,4.4
4456,174,15,14,Hyderabad,2024-07-07 15:38:00,99.0,0,UPI,25,Delivered,4.4
4457,54,1,6,Mumbai,2024-07-01 11:49:00,195.51,0,Wallet,27,Delivered,3.8
4458,220,25,3,Kolkata,2024-02-06 21:26:00,124.1,10,Cash on Delivery,43,Delivered,3.2
4459,46,26,7,Kolkata,2024-05-02 10:30:00,370.25,0,Credit Card,45,Delivered,3.8
4460,394,35,10,Hyderabad,2024-11-24 13:16:00,527.24,0,UPI,36,Delivered,3.4
4461,260,57,8,Delhi,2024-03-23 19:03:00,586.43,30,Credit Card,25,Delivered,3.9
4462,195,15,14,Hyderabad,2024-02-17 16:10:00,154.14,50,UPI,30,Delivered,4.6
4463,347,4,12,Jaipur,2024-01-22 11:16:00,547.75,20,Cash on Delivery,34,Delivered,2.9
4464,61,15,14,Hyderabad,2024-10-28 18:33:00,99.0,0,UPI,23,Delivered,4.3
4465,166,42,9,Jaipur,2024-09-23 22:10:00,460.5,0,Credit Card,24,Delivered,4.3
4466,160,38,15,Hyderabad,2024-04-29 13:55:00,99.0,20,Debit Card,35,Delivered,3.5
4467,151,45,14,Bangalore,2024-02-07 12:20:00,99.0,20,UPI,33,Cancelled,
4468,111,39,11,Lucknow,2024-04-19 21:09:00,99.0,0,Wallet,24,Delivered,4.3
4469,37,58,1,Lucknow,2024-05-15 14:07:00,210.66,0,UPI,48,Delivered,4.8
4470,3,54,1,Kolkata,2024-11-23 14:33:00,201.4,0,UPI,28,Delivered,4.4
4471,13,1,6,Mumbai,2024-09-07 22:15:00,109.45,0,Wallet,23,Delivered,5.0
4472,162,22,4,Ahmedabad,2024-12-26 20:22:00,169.63,20,UPI,48,Delivered,4.1
4473,344,11,7,Ahmedabad,2024-07-22 18:21:00,352.48,10,UPI,38,Delivered,4.7
4474,332,46,1,Kolkata,2024-08-28 18:01:00,184.03,50,Credit Card,32,Refunded,
4475,264,38,15,Hyderabad,2024-04-18 08:25:00,99.0,0,UPI,28,Delivered,5.0
4476,83,37,8,Mumbai,2024-08-07 10:42:00,878.91,50,Wallet,31,Delivered,4.4
4477,265,51,7,Kolkata,2024-03-09 08:19:00,224.2,20,UPI,28,Delivered,5.0
4478,334,26,7,Kolkata,2024-10-12 20:07:00,531.25,30,UPI,30,Delivered,4.4
4479,380,51,7,Kolkata,2024-10-20 20:16:00,155.92,30,Cash on Delivery,37,Delivered,5.0
4480,219,27,6,Ahmedabad,2024-04-17 08:02:00,390.35,50,UPI,26,Delivered,3.4
4481,146,58,1,Lucknow,2024-06-22 17:30:00,220.68,20,Wallet,10,Delivered,4.1
4482,298,13,9,Bangalore,2024-11-23 18:58:00,351.82,0,UPI,52,Delivered,5.0
4483,297,7,14,Ahmedabad,2024-10-28 15:34:00,971.21,50,UPI,23,Delivered,3.0
4484,161,8,14,Ahmedabad,2024-02-08 19:50:00,99.0,10,UPI,19,Delivered,3.6
4485,229,46,1,Kolkata,2024-01-04 16:15:00,327.87,20,UPI,47,Delivered,5.0
4486,234,51,7,Kolkata,2024-03-17 11:50:00,223.15,0,Credit Card,30,Delivered,4.0
4487,89,51,7,Kolkata,2024-05-12 14:36:00,104.66,0,UPI,38,Refunded,
4488,333,23,13,Delhi,2024-10-02 15:35:00,957.15,50,Debit Card,43,Delivered,4.0
4489,310,26,7,Kolkata,2024-10-16 17:44:00,745.31,0,UPI,44,Delivered,4.6
4490,215,44,1,Lucknow,2024-05-05 13:33:00,364.43,10,UPI,40,Delivered,4.9
4491,97,55,5,Bangalore,2024-12-10 09:59:00,236.8,0,UPI,28,Delivered,3.9
4492,213,27,6,Ahmedabad,2024-07-01 12:49:00,493.46,0,Credit Card,22,Delivered,3.1
4493,354,9,11,Bangalore,2024-03-12 18:14:00,99.0,50,UPI,53,Cancelled,
4494,312,46,1,Kolkata,2024-06-21 20:15:00,226.56,50,UPI,36,Delivered,3.5
4495,100,38,15,Hyderabad,2024-08-01 11:12:00,99.0,0,Wallet,40,Delivered,3.8
4496,145,47,10,Mumbai,2024-01-20 09:34:00,148.96,0,UPI,30,Delivered,3.4
4497,10,13,9,Bangalore,2024-10-29 14:18:00,303.74,0,UPI,38,Delivered,3.6
4498,44,7,14,Ahmedabad,2024-06-13 17:53:00,818.41,10,UPI,31,Delivered,4.1
4499,251,11,7,Ahmedabad,2024-01-06 21:03:00,479.48,0,UPI,32,Delivered,3.6
4500,386,10,10,Mumbai,2024-12-07 10:54:00,99.0,20,Cash on Delivery,22,Cancelled,
4501,227,33,1,Mumbai,2024-08-18 11:33:00,421.92,50,UPI,39,Delivered,5.0
4502,398,39,11,Lucknow,2024-10-09 14:02:00,102.37,0,Credit Card,12,Delivered,3.9
4503,249,50,14,Hyderabad,2024-08-12 09:41:00,134.56,10,Credit Card,46,Cancelled,
4504,169,55,5,Bangalore,2024-12-01 16:59:00,216.67,0,Wallet,54,Delivered,3.2
4505,130,3,12,Kolkata,2024-01-24 22:30:00,306.57,50,UPI,31,Delivered,4.8
4506,19,41,8,Kolkata,2024-05-21 13:13:00,205.84,0,Debit Card,44,Delivered,5.0
4507,336,29,11,Bangalore,2024-03-21 09:19:00,298.4,0,UPI,31,Delivered,3.9
4508,235,37,8,Mumbai,2024-07-26 15:38:00,950.91,10,Credit Card,35,Delivered,4.3
4509,345,55,5,Bangalore,2024-10-14 19:43:00,423.61,0,Debit Card,29,Delivered,4.9
4510,1,56,1,Chennai,2024-10-09 21:51:00,695.42,30,UPI,31,Delivered,3.9
4511,130,45,14,Bangalore,2024-04-06 22:09:00,214.81,20,Credit Card,31,Delivered,5.0
4512,27,16,1,Lucknow,2024-09-29 08:48:00,549.39,50,Credit Card,16,Delivered,3.1
4513,2,16,1,Lucknow,2024-12-02 09:51:00,1232.58,50,UPI,38,Delivered,4.0
4514,250,44,1,Lucknow,2024-01-23 09:07:00,251.42,20,UPI,16,Refunded,
4515,222,50,14,Hyderabad,2024-11-08 21:53:00,99.0,0,UPI,31,Delivered,3.6
4516,138,43,4,Lucknow,2024-05-27 13:46:00,889.9,0,UPI,17,Delivered,3.4
4517,275,49,12,Pune,2024-01-23 16:34:00,129.24,0,UPI,31,Delivered,3.6
4518,141,7,14,Ahmedabad,2024-03-07 09:32:00,1041.38,0,Debit Card,38,Delivered,4.4
4519,256,15,14,Hyderabad,2024-02-15 08:44:00,176.52,20,UPI,49,Delivered,4.7
4520,370,38,15,Hyderabad,2024-05-26 21:22:00,99.0,0,UPI,35,Delivered,4.5
4521,312,6,4,Mumbai,2024-01-15 18:56:00,360.35,0,Debit Card,32,Delivered,3.2
4522,95,18,9,Lucknow,2024-03-18 09:38:00,674.89,30,Credit Card,24,Delivered,4.4
4523,173,19,11,Jaipur,2024-08-28 09:05:00,564.02,10,Wallet,26,Refunded,
4524,57,52,2,Kolkata,2024-10-03 15:27:00,123.12,30,Cash on Delivery,47,Delivered,4.0
4525,102,51,7,Kolkata,2024-01-27 09:32:00,99.0,10,Cash on Delivery,40,Delivered,3.8
4526,169,2,12,Jaipur,2024-10-21 13:55:00,164.3,20,UPI,26,Delivered,4.0
4527,70,3,12,Kolkata,2024-12-28 22:46:00,391.29,10,Debit Card,15,Delivered,5.0
4528,338,46,1,Kolkata,2024-01-13 21:55:00,201.61,10,Debit Card,51,Delivered,3.9
4529,49,54,1,Kolkata,2024-07-12 21:55:00,156.75,50,Cash on Delivery,23,Delivered,4.6
4530,347,25,3,Kolkata,2024-08-17 16:27:00,99.0,0,UPI,35,Delivered,4.7
4531,5,36,12,Bangalore,2024-11-15 14:17:00,452.24,0,Debit Card,26,Delivered,4.6
4532,202,54,1,Kolkata,2024-07-02 16:54:00,233.17,50,Debit Card,24,Delivered,3.8
4533,202,49,12,Pune,2024-12-21 16:35:00,317.65,0,UPI,37,Refunded,
4534,179,28,8,Hyderabad,2024-09-16 16:29:00,858.5,50,Debit Card,44,Delivered,3.9
4535,57,38,15,Hyderabad,2024-12-09 11:45:00,99.0,50,UPI,42,Delivered,4.3
4536,186,28,8,Hyderabad,2024-06-07 15:06:00,519.41,0,Debit Card,41,Delivered,3.8
4537,92,32,5,Bangalore,2024-11-28 13:07:00,647.6,20,Debit Card,25,Delivered,3.6
4538,292,51,7,Kolkata,2024-07-01 12:43:00,111.42,0,UPI,37,Delivered,4.2
4539,394,41,8,Kolkata,2024-12-14 11:13:00,147.13,20,Cash on Delivery,38,Delivered,3.6
4540,227,36,12,Bangalore,2024-06-26 18:55:00,346.83,0,Wallet,21,Delivered,3.8
4541,112,39,11,Lucknow,2024-10-07 11:03:00,99.0,0,UPI,14,Delivered,3.9
4542,148,36,12,Bangalore,2024-10-03 09:38:00,828.66,50,UPI,36,Delivered,3.8
4543,269,43,4,Lucknow,2024-09-27 12:37:00,653.97,0,Debit Card,27,Delivered,3.9
4544,203,54,1,Kolkata,2024-02-21 15:07:00,148.17,20,Credit Card,22,Delivered,3.8
4545,378,23,13,Delhi,2024-01-28 12:15:00,570.49,0,Credit Card,15,Cancelled,
4546,365,2,12,Jaipur,2024-09-08 13:15:00,126.88,50,Cash on Delivery,28,Refunded,
4547,348,10,10,Mumbai,2024-02-04 08:08:00,160.14,30,Wallet,51,Delivered,5.0
4548,358,6,4,Mumbai,2024-09-05 10:51:00,426.24,20,Credit Card,44,Delivered,5.0
4549,56,8,14,Ahmedabad,2024-05-19 10:47:00,99.0,20,UPI,50,Delivered,3.8
4550,301,15,14,Hyderabad,2024-10-04 18:55:00,156.56,30,Debit Card,28,Delivered,3.8
4551,316,45,14,Bangalore,2024-06-25 11:14:00,203.55,0,Debit Card,46,Delivered,4.0
4552,185,29,11,Bangalore,2024-11-17 15:21:00,308.38,0,Cash on Delivery,47,Delivered,4.2
4553,54,28,8,Hyderabad,2024-01-25 09:50:00,666.61,0,UPI,50,Cancelled,
4554,37,22,4,Ahmedabad,2024-07-16 21:14:00,171.54,30,Credit Card,32,Delivered,4.0
4555,211,34,3,Bangalore,2024-01-15 09:06:00,238.59,30,Credit Card,30,Delivered,4.1
4556,293,20,14,Kolkata,2024-03-15 15:37:00,266.48,0,Debit Card,34,Delivered,4.6
4557,270,33,1,Mumbai,2024-06-16 09:50:00,308.98,30,UPI,36,Delivered,3.6
4558,351,15,14,Hyderabad,2024-02-08 17:43:00,99.0,0,Wallet,22,Delivered,3.7
4559,220,7,14,Ahmedabad,2024-09-29 14:53:00,613.43,20,Credit Card,29,Delivered,3.2
4560,228,24,9,Mumbai,2024-08-19 14:03:00,118.38,0,Wallet,46,Delivered,3.9
4561,358,26,7,Kolkata,2024-10-17 10:46:00,361.51,10,UPI,29,Delivered,4.1
4562,211,50,14,Hyderabad,2024-02-05 22:24:00,120.67,10,Debit Card,36,Delivered,4.1
4563,298,10,10,Mumbai,2024-12-26 20:17:00,269.57,0,Wallet,40,Delivered,4.9
4564,1,15,14,Hyderabad,2024-03-05 11:49:00,201.86,0,Wallet,47,Delivered,3.6
4565,23,37,8,Mumbai,2024-01-08 11:47:00,920.56,0,Wallet,41,Delivered,3.1
4566,284,59,11,Jaipur,2024-12-06 18:51:00,99.0,20,UPI,44,Delivered,4.2
4567,388,24,9,Mumbai,2024-06-29 12:20:00,160.05,10,Credit Card,39,Delivered,4.0
4568,188,11,7,Ahmedabad,2024-06-03 10:22:00,220.66,0,UPI,38,Delivered,4.6
4569,18,40,6,Kolkata,2024-04-24 09:50:00,318.58,0,UPI,44,Cancelled,
4570,49,21,9,Jaipur,2024-10-25 10:39:00,630.29,0,UPI,12,Delivered,4.1
4571,47,40,6,Kolkata,2024-02-20 17:47:00,286.96,0,Debit Card,42,Delivered,4.9
4572,115,38,15,Hyderabad,2024-08-31 16:07:00,99.0,0,Cash on Delivery,14,Delivered,4.0
4573,39,15,14,Hyderabad,2024-05-18 14:46:00,134.83,0,Credit Card,30,Delivered,3.8
4574,217,15,14,Hyderabad,2024-09-09 12:51:00,144.62,30,Cash on Delivery,44,Delivered,4.5
4575,210,37,8,Mumbai,2024-02-18 13:46:00,352.44,50,UPI,33,Delivered,4.4
4576,262,45,14,Bangalore,2024-03-12 14:01:00,285.73,0,Cash on Delivery,34,Delivered,3.7
4577,211,14,7,Mumbai,2024-08-09 20:22:00,148.62,0,UPI,37,Delivered,4.4
4578,53,43,4,Lucknow,2024-06-05 13:36:00,574.59,30,Credit Card,54,Delivered,4.4
4579,281,52,2,Kolkata,2024-12-05 08:28:00,99.0,10,Credit Card,13,Delivered,4.1
4580,355,21,9,Jaipur,2024-04-23 22:22:00,469.47,0,Wallet,28,Delivered,4.8
4581,321,44,1,Lucknow,2024-04-15 10:36:00,277.63,0,Wallet,49,Delivered,5.0
4582,133,20,14,Kolkata,2024-06-21 15:21:00,323.51,20,UPI,32,Delivered,3.8
4583,264,33,1,Mumbai,2024-10-11 09:40:00,286.29,0,UPI,33,Delivered,4.4
4584,295,3,12,Kolkata,2024-09-07 09:44:00,168.6,0,Debit Card,42,Delivered,4.1
4585,111,40,6,Kolkata,2024-11-16 19:19:00,256.01,10,Credit Card,23,Refunded,
4586,43,23,13,Delhi,2024-06-28 12:36:00,283.02,0,Debit Card,44,Delivered,3.8
4587,338,44,1,Lucknow,2024-03-12 18:46:00,419.83,0,UPI,31,Delivered,4.0
4588,238,47,10,Mumbai,2024-05-02 10:05:00,150.88,0,Cash on Delivery,33,Delivered,3.0
4589,379,23,13,Delhi,2024-10-27 19:18:00,1158.82,0,UPI,27,Delivered,4.7
4590,389,27,6,Ahmedabad,2024-09-09 09:55:00,304.95,10,UPI,40,Delivered,4.6
4591,247,35,10,Hyderabad,2024-03-05 16:26:00,285.97,0,UPI,32,Delivered,2.9
4592,4,25,3,Kolkata,2024-04-15 20:30:00,117.49,20,Wallet,38,Delivered,4.0
4593,364,32,5,Bangalore,2024-10-26 18:35:00,463.06,10,UPI,31,Delivered,4.3
4594,349,22,4,Ahmedabad,2024-05-26 13:24:00,232.99,10,Cash on Delivery,35,Cancelled,
4595,385,8,14,Ahmedabad,2024-06-07 16:19:00,103.02,0,UPI,29,Delivered,4.6
4596,350,56,1,Chennai,2024-07-20 12:26:00,1253.94,0,Credit Card,32,Delivered,3.9
4597,312,51,7,Kolkata,2024-01-13 16:01:00,99.0,30,Wallet,26,Delivered,4.0
4598,173,52,2,Kolkata,2024-03-25 08:23:00,281.7,0,UPI,25,Delivered,4.3
4599,193,38,15,Hyderabad,2024-09-01 19:41:00,99.0,0,Wallet,53,Cancelled,
4600,3,18,9,Lucknow,2024-12-19 19:08:00,1121.68,10,Wallet,37,Delivered,3.7
4601,278,28,8,Hyderabad,2024-09-03 15:29:00,829.34,0,Debit Card,14,Delivered,5.0
4602,56,28,8,Hyderabad,2024-10-04 21:10:00,1100.86,20,UPI,34,Delivered,4.2
4603,274,11,7,Ahmedabad,2024-09-03 18:16:00,507.06,0,Cash on Delivery,45,Delivered,4.2
4604,176,12,12,Bangalore,2024-12-21 20:06:00,99.0,0,Wallet,18,Cancelled,
4605,116,55,5,Bangalore,2024-01-16 08:44:00,224.65,20,Wallet,41,Delivered,4.9
4606,84,2,12,Jaipur,2024-11-16 18:05:00,99.0,30,Cash on Delivery,34,Delivered,4.1
4607,159,59,11,Jaipur,2024-05-27 10:43:00,144.81,30,Credit Card,17,Delivered,4.9
4608,286,37,8,Mumbai,2024-07-09 12:40:00,930.13,10,Debit Card,29,Delivered,3.1
4609,80,60,1,Hyderabad,2024-09-06 19:29:00,104.54,30,Credit Card,33,Delivered,4.8
4610,66,4,12,Jaipur,2024-08-07 18:41:00,350.5,0,UPI,22,Delivered,4.7
4611,209,41,8,Kolkata,2024-12-04 12:57:00,225.41,0,Debit Card,27,Delivered,2.9
4612,10,45,14,Bangalore,2024-05-12 16:26:00,142.51,0,Cash on Delivery,37,Delivered,3.9
4613,199,45,14,Bangalore,2024-01-28 17:26:00,216.88,0,Debit Card,37,Refunded,
4614,59,47,10,Mumbai,2024-04-25 08:41:00,240.75,20,Cash on Delivery,39,Delivered,4.3
4615,234,34,3,Bangalore,2024-01-01 13:27:00,150.99,10,UPI,28,Delivered,4.6
4616,307,23,13,Delhi,2024-08-27 17:57:00,906.48,0,UPI,46,Delivered,4.9
4617,244,13,9,Bangalore,2024-11-30 14:16:00,469.72,0,UPI,34,Delivered,3.2
4618,379,7,14,Ahmedabad,2024-01-26 11:24:00,428.62,50,UPI,31,Delivered,4.1
4619,393,32,5,Bangalore,2024-03-17 08:24:00,513.36,0,Credit Card,33,Delivered,3.5
4620,54,23,13,Delhi,2024-11-23 12:05:00,568.34,30,Wallet,38,Delivered,3.7
4621,337,49,12,Pune,2024-01-23 11:29:00,293.8,0,Credit Card,38,Cancelled,
4622,393,8,14,Ahmedabad,2024-07-24 13:22:00,99.0,10,UPI,30,Delivered,4.6
4623,9,50,14,Hyderabad,2024-09-23 22:05:00,182.02,50,UPI,44,Delivered,3.6
4624,101,47,10,Mumbai,2024-09-23 20:11:00,234.94,50,Debit Card,33,Delivered,4.1
4625,295,47,10,Mumbai,2024-02-22 10:54:00,352.1,50,UPI,42,Delivered,3.8
4626,203,37,8,Mumbai,2024-02-05 08:27:00,729.29,50,Credit Card,49,Delivered,4.7
4627,392,34,3,Bangalore,2024-08-07 13:37:00,179.65,30,UPI,30,Delivered,3.0
4628,153,48,4,Pune,2024-09-19 22:31:00,195.03,30,UPI,31,Delivered,4.8
4629,110,29,11,Bangalore,2024-05-18 15:02:00,470.65,50,Cash on Delivery,24,Delivered,5.0
4630,322,37,8,Mumbai,2024-10-12 13:57:00,876.02,0,Debit Card,26,Cancelled,
4631,266,23,13,Delhi,2024-11-17 20:13:00,612.65,20,UPI,42,Delivered,4.5
4632,373,38,15,Hyderabad,2024-10-23 09:50:00,144.94,30,Wallet,42,Delivered,4.2
4633,152,29,11,Bangalore,2024-12-16 22:12:00,316.25,0,UPI,17,Delivered,2.9
4634,83,44,1,Lucknow,2024-12-11 19:11:00,222.34,0,UPI,25,Delivered,4.5
4635,395,5,12,Ahmedabad,2024-03-22 16:48:00,559.06,0,Cash on Delivery,49,Delivered,4.7
4636,134,52,2,Kolkata,2024-07-31 08:52:00,190.99,30,Cash on Delivery,26,Delivered,4.2
4637,326,40,6,Kolkata,2024-02-09 18:23:00,99.0,20,UPI,32,Delivered,3.7
4638,160,11,7,Ahmedabad,2024-08-13 15:43:00,439.69,0,Debit Card,35,Delivered,5.0
4639,39,14,7,Mumbai,2024-09-01 22:32:00,169.35,30,UPI,37,Delivered,3.6
4640,176,56,1,Chennai,2024-01-23 20:53:00,463.65,0,Wallet,20,Delivered,4.8
4641,13,49,12,Pune,2024-11-04 08:13:00,104.27,20,Debit Card,37,Cancelled,
4642,315,42,9,Jaipur,2024-03-18 08:37:00,415.38,20,UPI,10,Delivered,4.4
4643,67,2,12,Jaipur,2024-05-01 19:38:00,143.36,0,UPI,28,Delivered,4.0
4644,248,35,10,Hyderabad,2024-03-30 17:00:00,642.36,50,Debit Card,31,Delivered,5.0
4645,41,45,14,Bangalore,2024-08-31 12:17:00,152.15,0,Debit Card,19,Delivered,4.4
4646,184,49,12,Pune,2024-11-11 17:12:00,213.9,30,Cash on Delivery,42,Delivered,4.5
4647,35,59,11,Jaipur,2024-10-12 09:18:00,159.39,20,Wallet,26,Cancelled,
4648,337,35,10,Hyderabad,2024-04-20 19:46:00,203.76,10,UPI,52,Delivered,4.4
4649,290,42,9,Jaipur,2024-10-07 09:13:00,545.91,10,Cash on Delivery,39,Delivered,4.3
4650,76,28,8,Hyderabad,2024-05-13 19:19:00,574.55,30,Credit Card,32,Refunded,
4651,70,8,14,Ahmedabad,2024-12-08 21:29:00,193.44,0,Credit Card,42,Delivered,4.0
4652,234,32,5,Bangalore,2024-11-09 21:40:00,486.66,20,Debit Card,18,Delivered,4.6
4653,11,4,12,Jaipur,2024-04-03 16:57:00,324.64,50,UPI,37,Delivered,4.2
4654,368,45,14,Bangalore,2024-06-12 08:33:00,116.37,0,UPI,22,Delivered,3.0
4655,283,7,14,Ahmedabad,2024-01-16 15:13:00,842.08,10,Cash on Delivery,43,Delivered,3.6
4656,304,39,11,Lucknow,2024-12-11 15:13:00,99.0,20,Credit Card,30,Delivered,4.8
4657,24,48,4,Pune,2024-10-13 09:47:00,241.31,20,Wallet,14,Delivered,4.6
4658,274,27,6,Ahmedabad,2024-03-08 08:54:00,232.75,30,UPI,21,Delivered,3.5
4659,27,37,8,Mumbai,2024-06-16 16:59:00,531.78,30,UPI,35,Delivered,3.8
4660,54,60,1,Hyderabad,2024-01-25 10:04:00,99.0,30,UPI,38,Cancelled,
4661,55,17,1,Kolkata,2024-04-11 13:25:00,415.62,30,Credit Card,19,Delivered,3.7
4662,376,10,10,Mumbai,2024-10-22 13:37:00,216.76,0,Wallet,16,Delivered,5.0
4663,233,4,12,Jaipur,2024-09-19 21:29:00,403.4,50,UPI,31,Delivered,3.2
4664,277,23,13,Delhi,2024-04-29 10:38:00,362.48,20,Credit Card,51,Delivered,3.7
4665,371,14,7,Mumbai,2024-10-17 15:32:00,357.6,0,Credit Card,30,Delivered,4.1
4666,120,5,12,Ahmedabad,2024-06-09 21:37:00,475.69,50,Cash on Delivery,37,Delivered,3.2
4667,225,2,12,Jaipur,2024-01-28 21:35:00,126.52,0,Credit Card,10,Delivered,4.1
4668,58,46,1,Kolkata,2024-10-20 19:20:00,310.24,50,Debit Card,62,Cancelled,
4669,255,24,9,Mumbai,2024-04-01 22:32:00,173.58,0,Cash on Delivery,24,Delivered,3.5
4670,176,18,9,Lucknow,2024-01-06 16:14:00,849.27,50,UPI,36,Delivered,3.6
4671,54,27,6,Ahmedabad,2024-04-17 10:42:00,306.37,50,Wallet,16,Delivered,3.8
4672,146,24,9,Mumbai,2024-02-16 10:13:00,248.97,10,Cash on Delivery,39,Delivered,4.0
4673,259,29,11,Bangalore,2024-07-12 20:03:00,371.14,10,UPI,29,Refunded,
4674,152,11,7,Ahmedabad,2024-06-02 10:11:00,345.62,0,Cash on Delivery,37,Delivered,3.8
4675,385,48,4,Pune,2024-09-14 08:34:00,209.14,0,Cash on Delivery,32,Delivered,4.2
4676,262,18,9,Lucknow,2024-01-10 13:40:00,744.42,50,Wallet,40,Delivered,4.8
4677,19,59,11,Jaipur,2024-06-19 12:14:00,99.0,50,UPI,45,Delivered,4.6
4678,342,48,4,Pune,2024-05-05 12:20:00,128.72,0,Cash on Delivery,21,Delivered,5.0
4679,371,53,3,Pune,2024-07-31 19:43:00,342.9,50,UPI,52,Delivered,4.1
4680,171,4,12,Jaipur,2024-09-03 12:38:00,353.77,30,UPI,28,Delivered,4.1
4681,379,33,1,Mumbai,2024-07-19 12:17:00,408.26,30,Cash on Delivery,39,Delivered,4.2
4682,392,14,7,Mumbai,2024-05-28 15:43:00,183.73,0,Cash on Delivery,26,Delivered,3.2
4683,197,44,1,Lucknow,2024-08-13 17:50:00,301.3,0,Debit Card,36,Delivered,4.7
4684,73,56,1,Chennai,2024-06-17 16:23:00,234.9,0,Debit Card,31,Delivered,3.9
4685,303,42,9,Jaipur,2024-05-31 15:31:00,400.35,30,Cash on Delivery,55,Delivered,4.1
4686,85,32,5,Bangalore,2024-08-12 13:43:00,409.25,0,Wallet,27,Delivered,4.4
4687,284,60,1,Hyderabad,2024-07-03 15:50:00,124.56,50,Credit Card,51,Refunded,
4688,302,51,7,Kolkata,2024-08-28 09:10:00,214.02,10,UPI,25,Delivered,3.6
4689,132,4,12,Jaipur,2024-12-16 09:22:00,482.13,0,Cash on Delivery,51,Delivered,3.7
4690,120,20,14,Kolkata,2024-05-03 13:42:00,384.81,0,UPI,45,Delivered,4.3
4691,216,21,9,Jaipur,2024-02-09 22:40:00,495.61,10,UPI,31,Delivered,4.4
4692,136,3,12,Kolkata,2024-06-23 14:19:00,253.47,50,Debit Card,33,Delivered,5.0
4693,116,25,3,Kolkata,2024-04-18 08:51:00,124.2,0,Debit Card,37,Refunded,
4694,61,4,12,Jaipur,2024-11-19 15:35:00,387.18,20,Credit Card,35,Delivered,4.2
4695,17,58,1,Lucknow,2024-02-05 20:01:00,225.18,0,Wallet,39,Refunded,
4696,34,47,10,Mumbai,2024-01-28 17:22:00,353.07,0,UPI,36,Delivered,4.4
4697,20,11,7,Ahmedabad,2024-07-25 11:26:00,486.84,0,UPI,25,Delivered,5.0
4698,208,16,1,Lucknow,2024-12-24 13:34:00,898.44,50,UPI,30,Delivered,4.3
4699,162,59,11,Jaipur,2024-08-15 17:29:00,99.0,0,UPI,38,Refunded,
4700,299,36,12,Bangalore,2024-11-04 16:37:00,962.34,10,Credit Card,24,Delivered,4.4
4701,10,6,4,Mumbai,2024-08-08 11:58:00,307.41,50,UPI,30,Delivered,2.4
4702,94,31,14,Chennai,2024-02-12 14:49:00,105.47,0,Cash on Delivery,40,Delivered,3.9
4703,371,40,6,Kolkata,2024-09-16 12:03:00,302.27,10,Cash on Delivery,37,Delivered,4.2
4704,383,13,9,Bangalore,2024-08-15 18:44:00,192.08,0,Credit Card,32,Cancelled,
4705,366,23,13,Delhi,2024-12-01 16:13:00,208.28,0,UPI,45,Delivered,3.6
4706,107,52,2,Kolkata,2024-09-23 20:33:00,99.0,10,Credit Card,45,Delivered,4.2
4707,105,4,12,Jaipur,2024-08-01 21:55:00,370.18,10,Debit Card,29,Delivered,4.5
4708,71,37,8,Mumbai,2024-01-26 18:35:00,1096.75,30,UPI,42,Delivered,4.7
4709,84,42,9,Jaipur,2024-07-07 17:37:00,437.54,0,Cash on Delivery,26,Delivered,4.0
4710,209,37,8,Mumbai,2024-02-28 13:33:00,726.94,20,UPI,38,Delivered,3.2
4711,259,44,1,Lucknow,2024-11-07 15:29:00,418.72,0,Wallet,37,Delivered,4.2
4712,239,33,1,Mumbai,2024-10-09 14:26:00,461.23,50,Credit Card,35,Delivered,3.8
4713,302,56,1,Chennai,2024-04-29 21:40:00,980.4,30,Cash on Delivery,32,Delivered,3.6
4714,232,42,9,Jaipur,2024-01-25 13:17:00,516.68,20,Debit Card,36,Delivered,3.9
4715,282,29,11,Bangalore,2024-01-12 14:50:00,271.76,0,Debit Card,35,Delivered,3.9
4716,394,37,8,Mumbai,2024-04-18 14:24:00,697.88,0,Debit Card,12,Delivered,4.0
4717,206,19,11,Jaipur,2024-09-22 21:09:00,374.98,0,Cash on Delivery,49,Delivered,3.8
4718,264,51,7,Kolkata,2024-11-28 13:28:00,187.38,20,Debit Card,41,Delivered,5.0
4719,311,20,14,Kolkata,2024-04-11 16:44:00,157.93,0,Cash on Delivery,30,Delivered,4.3
4720,347,32,5,Bangalore,2024-05-16 22:12:00,293.68,0,UPI,44,Delivered,4.3
4721,394,44,1,Lucknow,2024-05-21 12:08:00,293.7,20,UPI,30,Delivered,4.3
4722,185,55,5,Bangalore,2024-11-23 14:39:00,258.24,10,UPI,10,Delivered,3.3
4723,114,16,1,Lucknow,2024-02-23 10:54:00,882.0,10,Cash on Delivery,38,Delivered,4.7
4724,79,5,12,Ahmedabad,2024-04-20 15:32:00,493.75,0,UPI,19,Delivered,5.0
4725,357,49,12,Pune,2024-12-17 14:18:00,222.72,0,Cash on Delivery,22,Delivered,3.5
4726,342,46,1,Kolkata,2024-10-16 21:49:00,304.23,0,UPI,24,Delivered,3.7
4727,301,12,12,Bangalore,2024-06-23 21:55:00,191.14,50,UPI,36,Cancelled,
4728,50,45,14,Bangalore,2024-07-03 10:50:00,99.0,20,Credit Card,37,Delivered,3.8
4729,320,21,9,Jaipur,2024-11-05 18:25:00,660.43,30,UPI,46,Delivered,4.3
4730,95,14,7,Mumbai,2024-03-21 13:27:00,225.49,20,Debit Card,23,Delivered,4.0
4731,258,37,8,Mumbai,2024-10-01 18:47:00,1109.57,0,Credit Card,28,Delivered,3.8
4732,351,22,4,Ahmedabad,2024-09-05 10:32:00,160.99,50,UPI,48,Cancelled,
4733,62,30,9,Ahmedabad,2024-01-07 20:54:00,175.41,10,Wallet,40,Delivered,4.5
4734,142,23,13,Delhi,2024-06-19 12:29:00,895.81,50,Credit Card,38,Delivered,4.3
4735,330,5,12,Ahmedabad,2024-12-28 15:57:00,819.62,10,Credit Card,35,Cancelled,
4736,222,29,11,Bangalore,2024-06-18 19:41:00,153.95,0,Cash on Delivery,39,Delivered,4.8
4737,356,59,11,Jaipur,2024-01-13 17:17:00,125.15,0,UPI,35,Delivered,4.2
4738,111,30,9,Ahmedabad,2024-10-24 10:51:00,292.02,0,UPI,36,Delivered,4.1
4739,104,18,9,Lucknow,2024-07-30 12:02:00,742.66,0,Credit Card,40,Delivered,3.8
4740,15,46,1,Kolkata,2024-09-10 18:14:00,405.5,0,Credit Card,26,Delivered,4.2
4741,270,50,14,Hyderabad,2024-09-12 09:44:00,99.0,50,UPI,37,Delivered,3.5
4742,159,52,2,Kolkata,2024-05-29 15:22:00,266.75,30,UPI,16,Delivered,4.8
4743,157,1,6,Mumbai,2024-02-28 21:48:00,193.78,0,Credit Card,35,Delivered,4.5
4744,27,39,11,Lucknow,2024-11-19 10:53:00,135.92,50,UPI,30,Delivered,4.2
4745,85,17,1,Kolkata,2024-02-26 16:22:00,528.49,0,UPI,43,Delivered,3.9
4746,9,3,12,Kolkata,2024-02-29 16:23:00,267.65,0,UPI,21,Delivered,5.0
4747,276,42,9,Jaipur,2024-08-20 21:54:00,363.39,0,Credit Card,37,Delivered,3.8
4748,227,7,14,Ahmedabad,2024-07-26 22:55:00,612.67,0,UPI,41,Delivered,3.6
4749,186,27,6,Ahmedabad,2024-11-06 16:25:00,470.53,0,Debit Card,42,Delivered,3.9
4750,79,28,8,Hyderabad,2024-06-25 22:44:00,748.6,0,Wallet,28,Delivered,4.6
4751,216,44,1,Lucknow,2024-03-13 22:38:00,281.03,0,Cash on Delivery,31,Delivered,5.0
4752,57,54,1,Kolkata,2024-08-12 08:04:00,166.78,30,Cash on Delivery,39,Delivered,4.7
4753,144,31,14,Chennai,2024-01-09 19:05:00,131.66,50,Debit Card,23,Delivered,3.3
4754,356,15,14,Hyderabad,2024-06-21 17:27:00,184.97,0,Credit Card,31,Delivered,4.1
4755,331,55,5,Bangalore,2024-10-22 22:05:00,251.4,10,UPI,26,Delivered,3.8
4756,392,53,3,Pune,2024-01-27 13:03:00,681.38,0,UPI,17,Delivered,4.3
4757,67,48,4,Pune,2024-07-21 12:29:00,118.82,50,UPI,50,Delivered,3.9
4758,275,8,14,Ahmedabad,2024-04-08 10:11:00,118.62,50,UPI,35,Delivered,4.6
4759,105,6,4,Mumbai,2024-03-31 12:29:00,209.27,30,Wallet,25,Delivered,3.8
4760,188,28,8,Hyderabad,2024-07-31 13:20:00,1022.07,0,Wallet,12,Delivered,3.6
4761,164,4,12,Jaipur,2024-02-29 13:39:00,548.31,20,UPI,38,Delivered,4.9
4762,267,30,9,Ahmedabad,2024-05-22 09:51:00,144.23,0,Debit Card,19,Delivered,4.1
4763,51,43,4,Lucknow,2024-10-11 13:59:00,577.75,0,Credit Card,28,Delivered,4.6
4764,126,17,1,Kolkata,2024-01-21 08:40:00,313.26,0,Debit Card,35,Delivered,3.4
4765,80,34,3,Bangalore,2024-05-25 16:54:00,275.75,20,Debit Card,23,Delivered,3.5
4766,183,60,1,Hyderabad,2024-11-11 13:11:00,99.0,0,UPI,52,Delivered,3.3
4767,310,6,4,Mumbai,2024-07-21 11:48:00,362.1,10,Debit Card,25,Delivered,3.6
4768,17,36,12,Bangalore,2024-07-19 08:57:00,601.23,0,Debit Card,23,Delivered,3.7
4769,170,35,10,Hyderabad,2024-09-15 22:20:00,661.32,0,Credit Card,37,Delivered,3.6
4770,280,39,11,Lucknow,2024-01-23 16:53:00,135.24,50,Credit Card,31,Delivered,4.1
4771,304,39,11,Lucknow,2024-12-04 20:54:00,150.1,0,Wallet,54,Delivered,3.5
4772,340,16,1,Lucknow,2024-11-13 14:26:00,711.43,30,Cash on Delivery,49,Delivered,3.6
4773,214,2,12,Jaipur,2024-12-21 19:54:00,150.13,0,Debit Card,50,Delivered,4.2
4774,198,8,14,Ahmedabad,2024-01-27 21:33:00,99.0,20,UPI,40,Delivered,5.0
4775,7,15,14,Hyderabad,2024-10-15 19:30:00,151.19,20,Credit Card,42,Delivered,4.4
4776,398,27,6,Ahmedabad,2024-12-17 09:19:00,348.93,0,Cash on Delivery,31,Delivered,4.3
4777,11,16,1,Lucknow,2024-08-14 22:57:00,987.84,0,UPI,42,Cancelled,
4778,12,1,6,Mumbai,2024-10-20 13:44:00,115.77,30,Credit Card,28,Delivered,3.9
4779,110,59,11,Jaipur,2024-02-10 16:51:00,99.0,20,UPI,34,Delivered,2.9
4780,133,10,10,Mumbai,2024-07-09 22:12:00,211.56,20,UPI,21,Delivered,4.0
4781,389,7,14,Ahmedabad,2024-10-04 09:25:00,860.35,0,UPI,31,Delivered,3.5
4782,128,48,4,Pune,2024-05-21 18:37:00,128.55,10,UPI,41,Delivered,4.7
4783,148,10,10,Mumbai,2024-04-07 15:35:00,185.25,20,Credit Card,46,Delivered,5.0
4784,54,12,12,Bangalore,2024-10-03 15:45:00,150.99,10,Wallet,40,Delivered,3.6
4785,311,17,1,Kolkata,2024-02-12 15:27:00,496.27,10,Credit Card,49,Delivered,4.1
4786,79,45,14,Bangalore,2024-02-15 19:47:00,187.18,20,Credit Card,21,Delivered,3.3
4787,346,12,12,Bangalore,2024-07-16 11:30:00,145.4,30,Cash on Delivery,40,Cancelled,
4788,97,15,14,Hyderabad,2024-06-09 19:06:00,156.18,30,UPI,26,Refunded,
4789,249,46,1,Kolkata,2024-01-08 16:01:00,328.69,0,UPI,39,Delivered,4.6
4790,127,51,7,Kolkata,2024-02-21 20:36:00,99.0,0,UPI,27,Delivered,4.8
4791,30,32,5,Bangalore,2024-10-26 08:52:00,412.73,30,Cash on Delivery,29,Delivered,4.4
4792,24,32,5,Bangalore,2024-02-07 10:59:00,540.32,0,Debit Card,44,Cancelled,
4793,201,51,7,Kolkata,2024-08-18 21:05:00,112.78,0,UPI,37,Delivered,4.3
4794,131,26,7,Kolkata,2024-03-08 10:36:00,387.07,0,Debit Card,27,Delivered,4.1
4795,122,14,7,Mumbai,2024-07-04 16:08:00,341.82,20,Wallet,20,Delivered,4.4
4796,356,50,14,Hyderabad,2024-01-13 18:21:00,179.05,0,UPI,26,Delivered,3.9
4797,327,26,7,Kolkata,2024-08-07 21:51:00,452.05,0,Debit Card,34,Delivered,3.9
4798,150,5,12,Ahmedabad,2024-12-21 09:57:00,541.58,0,UPI,23,Delivered,4.9
4799,14,52,2,Kolkata,2024-02-05 15:44:00,99.0,0,Credit Card,37,Delivered,4.6
4800,304,38,15,Hyderabad,2024-07-11 20:49:00,99.0,30,Credit Card,24,Delivered,3.8
4801,29,50,14,Hyderabad,2024-02-01 09:42:00,234.77,20,Cash on Delivery,33,Delivered,5.0
4802,50,46,1,Kolkata,2024-12-16 21:53:00,231.63,20,Debit Card,38,Delivered,3.7
4803,240,4,12,Jaipur,2024-02-16 21:47:00,380.76,30,Debit Card,30,Cancelled,
4804,394,28,8,Hyderabad,2024-11-06 20:46:00,602.1,20,UPI,46,Delivered,5.0
4805,283,55,5,Bangalore,2024-03-03 10:26:00,229.38,0,UPI,39,Delivered,3.3
4806,335,1,6,Mumbai,2024-04-10 12:42:00,203.64,50,Debit Card,26,Delivered,4.0
4807,352,13,9,Bangalore,2024-04-01 11:56:00,311.88,10,UPI,24,Delivered,4.4
4808,156,43,4,Lucknow,2024-08-03 19:35:00,988.39,50,UPI,51,Cancelled,
4809,137,3,12,Kolkata,2024-11-15 09:24:00,238.42,0,UPI,46,Delivered,4.3
4810,327,49,12,Pune,2024-07-14 21:38:00,251.45,30,UPI,31,Delivered,4.2
4811,336,50,14,Hyderabad,2024-03-30 15:23:00,219.53,0,UPI,38,Delivered,4.9
4812,154,25,3,Kolkata,2024-07-26 11:14:00,115.8,0,Cash on Delivery,32,Delivered,4.4
4813,81,42,9,Jaipur,2024-09-19 17:16:00,298.31,0,UPI,42,Delivered,4.4
4814,87,16,1,Lucknow,2024-12-07 13:53:00,744.19,0,Debit Card,37,Delivered,3.7
4815,264,21,9,Jaipur,2024-03-04 19:17:00,398.7,0,Credit Card,15,Delivered,4.6
4816,258,13,9,Bangalore,2024-11-07 21:46:00,435.81,30,Cash on Delivery,46,Delivered,3.8
4817,185,52,2,Kolkata,2024-09-12 22:36:00,99.0,20,Credit Card,49,Refunded,
4818,180,44,1,Lucknow,2024-01-16 12:01:00,352.75,20,Wallet,30,Delivered,4.8
4819,186,36,12,Bangalore,2024-08-31 19:56:00,575.99,10,UPI,38,Delivered,5.0
4820,123,8,14,Ahmedabad,2024-04-14 13:26:00,99.0,30,Debit Card,46,Delivered,4.1
4821,377,44,1,Lucknow,2024-10-13 16:35:00,272.8,0,UPI,69,Cancelled,
4822,96,19,11,Jaipur,2024-02-16 18:00:00,693.55,10,Cash on Delivery,40,Delivered,4.4
4823,93,47,10,Mumbai,2024-11-01 20:00:00,201.83,0,UPI,38,Delivered,4.3
4824,3,60,1,Hyderabad,2024-07-18 16:15:00,99.0,50,UPI,44,Delivered,4.1
4825,392,16,1,Lucknow,2024-01-28 13:17:00,537.52,50,UPI,45,Delivered,4.0
4826,2,12,12,Bangalore,2024-10-04 16:11:00,155.57,20,Cash on Delivery,40,Delivered,3.4
4827,371,20,14,Kolkata,2024-05-26 16:49:00,128.75,50,UPI,22,Delivered,3.7
4828,305,18,9,Lucknow,2024-11-10 12:58:00,912.28,30,Debit Card,37,Delivered,4.2
4829,357,54,1,Kolkata,2024-06-15 18:09:00,105.13,20,Wallet,38,Delivered,5.0
4830,148,12,12,Bangalore,2024-08-26 16:06:00,128.3,50,UPI,20,Delivered,4.3
4831,285,48,4,Pune,2024-09-08 12:46:00,249.14,10,Wallet,41,Delivered,4.8
4832,145,25,3,Kolkata,2024-06-28 19:51:00,99.0,0,UPI,24,Delivered,3.1
4833,330,60,1,Hyderabad,2024-07-25 17:23:00,99.0,10,Cash on Delivery,48,Delivered,4.9
4834,361,52,2,Kolkata,2024-01-26 20:25:00,194.55,30,Wallet,27,Delivered,4.5
4835,262,11,7,Ahmedabad,2024-12-11 17:09:00,340.8,0,Wallet,44,Delivered,4.7
4836,62,22,4,Ahmedabad,2024-01-17 12:13:00,272.71,30,Credit Card,28,Delivered,2.9
4837,226,52,2,Kolkata,2024-09-14 20:26:00,249.32,0,Wallet,48,Delivered,3.9
4838,31,46,1,Kolkata,2024-03-11 17:55:00,287.97,30,UPI,49,Delivered,3.5
4839,190,34,3,Bangalore,2024-04-27 16:21:00,201.29,0,Credit Card,41,Cancelled,
4840,375,13,9,Bangalore,2024-01-23 14:47:00,280.31,0,UPI,29,Delivered,4.5
4841,268,46,1,Kolkata,2024-03-13 18:23:00,233.2,10,UPI,39,Delivered,4.4
4842,12,38,15,Hyderabad,2024-12-14 08:19:00,99.0,0,Cash on Delivery,28,Delivered,4.7
4843,191,12,12,Bangalore,2024-07-17 18:39:00,150.13,10,UPI,24,Delivered,3.9
4844,400,39,11,Lucknow,2024-09-19 19:18:00,99.0,0,Wallet,30,Delivered,4.6
4845,25,36,12,Bangalore,2024-03-24 19:38:00,730.74,30,Debit Card,34,Delivered,4.1
4846,91,28,8,Hyderabad,2024-10-22 14:05:00,761.74,0,Wallet,29,Delivered,4.8
4847,88,27,6,Ahmedabad,2024-10-07 16:58:00,341.73,10,Cash on Delivery,32,Delivered,4.5
4848,332,39,11,Lucknow,2024-12-24 15:21:00,127.99,0,Cash on Delivery,29,Delivered,3.7
4849,274,13,9,Bangalore,2024-08-28 08:47:00,203.25,0,UPI,35,Delivered,4.3
4850,301,43,4,Lucknow,2024-12-07 09:07:00,638.86,50,Credit Card,33,Delivered,3.3
4851,111,40,6,Kolkata,2024-04-22 20:17:00,225.37,0,UPI,20,Delivered,4.8
4852,80,27,6,Ahmedabad,2024-08-03 19:53:00,538.66,0,UPI,35,Delivered,4.5
4853,324,51,7,Kolkata,2024-11-11 17:01:00,151.4,30,UPI,27,Delivered,4.5
4854,140,31,14,Chennai,2024-07-12 18:13:00,149.22,0,Debit Card,26,Delivered,4.7
4855,214,2,12,Jaipur,2024-10-30 14:52:00,189.17,0,UPI,26,Delivered,4.2
4856,18,53,3,Pune,2024-09-01 15:11:00,421.69,0,Credit Card,37,Delivered,3.2
4857,54,18,9,Lucknow,2024-08-11 19:54:00,946.91,10,Credit Card,39,Delivered,4.7
4858,368,26,7,Kolkata,2024-08-04 11:25:00,559.67,0,UPI,36,Cancelled,
4859,97,53,3,Pune,2024-02-05 09:02:00,685.63,50,Debit Card,42,Delivered,3.7
4860,283,42,9,Jaipur,2024-09-13 08:06:00,354.51,30,Debit Card,35,Delivered,3.6
4861,234,31,14,Chennai,2024-11-13 21:04:00,136.75,0,Wallet,36,Delivered,4.6
4862,240,38,15,Hyderabad,2024-05-26 14:45:00,104.26,0,UPI,26,Delivered,3.8
4863,334,56,1,Chennai,2024-06-10 10:48:00,736.32,0,Credit Card,40,Delivered,4.2
4864,344,22,4,Ahmedabad,2024-12-12 16:37:00,246.06,50,Credit Card,34,Delivered,4.5
4865,54,36,12,Bangalore,2024-06-26 16:25:00,701.3,50,Wallet,41,Delivered,4.5
4866,87,19,11,Jaipur,2024-02-25 21:13:00,340.95,0,Credit Card,34,Delivered,4.8
4867,261,14,7,Mumbai,2024-07-24 16:35:00,351.59,20,Credit Card,35,Delivered,3.8
4868,236,14,7,Mumbai,2024-08-26 22:31:00,393.64,10,UPI,27,Delivered,3.9
4869,123,50,14,Hyderabad,2024-03-22 21:57:00,105.95,0,UPI,33,Delivered,4.3
4870,54,29,11,Bangalore,2024-07-11 17:19:00,343.22,10,UPI,55,Delivered,3.3
4871,216,17,1,Kolkata,2024-03-14 17:58:00,489.66,10,Cash on Delivery,16,Delivered,3.6
4872,197,50,14,Hyderabad,2024-08-03 09:27:00,214.6,0,Debit Card,30,Delivered,3.6
4873,39,50,14,Hyderabad,2024-02-09 08:32:00,294.43,0,UPI,43,Delivered,2.8
4874,365,37,8,Mumbai,2024-03-11 16:15:00,448.07,0,Credit Card,28,Delivered,3.8
4875,228,9,11,Bangalore,2024-12-19 19:22:00,99.0,0,UPI,36,Delivered,4.1
4876,237,1,6,Mumbai,2024-10-25 09:24:00,154.81,20,Cash on Delivery,34,Delivered,4.2
4877,132,4,12,Jaipur,2024-09-25 15:10:00,510.38,50,Cash on Delivery,44,Refunded,
4878,330,58,1,Lucknow,2024-02-21 10:16:00,340.55,0,Wallet,33,Delivered,3.8
4879,321,7,14,Ahmedabad,2024-06-13 20:26:00,478.68,10,UPI,19,Delivered,3.6
4880,168,11,7,Ahmedabad,2024-12-05 08:41:00,186.84,0,Debit Card,52,Delivered,4.0
4881,37,14,7,Mumbai,2024-12-17 15:55:00,308.47,20,Wallet,34,Delivered,3.8
4882,67,42,9,Jaipur,2024-08-08 15:18:00,413.99,0,Debit Card,37,Delivered,2.7
4883,111,19,11,Jaipur,2024-07-16 19:59:00,524.66,0,UPI,30,Delivered,3.6
4884,219,40,6,Kolkata,2024-12-24 16:20:00,310.29,20,Debit Card,37,Delivered,4.3
4885,209,3,12,Kolkata,2024-09-05 13:41:00,189.25,30,Debit Card,45,Cancelled,
4886,381,8,14,Ahmedabad,2024-07-20 17:51:00,99.0,0,UPI,34,Delivered,4.1
4887,87,29,11,Bangalore,2024-06-05 08:16:00,347.13,10,UPI,27,Delivered,4.2
4888,303,50,14,Hyderabad,2024-10-12 17:52:00,142.95,30,Debit Card,22,Delivered,4.5
4889,179,37,8,Mumbai,2024-08-25 10:52:00,627.97,0,Cash on Delivery,47,Delivered,4.3
4890,13,52,2,Kolkata,2024-03-25 08:45:00,206.29,0,Wallet,31,Delivered,4.2
4891,300,43,4,Lucknow,2024-12-25 12:52:00,867.8,30,UPI,41,Cancelled,
4892,125,9,11,Bangalore,2024-12-26 15:44:00,99.0,50,Cash on Delivery,42,Delivered,3.9
4893,375,19,11,Jaipur,2024-06-25 10:59:00,600.06,30,UPI,33,Delivered,3.7
4894,233,12,12,Bangalore,2024-03-21 08:36:00,169.66,0,Wallet,34,Delivered,4.1
4895,251,27,6,Ahmedabad,2024-11-21 17:01:00,298.93,0,UPI,35,Delivered,3.5
4896,387,37,8,Mumbai,2024-02-28 16:47:00,1256.08,0,UPI,43,Delivered,4.5
4897,126,48,4,Pune,2024-10-19 22:11:00,142.97,0,UPI,27,Delivered,3.5
4898,235,58,1,Lucknow,2024-04-08 21:47:00,305.09,50,Debit Card,33,Delivered,4.9
4899,138,25,3,Kolkata,2024-09-18 22:14:00,108.33,0,UPI,38,Delivered,4.1
4900,49,45,14,Bangalore,2024-07-07 11:12:00,175.18,0,Cash on Delivery,38,Delivered,4.8
4901,380,38,15,Hyderabad,2024-10-26 17:45:00,102.71,20,Credit Card,41,Delivered,3.5
4902,186,48,4,Pune,2024-04-04 09:28:00,232.02,30,Credit Card,22,Delivered,5.0
4903,205,50,14,Hyderabad,2024-05-10 16:10:00,371.28,50,UPI,32,Delivered,3.4
4904,78,17,1,Kolkata,2024-07-21 16:21:00,226.17,0,UPI,39,Delivered,4.1
4905,386,44,1,Lucknow,2024-10-24 17:45:00,99.0,20,UPI,22,Delivered,3.3
4906,194,59,11,Jaipur,2024-03-13 11:58:00,99.0,50,Debit Card,53,Delivered,4.1
4907,103,33,1,Mumbai,2024-01-21 17:21:00,396.38,10,Credit Card,20,Delivered,4.0
4908,105,39,11,Lucknow,2024-06-05 22:08:00,119.96,0,UPI,24,Delivered,2.7
4909,376,14,7,Mumbai,2024-03-01 12:39:00,257.23,0,Credit Card,28,Delivered,4.2
4910,287,28,8,Hyderabad,2024-07-21 08:52:00,715.76,0,UPI,27,Delivered,4.4
4911,324,18,9,Lucknow,2024-04-15 08:57:00,1095.75,50,Credit Card,40,Delivered,3.6
4912,211,55,5,Bangalore,2024-11-13 13:38:00,190.68,10,Wallet,36,Delivered,3.9
4913,250,33,1,Mumbai,2024-11-11 21:04:00,599.5,0,UPI,26,Delivered,4.0
4914,293,52,2,Kolkata,2024-04-22 13:25:00,237.23,0,Cash on Delivery,56,Delivered,5.0
4915,201,42,9,Jaipur,2024-03-10 18:09:00,579.95,0,Cash on Delivery,43,Cancelled,
4916,24,15,14,Hyderabad,2024-06-15 14:33:00,107.57,0,Credit Card,38,Delivered,4.2
4917,300,11,7,Ahmedabad,2024-01-31 19:50:00,357.74,50,Debit Card,42,Delivered,3.8
4918,83,36,12,Bangalore,2024-04-17 13:02:00,421.22,10,Credit Card,39,Delivered,3.4
4919,297,15,14,Hyderabad,2024-07-12 11:04:00,163.51,0,UPI,37,Delivered,3.1
4920,179,53,3,Pune,2024-10-07 10:34:00,548.14,10,Cash on Delivery,40,Delivered,4.0
4921,298,48,4,Pune,2024-10-04 12:21:00,320.51,50,Cash on Delivery,35,Delivered,4.2
4922,364,30,9,Ahmedabad,2024-07-21 10:30:00,256.06,0,Wallet,42,Delivered,3.4
4923,206,58,1,Lucknow,2024-08-24 12:07:00,136.2,20,Debit Card,36,Delivered,3.2
4924,40,15,14,Hyderabad,2024-07-10 11:41:00,192.49,10,UPI,32,Cancelled,
4925,304,49,12,Pune,2024-01-04 09:50:00,181.5,0,Cash on Delivery,51,Delivered,4.4
4926,113,23,13,Delhi,2024-01-20 17:08:00,464.36,0,Debit Card,36,Delivered,4.7
4927,340,43,4,Lucknow,2024-03-20 17:37:00,907.95,50,Debit Card,33,Delivered,3.9
4928,4,50,14,Hyderabad,2024-01-25 11:40:00,153.93,10,Cash on Delivery,26,Delivered,4.4
4929,108,60,1,Hyderabad,2024-02-28 20:40:00,99.0,0,Wallet,25,Delivered,4.0
4930,316,48,4,Pune,2024-02-07 12:18:00,284.15,30,UPI,35,Delivered,5.0
4931,114,59,11,Jaipur,2024-09-26 22:20:00,115.41,10,UPI,31,Delivered,4.1
4932,167,15,14,Hyderabad,2024-01-03 12:52:00,176.87,10,Debit Card,28,Cancelled,
4933,261,29,11,Bangalore,2024-01-16 21:08:00,176.12,0,Debit Card,48,Delivered,4.9
4934,106,11,7,Ahmedabad,2024-08-26 14:13:00,484.67,0,Debit Card,45,Delivered,4.4
4935,224,45,14,Bangalore,2024-05-13 12:14:00,183.35,20,Credit Card,25,Delivered,3.8
4936,262,18,9,Lucknow,2024-11-23 09:39:00,650.07,10,Credit Card,32,Cancelled,
4937,251,40,6,Kolkata,2024-05-08 17:48:00,280.64,0,UPI,19,Delivered,4.5
4938,14,31,14,Chennai,2024-04-24 12:29:00,150.37,0,Debit Card,30,Delivered,4.1
4939,198,9,11,Bangalore,2024-08-01 11:15:00,99.0,20,UPI,28,Cancelled,
4940,126,22,4,Ahmedabad,2024-09-19 14:49:00,257.12,0,Debit Card,33,Delivered,3.5
4941,206,11,7,Ahmedabad,2024-08-29 09:46:00,525.71,30,Wallet,26,Cancelled,
4942,140,17,1,Kolkata,2024-09-26 22:49:00,329.52,20,UPI,17,Delivered,4.2
4943,62,33,1,Mumbai,2024-07-07 16:13:00,473.07,20,UPI,29,Delivered,3.8
4944,283,11,7,Ahmedabad,2024-08-19 12:28:00,509.62,10,UPI,48,Cancelled,
4945,54,39,11,Lucknow,2024-07-21 12:48:00,99.0,0,UPI,29,Delivered,4.1
4946,346,8,14,Ahmedabad,2024-12-17 11:14:00,99.0,0,UPI,54,Cancelled,
4947,12,51,7,Kolkata,2024-10-01 13:33:00,99.0,0,Credit Card,27,Delivered,4.1
4948,136,57,8,Delhi,2024-11-07 08:11:00,595.11,30,Credit Card,36,Delivered,4.0
4949,330,4,12,Jaipur,2024-01-17 17:27:00,453.58,0,UPI,38,Delivered,3.5
4950,144,36,12,Bangalore,2024-07-28 10:17:00,602.56,0,Cash on Delivery,25,Delivered,4.8
4951,282,19,11,Jaipur,2024-03-18 15:15:00,477.46,0,Wallet,18,Refunded,
4952,136,24,9,Mumbai,2024-11-01 17:17:00,177.91,0,UPI,46,Delivered,4.1
4953,301,41,8,Kolkata,2024-07-26 22:16:00,99.0,0,Cash on Delivery,46,Delivered,4.2
4954,221,49,12,Pune,2024-05-14 19:33:00,347.52,30,UPI,49,Delivered,4.0
4955,340,18,9,Lucknow,2024-01-10 12:20:00,807.41,0,UPI,27,Delivered,3.9
4956,209,33,1,Mumbai,2024-03-23 20:43:00,382.69,20,Debit Card,39,Delivered,4.2
4957,359,46,1,Kolkata,2024-05-11 20:50:00,239.67,10,UPI,35,Delivered,4.9
4958,380,36,12,Bangalore,2024-01-18 20:34:00,909.24,0,UPI,34,Delivered,3.2
4959,123,10,10,Mumbai,2024-10-20 11:23:00,104.79,0,UPI,31,Delivered,3.4
4960,116,55,5,Bangalore,2024-06-20 10:18:00,184.35,50,Wallet,43,Delivered,3.9
4961,157,14,7,Mumbai,2024-04-29 11:32:00,265.97,0,UPI,61,Delivered,3.6
4962,270,7,14,Ahmedabad,2024-03-06 20:57:00,1001.0,0,Cash on Delivery,38,Delivered,5.0
4963,17,12,12,Bangalore,2024-07-07 20:29:00,99.0,30,Cash on Delivery,37,Refunded,
4964,269,22,4,Ahmedabad,2024-04-07 21:50:00,259.76,10,UPI,28,Delivered,3.9
4965,349,27,6,Ahmedabad,2024-09-02 15:47:00,315.04,30,UPI,42,Delivered,4.4
4966,219,48,4,Pune,2024-08-23 08:40:00,182.81,0,UPI,10,Delivered,3.9
4967,319,37,8,Mumbai,2024-08-28 17:17:00,757.61,30,UPI,32,Delivered,2.6
4968,238,11,7,Ahmedabad,2024-10-01 14:56:00,267.42,10,UPI,39,Delivered,3.9
4969,33,36,12,Bangalore,2024-08-03 22:40:00,470.94,0,UPI,37,Delivered,3.4
4970,285,60,1,Hyderabad,2024-10-24 14:51:00,106.23,30,UPI,34,Delivered,4.3
4971,37,13,9,Bangalore,2024-04-25 11:37:00,470.54,0,UPI,17,Delivered,3.9
4972,103,32,5,Bangalore,2024-09-16 12:40:00,286.46,0,Credit Card,50,Delivered,3.6
4973,211,8,14,Ahmedabad,2024-04-17 14:39:00,99.0,30,UPI,37,Delivered,4.0
4974,280,7,14,Ahmedabad,2024-04-26 12:10:00,474.66,50,Wallet,35,Delivered,3.8
4975,142,43,4,Lucknow,2024-11-26 20:13:00,699.25,10,UPI,48,Delivered,4.7
4976,239,43,4,Lucknow,2024-07-06 15:24:00,528.91,0,Debit Card,47,Delivered,4.4
4977,229,58,1,Lucknow,2024-04-24 19:43:00,177.92,30,Wallet,33,Delivered,5.0
4978,133,17,1,Kolkata,2024-12-03 17:06:00,425.22,10,UPI,32,Delivered,4.5
4979,125,22,4,Ahmedabad,2024-09-08 09:43:00,113.33,30,Credit Card,40,Delivered,4.4
4980,53,46,1,Kolkata,2024-05-21 22:15:00,371.67,30,Credit Card,47,Delivered,4.5
4981,88,34,3,Bangalore,2024-01-02 21:29:00,129.45,0,Wallet,45,Delivered,4.5
4982,98,20,14,Kolkata,2024-03-22 22:43:00,334.86,10,Debit Card,25,Delivered,3.0
4983,370,53,3,Pune,2024-11-28 11:48:00,795.95,0,UPI,24,Delivered,4.4
4984,95,8,14,Ahmedabad,2024-02-04 14:41:00,135.94,0,Cash on Delivery,26,Delivered,3.1
4985,188,22,4,Ahmedabad,2024-04-06 13:34:00,264.43,20,Debit Card,40,Delivered,3.0
4986,376,27,6,Ahmedabad,2024-04-09 20:19:00,495.54,10,UPI,31,Delivered,3.4
4987,256,34,3,Bangalore,2024-02-24 10:07:00,212.83,0,Cash on Delivery,40,Cancelled,
4988,73,21,9,Jaipur,2024-11-10 20:06:00,676.82,50,Debit Card,22,Delivered,4.3
4989,362,15,14,Hyderabad,2024-09-14 12:05:00,138.27,20,UPI,27,Delivered,3.3
4990,282,5,12,Ahmedabad,2024-08-07 17:35:00,629.78,20,Wallet,40,Delivered,4.4
4991,18,38,15,Hyderabad,2024-02-14 17:52:00,133.23,10,UPI,20,Delivered,5.0
4992,164,17,1,Kolkata,2024-01-09 18:22:00,461.02,20,Debit Card,53,Delivered,3.9
4993,392,8,14,Ahmedabad,2024-11-26 08:01:00,99.0,20,UPI,46,Delivered,4.2
4994,146,19,11,Jaipur,2024-07-13 18:49:00,573.22,50,Wallet,49,Delivered,3.7
4995,314,5,12,Ahmedabad,2024-05-01 22:42:00,444.6,0,Debit Card,43,Delivered,3.4
4996,253,23,13,Delhi,2024-11-26 22:27:00,627.64,50,Debit Card,16,Delivered,4.0
4997,160,19,11,Jaipur,2024-08-11 16:19:00,618.15,50,Wallet,46,Delivered,3.6
4998,349,14,7,Mumbai,2024-04-01 16:10:00,260.97,0,UPI,42,Delivered,3.8
4999,49,10,10,Mumbai,2024-12-13 08:58:00,246.55,0,UPI,32,Delivered,3.7
5000,176,31,14,Chennai,2024-07-15 17:41:00,156.87,10,Credit Card,30,Delivered,3.3
5001,327,13,9,Bangalore,2024-08-15 09:17:00,345.85,50,Credit Card,43,Delivered,4.0
5002,65,22,4,Ahmedabad,2024-11-28 10:04:00,283.9,0,Credit Card,19,Delivered,2.9
5003,289,37,8,Mumbai,2024-10-02 09:10:00,713.53,30,Debit Card,44,Delivered,4.4
5004,50,39,11,Lucknow,2024-03-02 21:31:00,99.0,30,Debit Card,29,Refunded,
5005,4,10,10,Mumbai,2024-10-14 17:49:00,225.79,0,UPI,37,Delivered,3.1
5006,119,31,14,Chennai,2024-06-14 14:27:00,99.0,50,Wallet,37,Delivered,3.7
5007,340,43,4,Lucknow,2024-11-25 13:54:00,909.49,50,Debit Card,21,Delivered,4.8
5008,373,35,10,Hyderabad,2024-12-02 13:42:00,370.68,0,Wallet,19,Delivered,4.5
5009,164,13,9,Bangalore,2024-04-05 17:55:00,450.83,0,Wallet,37,Delivered,4.1
5010,223,30,9,Ahmedabad,2024-09-06 21:58:00,309.23,30,UPI,34,Delivered,5.0
5011,358,34,3,Bangalore,2024-11-03 11:27:00,254.97,10,Debit Card,38,Delivered,4.2
5012,156,36,12,Bangalore,2024-11-29 17:35:00,961.43,0,UPI,25,Delivered,4.7
5013,387,35,10,Hyderabad,2024-11-21 21:08:00,431.12,50,Cash on Delivery,44,Delivered,3.7
5014,262,47,10,Mumbai,2024-10-03 19:57:00,230.49,0,Cash on Delivery,47,Delivered,2.4
5015,173,4,12,Jaipur,2024-04-04 15:55:00,196.97,20,UPI,32,Delivered,4.2
5016,23,55,5,Bangalore,2024-09-16 22:26:00,362.09,30,Wallet,23,Delivered,4.4
5017,391,53,3,Pune,2024-07-04 16:24:00,306.77,50,Debit Card,29,Delivered,4.3
5018,376,4,12,Jaipur,2024-03-09 13:04:00,398.22,0,Wallet,38,Delivered,3.2
5019,61,47,10,Mumbai,2024-04-24 18:07:00,341.88,20,UPI,39,Delivered,5.0
5020,356,6,4,Mumbai,2024-09-21 22:35:00,438.08,10,Wallet,55,Delivered,3.4
5021,321,55,5,Bangalore,2024-09-05 16:06:00,231.19,30,Debit Card,43,Delivered,4.2
5022,134,28,8,Hyderabad,2024-08-11 15:46:00,366.13,30,Debit Card,32,Delivered,4.3
5023,24,30,9,Ahmedabad,2024-09-27 12:18:00,267.33,0,Cash on Delivery,40,Delivered,4.6
5024,293,27,6,Ahmedabad,2024-10-21 13:58:00,439.98,0,Debit Card,38,Delivered,3.7
5025,45,5,12,Ahmedabad,2024-07-29 16:27:00,563.59,0,Debit Card,35,Delivered,4.4
5026,179,44,1,Lucknow,2024-12-02 17:18:00,272.5,30,UPI,52,Delivered,5.0
5027,356,39,11,Lucknow,2024-05-06 22:30:00,99.0,50,Cash on Delivery,29,Delivered,3.8
5028,358,35,10,Hyderabad,2024-11-26 22:09:00,395.89,50,Debit Card,41,Delivered,3.8
5029,63,39,11,Lucknow,2024-04-16 14:02:00,104.76,20,Cash on Delivery,41,Delivered,3.5
5030,29,44,1,Lucknow,2024-03-02 10:17:00,372.16,50,UPI,53,Delivered,4.2
5031,357,15,14,Hyderabad,2024-06-01 18:19:00,161.85,10,UPI,14,Delivered,3.6
5032,365,19,11,Jaipur,2024-07-04 20:21:00,493.41,20,UPI,47,Delivered,4.5
5033,96,30,9,Ahmedabad,2024-06-26 16:14:00,334.29,30,Cash on Delivery,24,Delivered,3.8
5034,266,38,15,Hyderabad,2024-09-22 12:54:00,107.7,0,UPI,20,Delivered,4.0
5035,291,32,5,Bangalore,2024-09-10 11:28:00,403.72,0,UPI,26,Delivered,3.5
5036,55,40,6,Kolkata,2024-12-17 17:12:00,255.82,10,Debit Card,20,Delivered,5.0
5037,153,29,11,Bangalore,2024-02-16 14:49:00,191.07,20,UPI,47,Delivered,4.2
5038,219,6,4,Mumbai,2024-08-02 22:03:00,201.89,50,Wallet,51,Delivered,3.4
5039,173,26,7,Kolkata,2024-04-22 19:02:00,481.36,20,Credit Card,28,Refunded,
5040,96,27,6,Ahmedabad,2024-12-06 12:01:00,311.51,50,Wallet,33,Delivered,4.3
5041,123,35,10,Hyderabad,2024-11-19 08:14:00,493.21,20,UPI,46,Delivered,3.1
5042,12,28,8,Hyderabad,2024-02-26 08:05:00,942.76,20,UPI,52,Delivered,3.7
5043,4,5,12,Ahmedabad,2024-05-14 10:43:00,605.86,30,UPI,37,Cancelled,
5044,362,41,8,Kolkata,2024-03-03 08:38:00,223.55,20,Cash on Delivery,31,Cancelled,
5045,346,56,1,Chennai,2024-07-29 20:25:00,940.07,0,UPI,21,Delivered,4.4
5046,67,48,4,Pune,2024-06-20 19:21:00,261.82,0,UPI,23,Delivered,4.4
5047,145,54,1,Kolkata,2024-11-28 19:13:00,259.65,50,Wallet,51,Delivered,4.6
5048,65,16,1,Lucknow,2024-12-07 21:43:00,968.14,20,UPI,23,Refunded,
5049,82,41,8,Kolkata,2024-08-23 18:37:00,128.07,0,Cash on Delivery,39,Delivered,4.9
5050,105,18,9,Lucknow,2024-07-05 17:51:00,324.49,30,Cash on Delivery,33,Delivered,4.0
5051,181,13,9,Bangalore,2024-11-14 20:55:00,229.78,50,UPI,32,Refunded,
5052,340,43,4,Lucknow,2024-04-14 09:38:00,647.22,10,Debit Card,19,Delivered,4.6
5053,105,25,3,Kolkata,2024-02-10 16:43:00,127.86,10,Debit Card,33,Delivered,4.6
5054,226,10,10,Mumbai,2024-06-13 08:53:00,194.21,30,UPI,51,Delivered,4.6
5055,371,29,11,Bangalore,2024-11-30 15:32:00,256.82,0,UPI,35,Delivered,3.2
5056,28,10,10,Mumbai,2024-01-18 20:28:00,209.81,50,Cash on Delivery,41,Delivered,4.3
5057,16,6,4,Mumbai,2024-12-17 08:04:00,348.22,0,UPI,20,Delivered,3.9
5058,277,16,1,Lucknow,2024-07-28 22:57:00,924.54,50,Credit Card,34,Delivered,4.9
5059,333,25,3,Kolkata,2024-11-25 21:35:00,99.0,0,Debit Card,33,Delivered,4.2
5060,298,44,1,Lucknow,2024-01-05 09:23:00,213.87,10,UPI,34,Delivered,3.9
5061,54,4,12,Jaipur,2024-05-24 22:06:00,306.57,20,Wallet,39,Delivered,3.9
5062,288,37,8,Mumbai,2024-12-13 13:21:00,777.03,50,UPI,37,Delivered,3.9
5063,114,34,3,Bangalore,2024-09-27 12:14:00,136.86,50,UPI,25,Delivered,4.2
5064,38,19,11,Jaipur,2024-08-29 09:24:00,642.25,0,Debit Card,28,Delivered,4.3
5065,370,33,1,Mumbai,2024-02-22 12:54:00,274.88,20,UPI,35,Delivered,4.0
5066,230,4,12,Jaipur,2024-12-23 09:26:00,213.1,50,Debit Card,56,Delivered,3.9
5067,166,44,1,Lucknow,2024-04-22 12:03:00,313.98,0,Wallet,27,Delivered,3.5
5068,182,34,3,Bangalore,2024-03-23 09:25:00,183.44,0,UPI,30,Delivered,5.0
5069,205,12,12,Bangalore,2024-08-13 21:14:00,171.2,20,UPI,32,Cancelled,
5070,366,31,14,Chennai,2024-10-16 11:18:00,127.54,0,UPI,38,Delivered,3.9
5071,245,16,1,Lucknow,2024-09-21 14:29:00,840.7,20,Cash on Delivery,45,Delivered,4.2
5072,359,2,12,Jaipur,2024-11-28 18:43:00,195.32,0,UPI,39,Delivered,4.3
5073,333,49,12,Pune,2024-07-25 21:55:00,203.25,0,UPI,25,Delivered,4.3
5074,396,58,1,Lucknow,2024-09-21 20:22:00,288.44,20,Debit Card,41,Cancelled,
5075,309,60,1,Hyderabad,2024-09-02 11:52:00,153.87,30,Credit Card,50,Delivered,3.8
5076,121,2,12,Jaipur,2024-09-15 09:18:00,184.71,30,UPI,35,Delivered,4.5
5077,259,36,12,Bangalore,2024-01-23 15:48:00,571.53,30,Wallet,32,Refunded,
5078,210,6,4,Mumbai,2024-12-26 19:13:00,330.14,0,UPI,53,Delivered,5.0
5079,310,60,1,Hyderabad,2024-10-28 22:02:00,99.0,20,Credit Card,22,Delivered,4.5
5080,296,23,13,Delhi,2024-09-27 10:23:00,489.52,0,UPI,36,Delivered,4.4
5081,194,39,11,Lucknow,2024-04-19 15:04:00,144.75,0,Wallet,39,Delivered,4.5
5082,68,55,5,Bangalore,2024-07-08 10:03:00,280.59,10,UPI,38,Delivered,4.1
5083,114,47,10,Mumbai,2024-07-24 11:23:00,365.38,0,UPI,41,Cancelled,
5084,220,52,2,Kolkata,2024-01-06 14:56:00,225.57,20,UPI,23,Delivered,3.9
5085,220,44,1,Lucknow,2024-01-31 13:34:00,250.91,20,Wallet,32,Delivered,5.0
5086,218,37,8,Mumbai,2024-07-25 20:02:00,759.72,10,UPI,31,Refunded,
5087,237,46,1,Kolkata,2024-11-25 09:32:00,270.11,0,UPI,24,Delivered,5.0
5088,386,16,1,Lucknow,2024-12-01 18:09:00,1248.06,20,Debit Card,21,Delivered,3.8
5089,298,43,4,Lucknow,2024-10-15 11:02:00,908.18,0,UPI,48,Cancelled,
5090,94,44,1,Lucknow,2024-05-19 16:43:00,233.09,0,Cash on Delivery,37,Delivered,4.8
5091,253,19,11,Jaipur,2024-01-13 15:43:00,471.0,0,Cash on Delivery,26,Delivered,4.4
5092,357,49,12,Pune,2024-11-08 20:36:00,285.46,30,UPI,26,Cancelled,
5093,215,24,9,Mumbai,2024-12-21 12:46:00,134.72,0,Debit Card,35,Delivered,4.2
5094,380,58,1,Lucknow,2024-07-22 10:20:00,248.66,0,UPI,44,Delivered,5.0
5095,258,27,6,Ahmedabad,2024-02-29 10:20:00,375.42,30,Credit Card,26,Delivered,4.2
5096,347,7,14,Ahmedabad,2024-12-28 21:52:00,859.3,0,Cash on Delivery,41,Delivered,4.3
5097,240,30,9,Ahmedabad,2024-03-13 08:11:00,242.59,30,Credit Card,49,Cancelled,
5098,315,41,8,Kolkata,2024-07-04 21:05:00,116.12,50,UPI,40,Delivered,4.4
5099,214,14,7,Mumbai,2024-03-05 13:33:00,246.59,50,UPI,27,Delivered,3.4
5100,98,58,1,Lucknow,2024-02-25 18:02:00,307.62,0,Wallet,34,Delivered,4.3
5101,16,52,2,Kolkata,2024-07-08 13:05:00,286.71,20,Wallet,32,Delivered,3.3
5102,154,44,1,Lucknow,2024-07-09 11:20:00,386.59,20,UPI,30,Delivered,4.5
5103,16,15,14,Hyderabad,2024-09-14 17:30:00,99.0,10,UPI,35,Delivered,4.4
5104,198,12,12,Bangalore,2024-03-30 15:31:00,99.0,0,Wallet,30,Delivered,4.8
5105,108,53,3,Pune,2024-01-10 14:57:00,341.41,0,Credit Card,26,Delivered,4.5
5106,23,53,3,Pune,2024-11-21 14:27:00,725.84,50,Credit Card,40,Delivered,5.0
5107,42,29,11,Bangalore,2024-04-22 21:13:00,344.55,50,Cash on Delivery,44,Delivered,3.3
5108,37,23,13,Delhi,2024-02-24 08:33:00,1343.85,10,UPI,45,Delivered,4.1
5109,328,13,9,Bangalore,2024-04-14 19:50:00,415.6,10,Debit Card,25,Delivered,4.7
5110,390,9,11,Bangalore,2024-01-22 22:06:00,102.86,50,Wallet,45,Delivered,4.8
5111,165,24,9,Mumbai,2024-04-14 12:15:00,172.67,0,UPI,51,Delivered,3.8
5112,116,39,11,Lucknow,2024-10-02 18:43:00,111.23,20,Debit Card,25,Delivered,4.8
5113,150,30,9,Ahmedabad,2024-02-16 09:18:00,313.08,0,Debit Card,26,Delivered,3.2
5114,6,1,6,Mumbai,2024-10-30 22:04:00,204.49,30,Wallet,22,Delivered,3.6
5115,32,60,1,Hyderabad,2024-08-29 20:03:00,99.0,30,UPI,24,Delivered,4.3
5116,145,10,10,Mumbai,2024-06-12 14:14:00,331.52,0,Wallet,49,Delivered,4.3
5117,294,38,15,Hyderabad,2024-04-19 19:02:00,99.0,20,UPI,26,Delivered,4.9
5118,293,58,1,Lucknow,2024-12-17 17:39:00,338.74,30,Credit Card,42,Delivered,4.6
5119,177,47,10,Mumbai,2024-04-11 13:13:00,275.25,0,UPI,20,Delivered,3.8
5120,177,15,14,Hyderabad,2024-12-02 12:50:00,134.06,50,Wallet,21,Delivered,4.9
5121,61,9,11,Bangalore,2024-04-21 22:57:00,99.0,0,UPI,27,Delivered,4.4
5122,77,13,9,Bangalore,2024-09-27 08:23:00,188.5,0,Wallet,41,Delivered,4.6
5123,383,23,13,Delhi,2024-07-01 14:11:00,1014.77,0,Credit Card,33,Delivered,4.6
5124,86,33,1,Mumbai,2024-01-10 21:41:00,490.28,0,Cash on Delivery,34,Cancelled,
5125,191,9,11,Bangalore,2024-10-24 11:30:00,117.78,50,UPI,27,Delivered,4.0
5126,7,3,12,Kolkata,2024-09-23 13:15:00,366.56,0,UPI,30,Delivered,4.7
5127,85,30,9,Ahmedabad,2024-07-19 22:13:00,176.56,0,Debit Card,24,Delivered,4.3
5128,262,9,11,Bangalore,2024-09-02 17:07:00,99.0,20,Credit Card,42,Delivered,4.6
5129,398,52,2,Kolkata,2024-05-31 15:18:00,175.74,10,UPI,38,Delivered,5.0
5130,400,25,3,Kolkata,2024-06-06 17:21:00,99.0,10,Debit Card,32,Refunded,
5131,259,47,10,Mumbai,2024-02-24 16:57:00,190.06,10,UPI,32,Cancelled,
5132,393,24,9,Mumbai,2024-04-17 22:47:00,135.65,0,Debit Card,38,Delivered,4.0
5133,47,32,5,Bangalore,2024-05-11 12:07:00,211.62,0,UPI,44,Delivered,4.7
5134,341,7,14,Ahmedabad,2024-07-16 22:35:00,548.19,0,UPI,29,Delivered,3.9
5135,94,36,12,Bangalore,2024-09-01 18:04:00,735.19,30,Wallet,42,Delivered,3.8
5136,224,25,3,Kolkata,2024-06-26 15:46:00,153.61,20,Credit Card,29,Refunded,
5137,279,20,14,Kolkata,2024-09-30 11:27:00,173.56,0,Cash on Delivery,33,Delivered,4.1
5138,3,17,1,Kolkata,2024-09-17 21:00:00,528.82,0,UPI,33,Delivered,4.1
5139,129,54,1,Kolkata,2024-03-26 09:45:00,213.27,10,UPI,46,Delivered,4.4
5140,323,36,12,Bangalore,2024-03-09 22:05:00,848.32,0,Credit Card,30,Delivered,3.4
5141,249,26,7,Kolkata,2024-03-31 15:24:00,521.72,20,UPI,14,Delivered,4.4
5142,229,19,11,Jaipur,2024-12-14 22:27:00,221.97,0,UPI,25,Delivered,4.0
5143,327,60,1,Hyderabad,2024-01-16 13:52:00,99.0,50,UPI,54,Refunded,
5144,131,37,8,Mumbai,2024-10-02 09:33:00,879.06,0,UPI,18,Delivered,3.0
5145,228,48,4,Pune,2024-07-10 14:44:00,202.77,0,UPI,16,Delivered,4.3
5146,177,3,12,Kolkata,2024-04-22 08:47:00,126.57,0,Wallet,43,Delivered,4.9
5147,323,43,4,Lucknow,2024-05-28 09:39:00,701.07,0,Credit Card,42,Delivered,4.7
5148,311,57,8,Delhi,2024-08-10 10:16:00,588.85,0,Debit Card,31,Refunded,
5149,388,28,8,Hyderabad,2024-07-07 09:57:00,467.89,0,UPI,40,Delivered,4.1
5150,31,22,4,Ahmedabad,2024-03-30 14:05:00,176.2,50,Cash on Delivery,31,Refunded,
5151,66,47,10,Mumbai,2024-06-04 15:54:00,363.88,10,UPI,25,Delivered,3.8
5152,206,19,11,Jaipur,2024-09-10 17:44:00,588.4,50,UPI,52,Delivered,4.6
5153,101,53,3,Pune,2024-07-18 10:37:00,738.0,50,UPI,28,Delivered,3.8
5154,320,56,1,Chennai,2024-10-11 14:46:00,665.32,0,Credit Card,22,Delivered,4.1
5155,31,46,1,Kolkata,2024-09-22 18:48:00,331.13,0,Wallet,18,Delivered,5.0
5156,373,16,1,Lucknow,2024-08-18 20:58:00,517.9,0,UPI,48,Delivered,5.0
5157,191,56,1,Chennai,2024-10-27 10:50:00,936.82,30,Wallet,37,Delivered,4.0
5158,66,6,4,Mumbai,2024-08-26 12:30:00,235.65,0,Wallet,43,Delivered,4.5
5159,303,37,8,Mumbai,2024-09-23 13:17:00,852.86,30,UPI,54,Delivered,5.0
5160,235,31,14,Chennai,2024-05-07 10:05:00,172.85,10,UPI,30,Delivered,4.4
5161,278,53,3,Pune,2024-03-07 21:04:00,603.24,0,Wallet,56,Refunded,
5162,202,49,12,Pune,2024-05-16 19:18:00,174.39,0,UPI,34,Delivered,3.4
5163,350,48,4,Pune,2024-07-23 20:37:00,218.99,0,Cash on Delivery,36,Delivered,4.3
5164,225,34,3,Bangalore,2024-02-12 12:20:00,201.51,0,Wallet,49,Delivered,4.0
5165,83,31,14,Chennai,2024-07-08 21:05:00,206.45,0,Cash on Delivery,35,Delivered,4.0
5166,46,60,1,Hyderabad,2024-06-14 08:10:00,99.0,10,Cash on Delivery,43,Delivered,3.7
5167,89,11,7,Ahmedabad,2024-08-20 12:16:00,243.26,10,Cash on Delivery,30,Cancelled,
5168,186,36,12,Bangalore,2024-09-04 14:06:00,379.8,20,Debit Card,39,Delivered,3.4
5169,375,6,4,Mumbai,2024-06-06 12:00:00,274.29,30,Credit Card,49,Delivered,3.8
5170,189,27,6,Ahmedabad,2024-08-04 18:56:00,348.78,0,UPI,41,Delivered,4.6
5171,246,7,14,Ahmedabad,2024-03-09 21:50:00,682.36,10,Cash on Delivery,31,Delivered,4.7
5172,46,49,12,Pune,2024-01-08 08:18:00,227.8,30,Wallet,36,Delivered,5.0
5173,257,32,5,Bangalore,2024-11-10 14:29:00,567.33,10,Credit Card,31,Delivered,3.8
5174,352,8,14,Ahmedabad,2024-11-30 11:54:00,99.0,0,Credit Card,34,Delivered,3.6
5175,61,60,1,Hyderabad,2024-02-13 18:12:00,133.94,0,Credit Card,50,Delivered,4.6
5176,105,33,1,Mumbai,2024-03-18 12:53:00,446.11,30,Wallet,36,Delivered,3.2
5177,337,57,8,Delhi,2024-01-30 14:46:00,363.08,0,UPI,44,Delivered,2.9
5178,14,47,10,Mumbai,2024-01-13 17:15:00,250.63,0,Debit Card,40,Delivered,4.6
5179,301,52,2,Kolkata,2024-06-20 14:47:00,292.73,0,Wallet,48,Cancelled,
5180,77,44,1,Lucknow,2024-09-03 14:26:00,391.37,30,UPI,25,Delivered,3.6
5181,230,15,14,Hyderabad,2024-02-14 20:54:00,204.11,10,Wallet,37,Delivered,3.7
5182,167,55,5,Bangalore,2024-10-17 22:27:00,287.86,0,Wallet,54,Delivered,4.5
5183,66,27,6,Ahmedabad,2024-01-07 21:49:00,342.73,0,Wallet,28,Delivered,4.1
5184,32,30,9,Ahmedabad,2024-04-19 09:50:00,373.0,30,Credit Card,57,Delivered,3.9
5185,96,22,4,Ahmedabad,2024-10-28 11:31:00,233.57,0,UPI,27,Delivered,3.3
5186,58,47,10,Mumbai,2024-10-20 20:39:00,319.82,20,Cash on Delivery,32,Delivered,3.8
5187,104,29,11,Bangalore,2024-10-14 17:57:00,309.77,20,UPI,43,Refunded,
5188,312,41,8,Kolkata,2024-12-03 09:14:00,138.0,0,UPI,37,Delivered,3.8
5189,134,48,4,Pune,2024-02-21 13:50:00,223.7,10,Wallet,15,Delivered,3.9
5190,217,30,9,Ahmedabad,2024-05-29 12:20:00,377.05,30,Debit Card,39,Cancelled,
5191,67,2,12,Jaipur,2024-03-06 15:52:00,186.37,20,UPI,36,Delivered,4.5
5192,178,15,14,Hyderabad,2024-10-25 09:22:00,174.92,0,UPI,30,Delivered,4.3
5193,374,47,10,Mumbai,2024-07-23 22:40:00,185.51,0,Cash on Delivery,32,Delivered,4.0
5194,247,27,6,Ahmedabad,2024-05-16 08:06:00,582.77,20,Wallet,14,Delivered,4.2
5195,294,7,14,Ahmedabad,2024-02-23 08:01:00,1053.13,50,Credit Card,30,Refunded,
5196,235,27,6,Ahmedabad,2024-05-11 21:31:00,186.13,0,UPI,42,Delivered,5.0
5197,131,21,9,Jaipur,2024-12-21 09:39:00,639.34,20,Debit Card,37,Delivered,4.3
5198,112,13,9,Bangalore,2024-08-30 21:19:00,277.55,20,UPI,45,Delivered,5.0
5199,389,55,5,Bangalore,2024-03-29 17:48:00,271.88,0,UPI,54,Cancelled,
5200,54,17,1,Kolkata,2024-05-15 19:45:00,301.89,10,Credit Card,27,Delivered,3.8
5201,290,11,7,Ahmedabad,2024-05-28 14:31:00,414.49,0,Credit Card,26,Delivered,4.0
5202,239,59,11,Jaipur,2024-01-08 22:36:00,99.0,0,Credit Card,45,Delivered,3.9
5203,240,10,10,Mumbai,2024-01-16 15:41:00,151.81,50,Cash on Delivery,33,Delivered,4.3
5204,295,57,8,Delhi,2024-10-09 15:40:00,577.65,0,Credit Card,33,Refunded,
5205,112,33,1,Mumbai,2024-05-25 10:48:00,309.18,0,Wallet,62,Delivered,4.4
5206,88,14,7,Mumbai,2024-11-03 22:52:00,282.17,10,Cash on Delivery,47,Delivered,4.4
5207,228,37,8,Mumbai,2024-12-12 08:39:00,774.69,0,Debit Card,37,Cancelled,
5208,304,8,14,Ahmedabad,2024-11-17 08:49:00,171.46,10,UPI,40,Delivered,2.7
5209,305,33,1,Mumbai,2024-01-31 20:36:00,322.38,0,Wallet,37,Delivered,3.6
5210,290,7,14,Ahmedabad,2024-12-26 16:33:00,674.35,0,Wallet,22,Refunded,
5211,208,34,3,Bangalore,2024-02-03 10:54:00,157.01,10,UPI,39,Delivered,4.3
5212,356,7,14,Ahmedabad,2024-02-28 10:16:00,1071.69,0,Credit Card,34,Refunded,
5213,391,7,14,Ahmedabad,2024-03-18 21:45:00,773.96,0,UPI,28,Delivered,5.0
5214,274,41,8,Kolkata,2024-06-14 10:00:00,190.32,0,UPI,31,Delivered,3.8
5215,70,54,1,Kolkata,2024-04-21 20:03:00,246.22,20,Credit Card,23,Delivered,5.0
5216,370,36,12,Bangalore,2024-11-12 08:16:00,554.21,20,UPI,20,Cancelled,
5217,220,55,5,Bangalore,2024-06-04 09:25:00,149.34,0,UPI,28,Delivered,3.3
5218,231,7,14,Ahmedabad,2024-05-15 09:58:00,814.16,0,Credit Card,27,Delivered,4.2
5219,290,20,14,Kolkata,2024-01-18 22:58:00,262.16,20,Wallet,54,Delivered,4.0
5220,307,18,9,Lucknow,2024-06-03 17:09:00,584.29,30,Cash on Delivery,49,Delivered,3.8
5221,361,45,14,Bangalore,2024-12-25 19:21:00,221.34,20,Wallet,30,Delivered,4.6
5222,349,43,4,Lucknow,2024-01-16 19:10:00,1166.22,0,Credit Card,40,Delivered,4.1
5223,255,41,8,Kolkata,2024-07-30 10:00:00,226.86,50,Debit Card,35,Delivered,3.2
5224,142,14,7,Mumbai,2024-10-09 10:11:00,101.33,50,Cash on Delivery,30,Delivered,2.9
5225,69,40,6,Kolkata,2024-01-30 16:52:00,356.28,10,Debit Card,26,Delivered,3.5
5226,89,53,3,Pune,2024-11-05 12:00:00,798.4,20,UPI,32,Delivered,4.5
5227,359,14,7,Mumbai,2024-10-31 11:14:00,289.68,0,UPI,30,Delivered,4.0
5228,136,21,9,Jaipur,2024-06-27 18:07:00,525.7,10,Wallet,33,Cancelled,
5229,143,49,12,Pune,2024-08-02 22:26:00,133.94,30,UPI,56,Delivered,4.7
5230,339,59,11,Jaipur,2024-04-12 22:07:00,99.0,10,UPI,34,Delivered,4.0
5231,187,57,8,Delhi,2024-11-09 14:41:00,453.96,0,Credit Card,23,Delivered,4.3
5232,11,27,6,Ahmedabad,2024-03-22 11:46:00,311.87,50,Wallet,33,Cancelled,
5233,148,46,1,Kolkata,2024-08-22 13:02:00,211.79,0,UPI,47,Delivered,5.0
5234,292,26,7,Kolkata,2024-11-30 10:46:00,518.53,0,Debit Card,55,Cancelled,
5235,338,27,6,Ahmedabad,2024-02-07 08:13:00,317.85,0,UPI,21,Delivered,4.0
5236,398,24,9,Mumbai,2024-04-26 08:25:00,291.17,50,Credit Card,35,Delivered,5.0
5237,38,5,12,Ahmedabad,2024-05-15 09:15:00,511.17,20,Credit Card,39,Delivered,4.5
5238,345,42,9,Jaipur,2024-10-20 17:41:00,460.54,30,UPI,45,Delivered,3.5
5239,208,38,15,Hyderabad,2024-10-19 17:27:00,115.28,20,Wallet,33,Delivered,3.4
5240,210,28,8,Hyderabad,2024-05-19 11:48:00,836.1,0,Cash on Delivery,35,Delivered,3.2
5241,1,42,9,Jaipur,2024-05-21 21:34:00,405.69,50,UPI,31,Delivered,4.1
5242,360,43,4,Lucknow,2024-10-11 19:51:00,974.88,10,UPI,22,Delivered,3.1
5243,65,58,1,Lucknow,2024-03-22 19:01:00,340.69,0,UPI,44,Delivered,5.0
5244,1,32,5,Bangalore,2024-09-14 18:16:00,152.41,20,Wallet,25,Delivered,5.0
5245,243,24,9,Mumbai,2024-09-30 13:18:00,113.77,0,UPI,19,Delivered,3.1
5246,381,6,4,Mumbai,2024-02-27 12:00:00,251.15,0,UPI,30,Delivered,4.3
5247,316,10,10,Mumbai,2024-08-03 20:35:00,133.07,0,Credit Card,18,Delivered,2.9
5248,25,46,1,Kolkata,2024-09-10 22:30:00,194.87,0,UPI,31,Delivered,4.5
5249,347,52,2,Kolkata,2024-03-06 10:52:00,172.83,30,UPI,30,Delivered,4.7
5250,394,3,12,Kolkata,2024-04-04 20:21:00,230.73,0,Debit Card,34,Delivered,4.1
5251,50,7,14,Ahmedabad,2024-01-23 11:22:00,414.49,0,UPI,30,Delivered,4.3
5252,396,29,11,Bangalore,2024-05-10 14:19:00,262.72,0,Wallet,36,Delivered,3.7
5253,348,34,3,Bangalore,2024-04-18 15:56:00,285.36,0,Wallet,54,Delivered,4.1
5254,241,7,14,Ahmedabad,2024-10-21 15:07:00,693.44,20,Credit Card,10,Delivered,4.5
5255,32,17,1,Kolkata,2024-01-18 16:05:00,471.04,0,Credit Card,50,Delivered,4.0
5256,33,13,9,Bangalore,2024-05-22 12:57:00,293.94,30,Debit Card,21,Delivered,4.8
5257,200,58,1,Lucknow,2024-09-17 14:08:00,258.62,0,Debit Card,40,Delivered,3.7
5258,234,21,9,Jaipur,2024-10-23 11:09:00,482.67,10,UPI,48,Delivered,3.9
5259,26,31,14,Chennai,2024-11-19 13:23:00,183.43,30,UPI,33,Delivered,2.9
5260,42,9,11,Bangalore,2024-03-18 16:00:00,99.0,0,Wallet,37,Delivered,5.0
5261,61,45,14,Bangalore,2024-04-18 15:26:00,210.26,0,UPI,42,Cancelled,
5262,41,47,10,Mumbai,2024-09-19 16:42:00,206.73,0,Debit Card,45,Delivered,2.9
5263,130,13,9,Bangalore,2024-12-20 17:11:00,360.32,10,Debit Card,23,Cancelled,
5264,355,17,1,Kolkata,2024-12-06 10:14:00,267.04,10,UPI,39,Delivered,4.8
5265,354,8,14,Ahmedabad,2024-03-25 17:32:00,119.52,0,Cash on Delivery,34,Refunded,
5266,198,9,11,Bangalore,2024-10-28 18:51:00,106.26,0,Wallet,40,Delivered,4.4
5267,287,9,11,Bangalore,2024-09-18 09:28:00,99.0,0,UPI,40,Delivered,4.1
5268,151,40,6,Kolkata,2024-04-28 15:32:00,380.96,30,Wallet,34,Delivered,3.6
5269,204,48,4,Pune,2024-07-07 11:58:00,233.47,0,UPI,35,Delivered,3.8
5270,182,52,2,Kolkata,2024-11-19 20:36:00,134.86,30,Cash on Delivery,40,Delivered,3.9
5271,371,30,9,Ahmedabad,2024-07-08 19:59:00,261.76,10,Debit Card,31,Delivered,3.8
5272,207,7,14,Ahmedabad,2024-03-24 16:22:00,381.15,10,Debit Card,43,Delivered,2.8
5273,147,17,1,Kolkata,2024-08-24 09:48:00,194.27,10,UPI,28,Delivered,4.4
5274,204,39,11,Lucknow,2024-08-04 08:53:00,135.89,0,UPI,55,Delivered,4.5
5275,48,38,15,Hyderabad,2024-11-30 22:33:00,99.0,50,Wallet,40,Delivered,3.9
5276,258,5,12,Ahmedabad,2024-02-06 18:21:00,618.1,0,Credit Card,38,Delivered,4.1
5277,139,17,1,Kolkata,2024-02-03 14:02:00,540.07,50,Debit Card,29,Delivered,4.4
5278,172,40,6,Kolkata,2024-07-27 21:23:00,176.2,0,Wallet,34,Delivered,3.3
5279,101,58,1,Lucknow,2024-05-31 10:44:00,406.0,0,Credit Card,39,Delivered,3.1
5280,187,1,6,Mumbai,2024-07-17 16:55:00,154.17,10,UPI,47,Delivered,4.1
5281,384,16,1,Lucknow,2024-11-18 22:28:00,760.88,30,Wallet,24,Delivered,3.9
5282,315,17,1,Kolkata,2024-10-11 17:31:00,280.21,30,Wallet,22,Delivered,3.8
5283,376,30,9,Ahmedabad,2024-03-27 14:08:00,176.49,10,UPI,30,Delivered,4.5
5284,294,31,14,Chennai,2024-04-10 11:39:00,99.0,0,Debit Card,31,Delivered,3.9
5285,363,35,10,Hyderabad,2024-03-08 11:27:00,383.47,50,Wallet,31,Delivered,4.4
5286,21,45,14,Bangalore,2024-09-26 19:33:00,269.98,0,UPI,40,Delivered,5.0
5287,298,8,14,Ahmedabad,2024-03-17 22:32:00,99.0,50,UPI,37,Delivered,5.0
5288,393,48,4,Pune,2024-06-15 19:24:00,144.13,50,Credit Card,33,Delivered,4.6
5289,396,56,1,Chennai,2024-02-01 16:27:00,460.6,0,UPI,49,Delivered,2.7
5290,10,30,9,Ahmedabad,2024-09-06 22:16:00,147.91,0,Debit Card,58,Delivered,4.5
5291,187,39,11,Lucknow,2024-04-26 14:12:00,126.63,20,Cash on Delivery,40,Delivered,5.0
5292,133,21,9,Jaipur,2024-11-06 17:15:00,317.77,30,UPI,39,Delivered,4.3
5293,33,15,14,Hyderabad,2024-05-13 18:57:00,144.07,50,Wallet,36,Delivered,3.7
5294,69,56,1,Chennai,2024-04-25 10:27:00,670.06,20,UPI,24,Cancelled,
5295,80,34,3,Bangalore,2024-09-09 16:14:00,257.4,30,UPI,45,Delivered,3.9
5296,191,56,1,Chennai,2024-11-11 20:41:00,561.83,50,UPI,33,Delivered,4.8
5297,101,60,1,Hyderabad,2024-09-04 20:16:00,99.0,50,Cash on Delivery,34,Delivered,3.8
5298,285,27,6,Ahmedabad,2024-03-11 19:37:00,268.91,50,UPI,36,Delivered,3.5
5299,221,2,12,Jaipur,2024-01-13 19:16:00,121.19,0,UPI,23,Delivered,3.7
5300,390,10,10,Mumbai,2024-09-27 11:27:00,145.92,30,Wallet,48,Refunded,
5301,53,5,12,Ahmedabad,2024-01-15 21:52:00,478.29,0,Wallet,43,Delivered,4.1
5302,160,27,6,Ahmedabad,2024-11-26 15:30:00,592.1,0,UPI,27,Delivered,4.0
5303,380,4,12,Jaipur,2024-05-11 10:33:00,375.58,0,UPI,25,Delivered,3.1
5304,42,47,10,Mumbai,2024-11-03 18:09:00,338.11,30,Debit Card,27,Delivered,3.8
5305,47,13,9,Bangalore,2024-08-09 20:19:00,385.05,0,Debit Card,27,Cancelled,
5306,159,17,1,Kolkata,2024-10-11 17:52:00,394.89,0,Wallet,24,Delivered,5.0
5307,184,21,9,Jaipur,2024-06-05 14:56:00,644.23,30,UPI,38,Delivered,4.2
5308,246,23,13,Delhi,2024-06-26 12:47:00,801.9,0,UPI,38,Delivered,4.5
5309,11,33,1,Mumbai,2024-06-19 17:40:00,228.54,30,Debit Card,23,Cancelled,
5310,154,50,14,Hyderabad,2024-11-27 21:50:00,197.67,10,Debit Card,55,Refunded,
5311,220,60,1,Hyderabad,2024-06-09 09:13:00,106.18,20,Cash on Delivery,25,Delivered,3.2
5312,155,15,14,Hyderabad,2024-10-04 12:00:00,229.33,10,Wallet,15,Delivered,4.5
5313,339,14,7,Mumbai,2024-12-28 11:59:00,180.13,20,Debit Card,41,Delivered,5.0
5314,365,9,11,Bangalore,2024-05-22 11:46:00,113.73,0,UPI,35,Delivered,4.3
5315,283,44,1,Lucknow,2024-08-01 17:45:00,189.23,20,Debit Card,31,Refunded,
5316,187,37,8,Mumbai,2024-02-23 08:57:00,1097.16,0,UPI,36,Delivered,3.4
5317,62,30,9,Ahmedabad,2024-09-07 14:22:00,341.78,30,Credit Card,35,Delivered,4.5
5318,148,29,11,Bangalore,2024-06-19 14:01:00,192.1,10,Wallet,42,Delivered,4.6
5319,387,23,13,Delhi,2024-07-12 13:54:00,1141.76,0,Debit Card,33,Delivered,3.7
5320,144,34,3,Bangalore,2024-08-31 21:59:00,264.63,30,UPI,30,Delivered,4.7
5321,103,55,5,Bangalore,2024-11-18 14:06:00,344.89,50,Credit Card,37,Delivered,4.4
5322,300,55,5,Bangalore,2024-06-12 20:54:00,367.74,30,UPI,43,Delivered,2.9
5323,93,7,14,Ahmedabad,2024-04-22 17:35:00,1003.39,20,UPI,34,Delivered,3.7
5324,286,53,3,Pune,2024-10-27 22:33:00,449.56,50,Cash on Delivery,35,Delivered,3.9
5325,119,9,11,Bangalore,2024-11-01 08:17:00,145.07,50,Debit Card,48,Delivered,4.1
5326,29,50,14,Hyderabad,2024-08-19 18:55:00,146.4,30,Credit Card,35,Delivered,4.1
5327,30,4,12,Jaipur,2024-01-15 08:16:00,306.95,0,Credit Card,20,Delivered,4.6
5328,360,2,12,Jaipur,2024-06-20 17:19:00,129.51,0,UPI,36,Delivered,4.6
5329,366,56,1,Chennai,2024-03-10 15:44:00,825.06,0,UPI,35,Delivered,5.0
5330,288,60,1,Hyderabad,2024-02-03 20:31:00,99.0,0,UPI,38,Delivered,4.3
5331,138,27,6,Ahmedabad,2024-06-27 13:41:00,256.27,10,Cash on Delivery,37,Delivered,5.0
5332,51,33,1,Mumbai,2024-09-16 19:49:00,290.07,0,Cash on Delivery,35,Delivered,4.7
5333,392,32,5,Bangalore,2024-01-24 15:54:00,356.42,10,Wallet,38,Delivered,4.8
5334,292,57,8,Delhi,2024-01-26 16:35:00,510.57,50,Debit Card,23,Delivered,5.0
5335,234,44,1,Lucknow,2024-11-22 17:57:00,231.49,50,Debit Card,58,Delivered,3.9
5336,55,45,14,Bangalore,2024-01-12 08:51:00,127.31,10,UPI,36,Cancelled,
5337,292,46,1,Kolkata,2024-07-26 12:18:00,279.24,0,UPI,24,Delivered,4.1
5338,240,37,8,Mumbai,2024-07-14 13:25:00,1156.12,0,Debit Card,20,Delivered,2.8
5339,312,27,6,Ahmedabad,2024-04-12 15:54:00,350.24,20,Credit Card,40,Delivered,4.8
5340,36,28,8,Hyderabad,2024-01-09 20:51:00,950.69,50,Cash on Delivery,31,Delivered,4.7
5341,89,3,12,Kolkata,2024-09-26 14:08:00,250.16,0,Credit Card,38,Delivered,4.2
5342,212,60,1,Hyderabad,2024-01-15 12:49:00,119.12,0,Wallet,56,Refunded,
5343,318,59,11,Jaipur,2024-05-06 12:19:00,124.46,30,UPI,35,Delivered,4.6
5344,365,36,12,Bangalore,2024-03-12 22:20:00,751.09,0,UPI,46,Delivered,4.7
5345,245,49,12,Pune,2024-07-03 16:18:00,176.25,0,Wallet,25,Refunded,
5346,87,51,7,Kolkata,2024-08-08 17:30:00,99.0,0,UPI,38,Delivered,4.1
5347,240,43,4,Lucknow,2024-01-06 11:42:00,1008.78,20,Wallet,26,Delivered,4.4
5348,320,8,14,Ahmedabad,2024-12-14 17:02:00,118.92,10,UPI,23,Delivered,4.1
5349,188,44,1,Lucknow,2024-09-27 22:20:00,388.17,10,Debit Card,37,Delivered,4.0
5350,57,50,14,Hyderabad,2024-06-22 17:30:00,240.58,0,UPI,50,Delivered,3.7
5351,113,50,14,Hyderabad,2024-07-17 08:55:00,264.33,0,UPI,45,Refunded,
5352,223,41,8,Kolkata,2024-07-29 14:59:00,213.32,10,Cash on Delivery,62,Delivered,3.3
5353,70,37,8,Mumbai,2024-05-10 21:34:00,408.14,0,UPI,34,Delivered,3.3
5354,227,53,3,Pune,2024-09-06 16:28:00,542.19,0,UPI,38,Cancelled,
5355,256,49,12,Pune,2024-02-21 13:13:00,384.49,10,Cash on Delivery,42,Delivered,4.1
5356,180,45,14,Bangalore,2024-06-04 17:29:00,221.07,20,Wallet,36,Delivered,3.4
5357,184,38,15,Hyderabad,2024-03-30 14:38:00,99.0,30,UPI,44,Delivered,3.5
5358,191,56,1,Chennai,2024-12-16 12:34:00,915.32,0,UPI,30,Delivered,3.6
5359,232,22,4,Ahmedabad,2024-08-29 22:51:00,330.07,30,Cash on Delivery,28,Delivered,3.9
5360,276,14,7,Mumbai,2024-05-21 22:35:00,208.13,10,Cash on Delivery,30,Delivered,4.8
5361,233,15,14,Hyderabad,2024-03-31 15:39:00,164.67,0,Wallet,25,Delivered,2.8
5362,54,55,5,Bangalore,2024-06-05 12:44:00,285.65,0,UPI,18,Delivered,4.1
5363,257,46,1,Kolkata,2024-05-29 15:14:00,265.27,50,Debit Card,33,Delivered,3.5
5364,90,4,12,Jaipur,2024-03-09 11:03:00,495.73,20,UPI,13,Delivered,4.1
5365,226,18,9,Lucknow,2024-03-15 09:41:00,658.84,0,UPI,31,Delivered,3.7
5366,247,1,6,Mumbai,2024-08-28 21:14:00,178.2,50,UPI,14,Refunded,
5367,394,12,12,Bangalore,2024-11-21 14:52:00,202.54,20,UPI,51,Delivered,4.0
5368,151,54,1,Kolkata,2024-01-16 22:39:00,185.85,50,Credit Card,31,Delivered,3.2
5369,113,41,8,Kolkata,2024-07-19 18:58:00,248.33,30,UPI,10,Delivered,4.3
5370,269,42,9,Jaipur,2024-06-10 18:12:00,354.58,30,Wallet,35,Delivered,4.1
5371,157,53,3,Pune,2024-06-03 16:04:00,293.46,30,Cash on Delivery,38,Delivered,4.2
5372,366,60,1,Hyderabad,2024-08-30 13:30:00,99.0,0,UPI,29,Delivered,4.7
5373,347,50,14,Hyderabad,2024-09-15 21:20:00,227.67,30,Wallet,51,Delivered,3.3
5374,351,17,1,Kolkata,2024-12-20 13:27:00,174.86,20,Wallet,41,Delivered,3.4
5375,299,19,11,Jaipur,2024-07-08 16:31:00,513.91,20,Credit Card,33,Delivered,5.0
5376,394,36,12,Bangalore,2024-12-20 13:23:00,572.09,30,UPI,40,Delivered,4.4
5377,159,48,4,Pune,2024-11-15 13:29:00,99.0,0,UPI,50,Delivered,2.9
5378,330,7,14,Ahmedabad,2024-03-27 15:32:00,903.55,30,UPI,23,Delivered,4.0
5379,225,9,11,Bangalore,2024-07-09 16:35:00,99.0,30,Credit Card,27,Delivered,4.7
5380,14,8,14,Ahmedabad,2024-05-31 22:57:00,169.26,10,UPI,35,Delivered,5.0
5381,355,25,3,Kolkata,2024-02-15 20:09:00,149.12,50,Credit Card,18,Delivered,5.0
5382,109,7,14,Ahmedabad,2024-10-14 08:35:00,735.05,10,UPI,38,Delivered,3.8
5383,96,42,9,Jaipur,2024-01-16 09:07:00,158.85,50,Credit Card,51,Delivered,4.0
5384,195,8,14,Ahmedabad,2024-09-03 15:10:00,108.88,0,Credit Card,34,Delivered,3.0
5385,58,24,9,Mumbai,2024-07-16 08:11:00,310.07,0,UPI,19,Delivered,4.2
5386,392,17,1,Kolkata,2024-10-20 19:44:00,527.4,20,Credit Card,43,Cancelled,
5387,352,12,12,Bangalore,2024-12-02 08:31:00,200.63,0,Credit Card,51,Refunded,
5388,294,46,1,Kolkata,2024-04-27 15:55:00,365.76,30,Cash on Delivery,10,Delivered,4.2
5389,154,31,14,Chennai,2024-07-09 18:45:00,99.0,20,Debit Card,40,Delivered,4.6
5390,64,12,12,Bangalore,2024-08-03 17:46:00,198.89,20,Credit Card,41,Delivered,2.8
5391,158,57,8,Delhi,2024-04-12 14:09:00,791.15,0,Wallet,40,Delivered,3.5
5392,265,2,12,Jaipur,2024-09-08 09:58:00,122.11,0,Cash on Delivery,37,Delivered,4.0
5393,121,12,12,Bangalore,2024-11-08 17:18:00,131.91,50,UPI,36,Delivered,4.6
5394,288,27,6,Ahmedabad,2024-08-25 20:14:00,586.36,0,UPI,32,Delivered,3.9
5395,11,46,1,Kolkata,2024-04-02 11:52:00,354.6,10,UPI,50,Cancelled,
5396,214,7,14,Ahmedabad,2024-02-19 20:30:00,554.25,20,UPI,36,Delivered,5.0
5397,162,58,1,Lucknow,2024-03-21 17:26:00,152.95,0,Credit Card,59,Delivered,3.5
5398,105,58,1,Lucknow,2024-08-20 22:59:00,241.43,0,Credit Card,44,Cancelled,
5399,147,13,9,Bangalore,2024-08-23 22:20:00,167.41,20,Wallet,36,Cancelled,
5400,182,53,3,Pune,2024-11-11 18:57:00,371.16,50,UPI,26,Delivered,3.8
5401,338,36,12,Bangalore,2024-10-27 19:25:00,596.27,0,Credit Card,41,Delivered,3.4
5402,37,1,6,Mumbai,2024-04-11 10:35:00,200.56,30,Credit Card,27,Delivered,4.0
5403,82,49,12,Pune,2024-02-21 08:50:00,354.6,0,Wallet,28,Delivered,4.4
5404,12,35,10,Hyderabad,2024-05-10 20:13:00,669.21,0,UPI,31,Delivered,4.2
5405,4,30,9,Ahmedabad,2024-07-23 16:26:00,188.21,0,UPI,22,Delivered,3.6
5406,43,31,14,Chennai,2024-09-13 16:16:00,146.15,30,UPI,53,Delivered,4.8
5407,51,17,1,Kolkata,2024-06-26 09:13:00,345.74,10,Credit Card,23,Delivered,4.9
5408,261,8,14,Ahmedabad,2024-09-02 14:58:00,106.4,10,UPI,38,Delivered,3.7
5409,134,3,12,Kolkata,2024-12-02 10:33:00,306.37,20,Cash on Delivery,27,Delivered,5.0
5410,87,59,11,Jaipur,2024-02-09 16:01:00,99.0,20,UPI,21,Delivered,3.4
5411,362,10,10,Mumbai,2024-12-16 16:29:00,139.12,0,UPI,33,Delivered,4.1
5412,56,34,3,Bangalore,2024-03-24 12:28:00,294.42,0,UPI,34,Delivered,4.1
5413,217,22,4,Ahmedabad,2024-10-07 13:57:00,264.42,50,Wallet,50,Delivered,3.4
5414,366,4,12,Jaipur,2024-06-20 16:08:00,440.75,0,Credit Card,39,Delivered,4.2
5415,68,32,5,Bangalore,2024-04-12 21:43:00,272.36,30,Cash on Delivery,37,Delivered,4.0
5416,352,29,11,Bangalore,2024-11-08 12:15:00,377.99,0,UPI,43,Delivered,4.4
5417,44,46,1,Kolkata,2024-10-19 19:23:00,237.29,0,UPI,32,Delivered,4.1
5418,143,11,7,Ahmedabad,2024-10-08 11:08:00,133.52,0,Cash on Delivery,29,Delivered,4.6
5419,346,46,1,Kolkata,2024-12-24 20:30:00,210.53,0,UPI,28,Delivered,4.5
5420,42,13,9,Bangalore,2024-01-19 11:22:00,341.26,0,UPI,28,Delivered,3.5
5421,139,59,11,Jaipur,2024-10-09 21:20:00,99.0,0,UPI,38,Delivered,3.9
5422,73,4,12,Jaipur,2024-10-26 10:48:00,461.13,10,UPI,20,Delivered,3.6
5423,267,2,12,Jaipur,2024-05-29 17:22:00,170.99,10,UPI,33,Cancelled,
5424,194,34,3,Bangalore,2024-12-15 09:12:00,134.4,50,UPI,48,Delivered,5.0
5425,155,43,4,Lucknow,2024-05-11 09:55:00,903.91,20,Credit Card,38,Delivered,4.7
5426,246,22,4,Ahmedabad,2024-04-06 09:33:00,246.52,10,Credit Card,34,Delivered,4.3
5427,314,5,12,Ahmedabad,2024-12-21 10:16:00,495.42,0,Debit Card,30,Delivered,4.4
5428,218,9,11,Bangalore,2024-06-04 21:33:00,100.45,50,UPI,26,Delivered,4.0
5429,384,20,14,Kolkata,2024-04-21 18:56:00,250.76,0,Debit Card,48,Cancelled,
5430,253,21,9,Jaipur,2024-07-23 08:56:00,726.91,0,UPI,36,Delivered,4.2
5431,277,17,1,Kolkata,2024-02-24 09:33:00,445.91,0,Cash on Delivery,30,Delivered,3.7
5432,277,12,12,Bangalore,2024-04-26 20:36:00,155.62,50,Debit Card,32,Refunded,
5433,72,28,8,Hyderabad,2024-07-22 17:57:00,855.79,0,Debit Card,26,Delivered,3.7
5434,129,18,9,Lucknow,2024-07-07 19:02:00,851.01,0,Debit Card,36,Delivered,4.5
5435,358,3,12,Kolkata,2024-03-24 17:51:00,242.59,50,UPI,36,Delivered,3.5
5436,186,5,12,Ahmedabad,2024-09-30 12:52:00,299.72,20,Credit Card,41,Delivered,3.7
5437,13,60,1,Hyderabad,2024-10-09 22:26:00,103.26,20,Debit Card,20,Delivered,4.0
5438,329,53,3,Pune,2024-04-15 08:05:00,588.62,0,Credit Card,36,Delivered,3.2
5439,220,52,2,Kolkata,2024-01-11 09:38:00,217.44,10,Credit Card,41,Cancelled,
5440,6,14,7,Mumbai,2024-06-29 12:20:00,212.63,20,UPI,33,Delivered,4.7
5441,239,48,4,Pune,2024-09-30 12:18:00,188.27,30,UPI,48,Delivered,4.5
5442,112,26,7,Kolkata,2024-09-16 20:17:00,648.94,0,Debit Card,41,Delivered,4.4
5443,228,19,11,Jaipur,2024-04-25 20:24:00,247.15,30,UPI,46,Delivered,3.9
5444,17,41,8,Kolkata,2024-11-28 21:26:00,155.38,30,UPI,24,Delivered,4.8
5445,73,17,1,Kolkata,2024-07-29 08:00:00,415.82,50,Wallet,17,Delivered,4.3
5446,12,54,1,Kolkata,2024-12-04 11:00:00,262.38,30,UPI,38,Delivered,4.7
5447,86,39,11,Lucknow,2024-06-16 08:20:00,154.44,0,Credit Card,15,Delivered,4.7
5448,180,42,9,Jaipur,2024-03-26 22:49:00,506.74,0,Cash on Delivery,29,Delivered,3.8
5449,122,4,12,Jaipur,2024-10-30 14:31:00,328.87,0,UPI,35,Delivered,3.6
5450,204,42,9,Jaipur,2024-10-31 11:43:00,188.58,10,Wallet,42,Delivered,3.5
5451,70,35,10,Hyderabad,2024-10-27 11:52:00,780.19,0,UPI,36,Delivered,4.1
5452,108,24,9,Mumbai,2024-12-18 14:08:00,149.5,30,UPI,50,Delivered,2.5
5453,201,41,8,Kolkata,2024-07-11 09:53:00,208.76,0,UPI,28,Delivered,3.5
5454,52,13,9,Bangalore,2024-05-06 22:05:00,289.48,0,Credit Card,26,Delivered,3.7
5455,37,33,1,Mumbai,2024-03-06 16:03:00,391.71,0,Wallet,58,Delivered,3.7
5456,117,15,14,Hyderabad,2024-12-30 14:53:00,99.0,50,Cash on Delivery,33,Delivered,4.5
5457,259,15,14,Hyderabad,2024-12-28 20:42:00,230.82,10,Debit Card,36,Delivered,3.2
5458,264,31,14,Chennai,2024-02-20 15:38:00,110.63,0,UPI,29,Delivered,3.1
5459,394,43,4,Lucknow,2024-06-01 10:16:00,785.7,0,Wallet,26,Delivered,3.1
5460,303,28,8,Hyderabad,2024-09-30 19:26:00,649.84,0,Cash on Delivery,33,Delivered,4.4
5461,64,10,10,Mumbai,2024-12-02 18:04:00,236.82,0,UPI,45,Delivered,3.8
5462,42,57,8,Delhi,2024-12-01 22:41:00,468.62,50,Cash on Delivery,33,Cancelled,
5463,43,7,14,Ahmedabad,2024-02-03 10:07:00,679.54,30,Wallet,10,Delivered,3.7
5464,125,33,1,Mumbai,2024-08-26 17:04:00,530.46,0,Debit Card,24,Delivered,5.0
5465,393,7,14,Ahmedabad,2024-06-24 12:25:00,677.23,10,UPI,54,Delivered,4.4
5466,270,5,12,Ahmedabad,2024-08-01 19:22:00,711.64,0,Wallet,10,Delivered,3.7
5467,347,26,7,Kolkata,2024-11-13 20:08:00,314.98,10,UPI,28,Delivered,3.3
5468,233,55,5,Bangalore,2024-08-28 11:27:00,231.3,0,Debit Card,39,Delivered,5.0
5469,132,16,1,Lucknow,2024-04-17 16:36:00,556.57,30,UPI,40,Delivered,4.2
5470,2,60,1,Hyderabad,2024-05-31 19:32:00,100.92,0,Wallet,40,Delivered,3.8
5471,115,57,8,Delhi,2024-06-24 21:43:00,294.01,0,UPI,44,Refunded,
5472,1,8,14,Ahmedabad,2024-11-24 20:48:00,118.59,0,Credit Card,33,Delivered,4.2
5473,331,22,4,Ahmedabad,2024-05-24 11:13:00,243.15,20,UPI,25,Delivered,3.8
5474,65,34,3,Bangalore,2024-10-01 14:58:00,290.37,0,Credit Card,33,Delivered,4.4
5475,125,40,6,Kolkata,2024-07-13 08:43:00,313.56,50,Wallet,47,Delivered,3.1
5476,256,28,8,Hyderabad,2024-01-11 17:01:00,938.12,0,Wallet,18,Delivered,3.9
5477,391,46,1,Kolkata,2024-07-14 08:16:00,301.05,10,UPI,30,Delivered,3.5
5478,322,36,12,Bangalore,2024-08-07 21:39:00,700.94,0,UPI,35,Delivered,4.1
5479,143,56,1,Chennai,2024-06-22 15:28:00,1114.25,0,UPI,28,Delivered,3.5
5480,328,47,10,Mumbai,2024-09-16 13:28:00,291.57,50,Credit Card,30,Delivered,3.7
5481,246,7,14,Ahmedabad,2024-10-01 18:28:00,1306.61,0,Cash on Delivery,39,Delivered,3.8
5482,116,52,2,Kolkata,2024-03-10 18:22:00,305.23,20,Cash on Delivery,36,Cancelled,
5483,377,40,6,Kolkata,2024-08-18 21:43:00,276.0,0,UPI,44,Delivered,4.3
5484,303,59,11,Jaipur,2024-06-28 15:54:00,111.87,20,UPI,41,Delivered,3.9
5485,90,43,4,Lucknow,2024-11-17 20:39:00,937.2,20,Debit Card,45,Delivered,3.5
5486,296,28,8,Hyderabad,2024-09-05 12:30:00,1106.36,0,UPI,29,Cancelled,
5487,42,59,11,Jaipur,2024-04-09 20:47:00,99.0,20,UPI,61,Delivered,4.3
5488,35,2,12,Jaipur,2024-11-03 13:26:00,209.06,20,UPI,18,Delivered,5.0
5489,41,9,11,Bangalore,2024-02-05 14:54:00,111.2,30,UPI,43,Delivered,3.9
5490,341,6,4,Mumbai,2024-03-25 20:36:00,397.23,50,UPI,25,Cancelled,
5491,124,55,5,Bangalore,2024-10-29 17:39:00,196.05,50,Wallet,19,Delivered,4.9
5492,57,58,1,Lucknow,2024-08-25 14:21:00,192.67,0,UPI,52,Delivered,3.2
5493,294,1,6,Mumbai,2024-06-15 14:57:00,165.27,30,Cash on Delivery,31,Delivered,3.6
5494,235,3,12,Kolkata,2024-01-30 09:41:00,323.21,10,Credit Card,22,Delivered,4.9
5495,96,10,10,Mumbai,2024-11-25 14:29:00,126.11,0,Debit Card,31,Delivered,4.2
5496,392,37,8,Mumbai,2024-06-02 14:06:00,660.3,0,UPI,28,Delivered,3.7
5497,319,44,1,Lucknow,2024-07-15 08:45:00,192.21,10,UPI,33,Delivered,4.6
5498,343,23,13,Delhi,2024-01-18 20:24:00,844.08,0,UPI,32,Delivered,3.5
5499,132,33,1,Mumbai,2024-09-20 17:31:00,639.23,0,Debit Card,21,Refunded,
5500,176,9,11,Bangalore,2024-05-24 13:14:00,99.0,0,Cash on Delivery,36,Delivered,4.1
5501,52,53,3,Pune,2024-11-30 16:47:00,617.65,0,Wallet,35,Delivered,4.7
5502,38,13,9,Bangalore,2024-03-03 15:50:00,310.94,20,UPI,51,Delivered,4.3
5503,343,28,8,Hyderabad,2024-03-24 22:34:00,833.01,0,Credit Card,49,Delivered,5.0
5504,5,51,7,Kolkata,2024-05-13 21:56:00,123.17,0,Credit Card,35,Delivered,3.8
5505,213,7,14,Ahmedabad,2024-11-14 15:30:00,897.32,0,UPI,40,Cancelled,
5506,120,26,7,Kolkata,2024-05-07 22:31:00,469.82,50,UPI,25,Delivered,4.5
5507,326,16,1,Lucknow,2024-10-27 17:51:00,1153.13,0,Cash on Delivery,42,Delivered,4.6
5508,369,40,6,Kolkata,2024-03-22 20:23:00,211.68,50,UPI,62,Delivered,4.0
5509,209,58,1,Lucknow,2024-06-16 21:27:00,323.41,50,Wallet,24,Cancelled,
5510,217,26,7,Kolkata,2024-03-10 21:55:00,796.04,0,UPI,29,Refunded,
5511,24,51,7,Kolkata,2024-03-29 20:00:00,203.49,0,UPI,37,Refunded,
5512,342,39,11,Lucknow,2024-08-04 09:31:00,99.0,50,Debit Card,37,Delivered,3.5
5513,205,55,5,Bangalore,2024-05-20 08:31:00,175.2,20,UPI,36,Delivered,4.8
5514,226,32,5,Bangalore,2024-11-07 15:26:00,454.39,20,Wallet,28,Delivered,3.8
5515,218,36,12,Bangalore,2024-09-16 15:22:00,763.91,10,Cash on Delivery,21,Delivered,4.5
5516,211,42,9,Jaipur,2024-10-11 09:20:00,461.86,30,Debit Card,26,Delivered,4.4
5517,26,57,8,Delhi,2024-01-30 17:19:00,679.29,10,Wallet,43,Delivered,4.2
5518,252,1,6,Mumbai,2024-05-23 10:48:00,153.93,0,UPI,55,Delivered,4.9
5519,3,49,12,Pune,2024-12-22 17:39:00,202.84,10,Credit Card,40,Delivered,4.3
5520,2,21,9,Jaipur,2024-10-07 14:43:00,531.12,20,Wallet,32,Delivered,4.5
5521,92,13,9,Bangalore,2024-12-18 22:16:00,436.74,50,Credit Card,43,Cancelled,
5522,2,51,7,Kolkata,2024-07-27 11:57:00,151.61,50,UPI,21,Delivered,4.3
5523,150,26,7,Kolkata,2024-06-17 19:03:00,822.74,30,UPI,35,Delivered,4.1
5524,71,45,14,Bangalore,2024-07-23 11:06:00,253.11,20,Credit Card,29,Delivered,3.9
5525,4,9,11,Bangalore,2024-02-15 18:08:00,123.7,50,Debit Card,32,Delivered,4.1
5526,38,37,8,Mumbai,2024-06-09 08:19:00,627.29,10,UPI,29,Refunded,
5527,359,23,13,Delhi,2024-11-16 13:41:00,721.83,0,Credit Card,24,Delivered,4.5
5528,70,1,6,Mumbai,2024-10-16 18:20:00,173.5,20,UPI,52,Delivered,4.4
5529,201,2,12,Jaipur,2024-03-28 22:34:00,148.66,50,Credit Card,29,Delivered,4.5
5530,308,43,4,Lucknow,2024-07-10 16:54:00,1033.73,10,Wallet,29,Delivered,5.0
5531,252,28,8,Hyderabad,2024-05-16 08:20:00,798.0,10,Debit Card,34,Delivered,3.8
5532,287,36,12,Bangalore,2024-07-06 20:02:00,617.29,50,Credit Card,37,Delivered,3.1
5533,292,31,14,Chennai,2024-01-04 18:27:00,165.88,50,UPI,51,Cancelled,
5534,154,41,8,Kolkata,2024-09-19 17:10:00,180.73,0,UPI,37,Cancelled,
5535,133,5,12,Ahmedabad,2024-01-24 18:09:00,608.8,0,UPI,41,Delivered,3.9
5536,371,37,8,Mumbai,2024-08-16 20:43:00,643.93,20,Cash on Delivery,17,Delivered,3.9
5537,74,25,3,Kolkata,2024-08-21 14:18:00,156.97,0,UPI,38,Delivered,4.4
5538,274,8,14,Ahmedabad,2024-10-01 19:51:00,99.0,10,UPI,27,Delivered,3.9
5539,271,34,3,Bangalore,2024-08-01 22:36:00,183.54,50,Cash on Delivery,28,Delivered,4.5
5540,185,39,11,Lucknow,2024-06-06 21:11:00,107.31,0,Cash on Delivery,23,Delivered,3.6
5541,353,49,12,Pune,2024-05-28 18:59:00,218.42,0,Debit Card,32,Delivered,4.4
5542,5,32,5,Bangalore,2024-08-16 21:57:00,137.17,10,Debit Card,39,Delivered,3.2
5543,293,58,1,Lucknow,2024-09-30 19:58:00,400.19,0,UPI,39,Delivered,4.1
5544,360,59,11,Jaipur,2024-08-16 22:11:00,124.96,10,UPI,37,Delivered,3.6
5545,86,11,7,Ahmedabad,2024-08-02 09:37:00,261.84,10,Credit Card,29,Delivered,3.9
5546,214,47,10,Mumbai,2024-03-27 12:24:00,174.41,0,UPI,28,Delivered,2.9
5547,15,25,3,Kolkata,2024-08-09 21:12:00,99.0,0,UPI,31,Delivered,4.6
5548,273,3,12,Kolkata,2024-02-18 21:55:00,246.87,10,Cash on Delivery,36,Delivered,3.9
5549,51,45,14,Bangalore,2024-06-23 15:54:00,294.38,20,Debit Card,19,Delivered,4.0
5550,253,50,14,Hyderabad,2024-09-30 10:24:00,188.65,0,UPI,32,Delivered,4.4
5551,45,52,2,Kolkata,2024-07-27 15:23:00,178.67,30,UPI,31,Delivered,3.7
5552,191,32,5,Bangalore,2024-01-07 20:26:00,528.32,0,Debit Card,39,Delivered,3.8
5553,122,52,2,Kolkata,2024-11-20 11:25:00,225.37,0,UPI,63,Delivered,3.0
5554,187,35,10,Hyderabad,2024-02-11 20:30:00,506.72,50,UPI,35,Delivered,3.9
5555,214,32,5,Bangalore,2024-07-20 21:25:00,500.66,10,Cash on Delivery,35,Delivered,5.0
5556,149,34,3,Bangalore,2024-11-27 18:32:00,100.31,30,UPI,42,Delivered,4.3
5557,170,37,8,Mumbai,2024-05-04 12:51:00,879.81,10,UPI,33,Delivered,3.2
5558,209,52,2,Kolkata,2024-04-12 16:39:00,283.35,30,Credit Card,39,Delivered,4.4
5559,82,5,12,Ahmedabad,2024-07-05 20:13:00,330.38,20,Cash on Delivery,48,Delivered,4.9
5560,196,45,14,Bangalore,2024-04-13 12:21:00,184.08,0,Cash on Delivery,32,Delivered,3.5
5561,246,28,8,Hyderabad,2024-10-30 20:42:00,335.46,10,Cash on Delivery,50,Delivered,4.0
5562,391,28,8,Hyderabad,2024-05-23 21:34:00,676.68,50,Credit Card,37,Delivered,4.0
5563,345,8,14,Ahmedabad,2024-02-22 09:02:00,99.0,30,Cash on Delivery,43,Delivered,4.2
5564,357,27,6,Ahmedabad,2024-03-08 13:04:00,617.66,0,Wallet,45,Delivered,4.2
5565,40,16,1,Lucknow,2024-05-17 11:28:00,670.4,50,Credit Card,48,Delivered,4.5
5566,168,18,9,Lucknow,2024-12-17 22:01:00,840.81,10,UPI,46,Delivered,4.0
5567,43,25,3,Kolkata,2024-12-12 12:36:00,143.55,30,Cash on Delivery,49,Delivered,4.8
5568,329,58,1,Lucknow,2024-06-03 14:32:00,99.0,0,Wallet,37,Delivered,2.9
5569,211,48,4,Pune,2024-03-08 18:20:00,214.1,30,Wallet,28,Cancelled,
5570,179,1,6,Mumbai,2024-03-28 19:30:00,105.03,20,UPI,36,Delivered,3.4
5571,23,8,14,Ahmedabad,2024-04-17 15:48:00,99.0,0,Wallet,24,Cancelled,
5572,95,60,1,Hyderabad,2024-02-22 17:48:00,99.0,50,Credit Card,32,Delivered,5.0
5573,160,21,9,Jaipur,2024-04-23 09:30:00,441.67,0,UPI,29,Delivered,3.8
5574,244,34,3,Bangalore,2024-01-25 11:50:00,144.35,30,Wallet,20,Cancelled,
5575,17,24,9,Mumbai,2024-05-24 19:01:00,181.31,0,Wallet,44,Delivered,4.4
5576,112,37,8,Mumbai,2024-07-16 16:04:00,990.45,0,Debit Card,48,Delivered,4.0
5577,103,26,7,Kolkata,2024-03-24 20:20:00,587.95,20,Wallet,28,Delivered,4.7
5578,314,47,10,Mumbai,2024-09-09 14:07:00,461.43,20,Debit Card,41,Delivered,4.3
5579,86,14,7,Mumbai,2024-08-10 11:26:00,271.5,30,Credit Card,62,Delivered,5.0
5580,35,58,1,Lucknow,2024-09-20 13:20:00,302.5,10,Wallet,47,Delivered,4.1
5581,30,29,11,Bangalore,2024-03-01 19:22:00,422.18,30,Wallet,25,Refunded,
5582,192,30,9,Ahmedabad,2024-09-15 12:08:00,168.8,0,UPI,44,Delivered,3.8
5583,179,3,12,Kolkata,2024-01-07 19:03:00,350.09,50,UPI,33,Delivered,4.9
5584,104,7,14,Ahmedabad,2024-08-18 12:10:00,551.94,0,UPI,44,Cancelled,
5585,165,36,12,Bangalore,2024-05-04 22:33:00,868.38,0,Cash on Delivery,58,Delivered,4.5
5586,122,11,7,Ahmedabad,2024-01-13 13:47:00,521.66,30,Cash on Delivery,34,Delivered,3.6
5587,134,32,5,Bangalore,2024-09-19 15:05:00,178.1,0,Wallet,49,Delivered,4.6
5588,290,59,11,Jaipur,2024-11-15 14:49:00,99.0,0,Credit Card,27,Delivered,4.2
5589,312,58,1,Lucknow,2024-01-30 13:24:00,248.64,20,Cash on Delivery,30,Refunded,
5590,224,12,12,Bangalore,2024-06-04 13:19:00,101.88,20,Wallet,15,Delivered,4.2
5591,25,15,14,Hyderabad,2024-07-11 22:25:00,167.26,10,UPI,51,Delivered,4.4
5592,371,38,15,Hyderabad,2024-07-13 15:56:00,152.39,0,Debit Card,18,Delivered,4.6
5593,13,58,1,Lucknow,2024-08-26 17:33:00,180.99,20,Credit Card,24,Delivered,4.2
5594,319,24,9,Mumbai,2024-08-31 12:30:00,274.2,0,Cash on Delivery,37,Delivered,3.9
5595,230,1,6,Mumbai,2024-03-17 18:00:00,174.37,20,Debit Card,55,Delivered,5.0
5596,102,18,9,Lucknow,2024-03-02 22:25:00,456.26,30,Cash on Delivery,16,Delivered,4.1
5597,378,46,1,Kolkata,2024-09-30 16:00:00,222.5,0,UPI,39,Delivered,4.9
5598,376,56,1,Chennai,2024-08-22 16:22:00,819.57,20,UPI,21,Delivered,3.8
5599,389,7,14,Ahmedabad,2024-04-16 20:57:00,1118.33,30,Cash on Delivery,52,Delivered,3.6
5600,203,42,9,Jaipur,2024-05-09 21:37:00,502.17,0,UPI,37,Delivered,4.7
5601,267,41,8,Kolkata,2024-02-09 22:17:00,161.82,10,UPI,51,Delivered,3.9
5602,365,2,12,Jaipur,2024-01-16 22:52:00,170.04,20,UPI,27,Delivered,2.9
5603,222,40,6,Kolkata,2024-12-14 19:10:00,99.0,0,UPI,30,Delivered,4.0
5604,104,54,1,Kolkata,2024-05-13 10:13:00,257.17,30,Cash on Delivery,26,Delivered,4.4
5605,111,31,14,Chennai,2024-03-06 22:10:00,117.78,30,Cash on Delivery,49,Delivered,3.7
5606,69,33,1,Mumbai,2024-12-07 10:49:00,279.29,0,Debit Card,49,Delivered,3.6
5607,358,52,2,Kolkata,2024-06-07 08:23:00,184.12,30,Cash on Delivery,28,Delivered,4.2
5608,258,30,9,Ahmedabad,2024-01-15 12:26:00,160.33,50,UPI,45,Delivered,3.4
5609,168,31,14,Chennai,2024-01-27 19:11:00,143.4,0,UPI,34,Delivered,4.3
5610,293,34,3,Bangalore,2024-03-07 21:31:00,266.22,10,Wallet,16,Delivered,4.7
5611,374,7,14,Ahmedabad,2024-08-02 09:06:00,317.04,20,Credit Card,40,Cancelled,
5612,49,25,3,Kolkata,2024-10-16 12:38:00,99.34,0,UPI,44,Delivered,4.9
5613,250,16,1,Lucknow,2024-12-17 18:42:00,725.85,20,Cash on Delivery,46,Delivered,3.7
5614,331,22,4,Ahmedabad,2024-07-24 10:45:00,234.15,0,UPI,36,Delivered,5.0
5615,75,36,12,Bangalore,2024-02-12 11:16:00,719.42,0,UPI,32,Delivered,4.5
5616,201,53,3,Pune,2024-09-15 16:09:00,650.86,0,UPI,30,Cancelled,
5617,34,27,6,Ahmedabad,2024-11-14 22:39:00,570.23,0,Wallet,44,Cancelled,
5618,314,17,1,Kolkata,2024-09-30 10:38:00,530.36,50,Credit Card,39,Delivered,3.7
5619,111,4,12,Jaipur,2024-07-08 17:51:00,318.81,0,UPI,29,Delivered,3.8
5620,352,58,1,Lucknow,2024-10-28 14:45:00,399.61,0,Cash on Delivery,38,Delivered,3.7
5621,316,35,10,Hyderabad,2024-11-26 19:32:00,335.65,50,Wallet,42,Delivered,2.9
5622,396,41,8,Kolkata,2024-10-08 18:37:00,246.41,0,Credit Card,42,Delivered,5.0
5623,237,22,4,Ahmedabad,2024-10-04 17:21:00,272.69,0,UPI,35,Cancelled,
5624,32,47,10,Mumbai,2024-03-13 10:50:00,410.58,50,UPI,47,Delivered,4.2
5625,209,52,2,Kolkata,2024-06-19 19:02:00,264.15,30,UPI,27,Cancelled,
5626,132,35,10,Hyderabad,2024-07-28 15:37:00,395.53,0,Debit Card,35,Delivered,4.5
5627,106,44,1,Lucknow,2024-12-03 20:21:00,388.18,50,Credit Card,44,Delivered,4.2
5628,33,15,14,Hyderabad,2024-04-24 14:50:00,146.75,50,UPI,38,Delivered,3.2
5629,43,52,2,Kolkata,2024-09-21 10:22:00,269.93,30,Debit Card,36,Delivered,4.3
5630,368,40,6,Kolkata,2024-09-24 11:23:00,269.21,50,Debit Card,28,Delivered,4.7
5631,107,44,1,Lucknow,2024-11-13 09:39:00,434.28,30,Wallet,22,Delivered,4.7
5632,265,21,9,Jaipur,2024-11-24 20:39:00,513.77,50,Debit Card,28,Delivered,4.8
5633,226,13,9,Bangalore,2024-06-30 17:16:00,390.26,0,Credit Card,47,Delivered,4.1
5634,179,47,10,Mumbai,2024-09-29 14:49:00,208.42,0,Cash on Delivery,28,Delivered,2.7
5635,222,11,7,Ahmedabad,2024-01-24 09:34:00,549.59,0,UPI,35,Delivered,4.5
5636,370,49,12,Pune,2024-04-01 10:32:00,99.0,0,UPI,55,Delivered,4.1
5637,125,53,3,Pune,2024-05-28 12:09:00,615.43,20,Cash on Delivery,45,Delivered,5.0
5638,276,56,1,Chennai,2024-02-22 21:44:00,847.2,0,Credit Card,33,Delivered,5.0
5639,167,27,6,Ahmedabad,2024-09-21 13:05:00,425.86,10,Credit Card,33,Delivered,4.8
5640,151,31,14,Chennai,2024-11-02 12:41:00,99.0,30,Wallet,49,Cancelled,
5641,41,44,1,Lucknow,2024-02-04 09:52:00,261.36,0,Debit Card,32,Delivered,3.3
5642,300,32,5,Bangalore,2024-07-15 16:10:00,552.3,50,Cash on Delivery,35,Cancelled,
5643,381,52,2,Kolkata,2024-07-20 08:35:00,153.38,30,Cash on Delivery,33,Delivered,3.4
5644,35,30,9,Ahmedabad,2024-08-10 12:17:00,144.83,50,UPI,51,Delivered,4.4
5645,314,18,9,Lucknow,2024-07-06 09:00:00,522.79,30,Debit Card,35,Delivered,3.4
5646,304,16,1,Lucknow,2024-05-21 15:01:00,1032.46,30,Wallet,32,Delivered,4.6
5647,231,35,10,Hyderabad,2024-11-02 22:59:00,578.64,10,Credit Card,42,Cancelled,
5648,215,59,11,Jaipur,2024-10-18 21:00:00,144.64,0,Cash on Delivery,54,Delivered,4.7
5649,314,9,11,Bangalore,2024-12-06 17:00:00,122.86,50,Debit Card,23,Delivered,5.0
5650,101,39,11,Lucknow,2024-07-30 13:46:00,99.0,20,UPI,38,Delivered,4.8
5651,57,51,7,Kolkata,2024-04-09 14:29:00,235.13,0,UPI,27,Delivered,3.9
5652,215,37,8,Mumbai,2024-09-19 13:56:00,627.58,10,Credit Card,49,Delivered,4.1
5653,156,51,7,Kolkata,2024-06-26 20:09:00,115.74,0,Credit Card,24,Delivered,3.6
5654,64,10,10,Mumbai,2024-04-29 15:26:00,219.03,20,Credit Card,43,Delivered,4.3
5655,62,52,2,Kolkata,2024-10-28 18:51:00,228.83,50,Wallet,28,Delivered,2.8
5656,339,12,12,Bangalore,2024-03-15 13:20:00,190.51,10,UPI,51,Delivered,3.9
5657,369,8,14,Ahmedabad,2024-07-08 08:18:00,99.0,0,UPI,59,Delivered,4.5
5658,368,3,12,Kolkata,2024-04-12 15:17:00,360.42,0,Credit Card,47,Delivered,4.5
5659,62,19,11,Jaipur,2024-04-08 11:42:00,411.64,0,Wallet,35,Delivered,4.6
5660,94,59,11,Jaipur,2024-03-23 12:23:00,99.0,0,Credit Card,23,Delivered,3.5
5661,341,11,7,Ahmedabad,2024-02-25 21:33:00,172.45,0,Cash on Delivery,37,Delivered,3.3
5662,26,8,14,Ahmedabad,2024-01-22 11:56:00,99.0,30,Cash on Delivery,38,Delivered,4.5
5663,121,26,7,Kolkata,2024-01-10 09:07:00,634.45,30,Debit Card,58,Delivered,3.5
5664,50,45,14,Bangalore,2024-08-12 18:37:00,246.56,10,UPI,36,Cancelled,
5665,371,58,1,Lucknow,2024-05-02 21:27:00,277.68,0,UPI,28,Delivered,3.4
5666,252,23,13,Delhi,2024-10-27 08:33:00,655.38,0,UPI,37,Delivered,4.2
5667,36,55,5,Bangalore,2024-03-07 16:04:00,347.25,10,UPI,31,Delivered,4.1
5668,289,10,10,Mumbai,2024-12-27 17:11:00,207.85,0,UPI,34,Delivered,5.0
5669,379,18,9,Lucknow,2024-03-22 17:20:00,849.56,0,Debit Card,57,Delivered,4.3
5670,100,12,12,Bangalore,2024-05-10 12:24:00,99.43,50,UPI,27,Delivered,4.2
5671,324,39,11,Lucknow,2024-09-06 08:07:00,99.0,10,UPI,45,Delivered,3.8
5672,329,26,7,Kolkata,2024-01-17 16:31:00,636.61,0,Cash on Delivery,32,Delivered,4.6
5673,136,11,7,Ahmedabad,2024-03-10 08:39:00,708.0,30,UPI,35,Delivered,4.1
5674,194,10,10,Mumbai,2024-01-21 14:06:00,229.55,50,UPI,35,Cancelled,
5675,221,3,12,Kolkata,2024-04-20 14:53:00,318.74,0,Wallet,25,Delivered,3.8
5676,279,7,14,Ahmedabad,2024-10-09 15:08:00,951.37,50,UPI,41,Cancelled,
5677,326,4,12,Jaipur,2024-10-10 22:01:00,414.77,50,UPI,12,Cancelled,
5678,55,40,6,Kolkata,2024-02-16 09:21:00,137.2,0,UPI,32,Delivered,4.0
5679,110,8,14,Ahmedabad,2024-08-29 17:53:00,123.52,0,Cash on Delivery,38,Delivered,3.9
5680,149,38,15,Hyderabad,2024-10-15 14:02:00,147.36,10,Debit Card,41,Delivered,4.1
5681,265,13,9,Bangalore,2024-09-26 19:45:00,353.57,50,UPI,40,Cancelled,
5682,162,12,12,Bangalore,2024-03-01 11:12:00,143.01,20,Debit Card,24,Delivered,5.0
5683,187,35,10,Hyderabad,2024-09-28 13:04:00,574.48,10,UPI,31,Delivered,4.5
5684,129,38,15,Hyderabad,2024-08-31 16:37:00,100.44,10,Credit Card,36,Delivered,4.0
5685,108,54,1,Kolkata,2024-02-07 14:55:00,283.73,20,Debit Card,27,Cancelled,
5686,389,51,7,Kolkata,2024-11-14 21:55:00,163.67,10,UPI,37,Delivered,4.1
5687,68,43,4,Lucknow,2024-02-17 16:25:00,933.47,30,Credit Card,40,Delivered,3.3
5688,66,36,12,Bangalore,2024-02-28 20:43:00,1026.11,0,Credit Card,30,Delivered,3.0
5689,144,47,10,Mumbai,2024-08-05 22:54:00,311.54,20,Wallet,41,Delivered,4.5
5690,53,2,12,Jaipur,2024-02-24 08:07:00,157.31,20,Wallet,32,Delivered,4.5
5691,128,15,14,Hyderabad,2024-03-25 21:21:00,99.0,50,Debit Card,27,Delivered,4.3
5692,321,49,12,Pune,2024-04-24 12:57:00,290.52,0,Wallet,48,Delivered,5.0
5693,207,34,3,Bangalore,2024-10-19 08:02:00,261.8,20,Debit Card,30,Delivered,4.2
5694,320,39,11,Lucknow,2024-10-01 08:28:00,99.0,50,Wallet,21,Delivered,4.6
5695,216,26,7,Kolkata,2024-12-08 08:54:00,577.96,20,Credit Card,30,Delivered,4.1
5696,68,48,4,Pune,2024-06-28 16:22:00,206.64,0,Debit Card,37,Delivered,2.6
5697,62,5,12,Ahmedabad,2024-05-12 14:56:00,175.34,0,Cash on Delivery,38,Delivered,4.8
5698,210,48,4,Pune,2024-05-13 08:21:00,226.05,0,Wallet,24,Delivered,3.5
5699,337,25,3,Kolkata,2024-08-28 20:11:00,144.49,30,UPI,41,Delivered,4.3
5700,327,51,7,Kolkata,2024-01-04 21:07:00,155.83,0,UPI,35,Cancelled,
5701,370,34,3,Bangalore,2024-06-13 22:36:00,99.0,0,Wallet,20,Delivered,3.7
5702,52,47,10,Mumbai,2024-05-07 20:25:00,284.4,0,Debit Card,18,Delivered,4.3
5703,116,4,12,Jaipur,2024-08-22 15:39:00,543.67,10,Wallet,37,Delivered,5.0
5704,381,34,3,Bangalore,2024-08-24 20:04:00,154.86,50,Cash on Delivery,32,Delivered,4.5
5705,383,27,6,Ahmedabad,2024-06-04 12:39:00,383.18,20,Cash on Delivery,26,Delivered,4.6
5706,65,55,5,Bangalore,2024-03-21 14:22:00,229.76,50,UPI,29,Delivered,4.0
5707,130,42,9,Jaipur,2024-05-16 09:31:00,422.74,0,UPI,34,Delivered,3.9
5708,177,54,1,Kolkata,2024-11-02 11:48:00,181.95,10,Debit Card,34,Delivered,3.9
5709,278,56,1,Chennai,2024-01-31 14:29:00,1069.15,0,Wallet,34,Delivered,4.6
5710,163,29,11,Bangalore,2024-01-03 10:50:00,425.37,20,Cash on Delivery,34,Delivered,4.1
5711,332,5,12,Ahmedabad,2024-02-25 16:09:00,419.67,0,Credit Card,55,Delivered,4.5
5712,152,18,9,Lucknow,2024-03-01 21:49:00,1068.97,0,Cash on Delivery,30,Delivered,4.0
5713,350,4,12,Jaipur,2024-05-01 22:25:00,210.42,10,Debit Card,42,Delivered,4.7
5714,236,1,6,Mumbai,2024-01-01 21:56:00,116.6,30,Wallet,41,Cancelled,
5715,158,50,14,Hyderabad,2024-02-07 21:14:00,241.55,10,UPI,29,Delivered,4.5
5716,327,20,14,Kolkata,2024-12-10 13:17:00,261.81,20,UPI,18,Delivered,4.2
5717,106,6,4,Mumbai,2024-07-08 15:02:00,319.31,50,Credit Card,31,Refunded,
5718,306,20,14,Kolkata,2024-01-17 22:47:00,283.62,30,UPI,18,Delivered,4.5
5719,255,20,14,Kolkata,2024-11-11 08:39:00,218.99,0,Wallet,17,Refunded,
5720,358,46,1,Kolkata,2024-07-27 16:40:00,349.27,20,UPI,30,Delivered,4.7
5721,113,27,6,Ahmedabad,2024-04-24 11:52:00,491.99,30,Wallet,36,Cancelled,
5722,30,26,7,Kolkata,2024-12-10 20:10:00,495.53,30,Wallet,33,Delivered,5.0
5723,12,32,5,Bangalore,2024-11-11 11:13:00,520.01,20,UPI,19,Delivered,3.7
5724,177,10,10,Mumbai,2024-10-28 13:16:00,231.81,50,Wallet,23,Delivered,4.6
5725,338,18,9,Lucknow,2024-11-17 15:35:00,712.15,0,Credit Card,37,Cancelled,
5726,46,41,8,Kolkata,2024-03-14 14:35:00,187.34,0,Cash on Delivery,41,Delivered,4.5
5727,171,12,12,Bangalore,2024-01-16 21:15:00,101.65,0,UPI,27,Delivered,4.7
5728,130,10,10,Mumbai,2024-10-07 16:03:00,167.76,10,Wallet,35,Cancelled,
5729,245,24,9,Mumbai,2024-05-06 15:05:00,193.37,0,Debit Card,37,Delivered,3.8
5730,353,24,9,Mumbai,2024-05-08 22:38:00,209.53,0,Wallet,52,Delivered,4.2
5731,203,53,3,Pune,2024-08-19 22:56:00,374.62,10,Debit Card,51,Delivered,3.8
5732,226,51,7,Kolkata,2024-07-13 08:00:00,155.19,0,Credit Card,41,Refunded,
5733,80,38,15,Hyderabad,2024-04-12 12:44:00,99.0,10,UPI,15,Delivered,4.3
5734,310,46,1,Kolkata,2024-06-06 08:47:00,202.13,50,UPI,50,Delivered,3.6
5735,35,25,3,Kolkata,2024-10-04 21:53:00,117.79,0,Credit Card,40,Refunded,
5736,52,8,14,Ahmedabad,2024-01-04 14:54:00,107.42,0,Wallet,29,Delivered,4.9
5737,161,55,5,Bangalore,2024-08-04 19:16:00,245.53,20,UPI,55,Delivered,4.2
5738,84,14,7,Mumbai,2024-03-14 10:54:00,293.89,50,Wallet,32,Delivered,5.0
5739,328,43,4,Lucknow,2024-04-02 19:00:00,478.11,0,Wallet,57,Delivered,3.7
5740,26,31,14,Chennai,2024-11-16 17:17:00,99.26,30,UPI,24,Delivered,4.2
5741,225,24,9,Mumbai,2024-10-29 09:48:00,180.19,20,UPI,31,Delivered,4.2
5742,317,16,1,Lucknow,2024-10-04 13:25:00,726.74,0,Wallet,14,Delivered,4.5
5743,154,20,14,Kolkata,2024-08-05 16:20:00,307.32,0,UPI,30,Delivered,4.6
5744,293,38,15,Hyderabad,2024-04-04 11:42:00,99.0,30,UPI,47,Delivered,3.3
5745,95,47,10,Mumbai,2024-09-04 21:32:00,204.51,30,UPI,29,Refunded,
5746,225,15,14,Hyderabad,2024-03-11 15:08:00,199.0,20,Wallet,27,Delivered,4.8
5747,267,14,7,Mumbai,2024-03-15 15:22:00,168.76,0,Debit Card,48,Delivered,4.6
5748,41,53,3,Pune,2024-02-20 09:14:00,652.38,10,UPI,37,Delivered,3.2
5749,133,12,12,Bangalore,2024-02-05 11:53:00,150.39,10,UPI,36,Cancelled,
5750,66,34,3,Bangalore,2024-06-15 19:03:00,153.31,10,Credit Card,24,Delivered,5.0
5751,397,8,14,Ahmedabad,2024-07-10 17:05:00,99.0,0,UPI,25,Delivered,3.3
5752,210,19,11,Jaipur,2024-07-03 21:53:00,471.98,10,Wallet,33,Delivered,4.3
5753,153,46,1,Kolkata,2024-04-19 10:48:00,298.95,0,Credit Card,16,Refunded,
5754,172,5,12,Ahmedabad,2024-07-20 17:52:00,497.94,0,Cash on Delivery,43,Delivered,3.9
5755,398,56,1,Chennai,2024-04-05 17:41:00,956.39,50,UPI,41,Cancelled,
5756,325,27,6,Ahmedabad,2024-03-07 15:25:00,506.63,30,Credit Card,39,Delivered,4.0
5757,59,41,8,Kolkata,2024-01-15 08:26:00,248.32,0,UPI,22,Delivered,3.9
5758,184,13,9,Bangalore,2024-09-30 10:18:00,376.31,0,Cash on Delivery,42,Cancelled,
5759,180,32,5,Bangalore,2024-11-27 15:04:00,335.98,30,Cash on Delivery,26,Delivered,4.4
5760,322,31,14,Chennai,2024-05-31 18:47:00,185.16,0,UPI,47,Delivered,3.6
5761,324,41,8,Kolkata,2024-01-15 22:58:00,327.86,0,UPI,32,Delivered,4.7
5762,12,46,1,Kolkata,2024-12-19 18:19:00,323.3,0,Cash on Delivery,36,Delivered,4.4
5763,68,37,8,Mumbai,2024-07-10 16:31:00,662.77,0,UPI,41,Delivered,4.0
5764,329,2,12,Jaipur,2024-11-19 12:52:00,123.9,0,Credit Card,38,Delivered,4.6
5765,202,7,14,Ahmedabad,2024-05-15 13:41:00,775.63,0,Credit Card,10,Delivered,3.8
5766,6,48,4,Pune,2024-01-07 13:45:00,246.24,30,UPI,18,Delivered,4.1
5767,15,11,7,Ahmedabad,2024-01-30 21:36:00,421.44,10,Debit Card,27,Delivered,3.2
5768,42,11,7,Ahmedabad,2024-03-19 12:02:00,267.14,0,Credit Card,39,Delivered,3.8
5769,31,23,13,Delhi,2024-01-23 20:09:00,920.55,0,Credit Card,52,Cancelled,
5770,181,31,14,Chennai,2024-01-05 14:14:00,192.22,10,UPI,32,Delivered,3.6
5771,262,44,1,Lucknow,2024-03-22 16:07:00,221.0,20,Cash on Delivery,43,Delivered,3.0
5772,289,45,14,Bangalore,2024-01-02 13:07:00,257.65,50,UPI,42,Delivered,4.0
5773,21,8,14,Ahmedabad,2024-12-08 15:03:00,103.64,0,Credit Card,22,Delivered,4.0
5774,380,56,1,Chennai,2024-11-15 21:18:00,859.66,0,UPI,35,Delivered,4.3
5775,182,32,5,Bangalore,2024-05-07 14:17:00,460.53,0,Cash on Delivery,29,Delivered,4.4
5776,184,48,4,Pune,2024-09-10 12:28:00,217.28,30,UPI,26,Delivered,4.0
5777,244,21,9,Jaipur,2024-12-08 08:51:00,440.13,30,Cash on Delivery,52,Delivered,4.4
5778,350,31,14,Chennai,2024-06-23 09:53:00,172.5,20,Debit Card,39,Delivered,4.6
5779,149,1,6,Mumbai,2024-12-18 14:50:00,152.07,0,Wallet,27,Delivered,4.8
5780,256,13,9,Bangalore,2024-12-13 08:55:00,329.65,0,Debit Card,29,Delivered,4.4
5781,100,11,7,Ahmedabad,2024-08-18 09:38:00,367.26,0,Debit Card,36,Delivered,4.4
5782,55,29,11,Bangalore,2024-01-19 22:12:00,335.56,50,Cash on Delivery,39,Cancelled,
5783,186,4,12,Jaipur,2024-04-30 15:04:00,399.94,0,Debit Card,15,Delivered,3.5
5784,320,36,12,Bangalore,2024-07-29 08:32:00,524.49,50,Cash on Delivery,48,Delivered,4.6
5785,86,15,14,Hyderabad,2024-09-11 18:49:00,174.16,50,UPI,37,Delivered,3.5
5786,174,59,11,Jaipur,2024-06-08 18:27:00,132.41,0,Credit Card,26,Cancelled,
5787,22,3,12,Kolkata,2024-12-22 16:11:00,280.8,20,Cash on Delivery,59,Delivered,4.3
5788,244,56,1,Chennai,2024-08-29 14:10:00,711.63,50,Cash on Delivery,39,Delivered,4.5
5789,60,51,7,Kolkata,2024-04-06 10:53:00,168.38,0,Cash on Delivery,50,Delivered,4.4
5790,104,29,11,Bangalore,2024-02-26 17:33:00,240.61,0,Debit Card,47,Delivered,2.5
5791,139,21,9,Jaipur,2024-07-17 22:51:00,620.42,20,Wallet,55,Delivered,4.6
5792,303,2,12,Jaipur,2024-01-02 10:37:00,190.23,10,UPI,46,Delivered,5.0
5793,159,6,4,Mumbai,2024-10-14 17:40:00,297.74,50,UPI,44,Delivered,3.1
5794,232,31,14,Chennai,2024-08-05 21:10:00,156.09,0,UPI,43,Delivered,4.2
5795,77,54,1,Kolkata,2024-04-14 11:59:00,140.0,0,Wallet,49,Delivered,4.0
5796,18,24,9,Mumbai,2024-05-06 16:07:00,235.69,20,UPI,29,Delivered,4.1
5797,22,40,6,Kolkata,2024-09-08 22:33:00,234.07,0,Cash on Delivery,39,Delivered,4.9
5798,184,17,1,Kolkata,2024-12-18 16:40:00,99.0,0,UPI,30,Delivered,4.2
5799,145,5,12,Ahmedabad,2024-11-14 15:26:00,519.66,10,UPI,44,Delivered,3.5
5800,38,2,12,Jaipur,2024-10-03 12:34:00,145.87,0,Debit Card,32,Delivered,3.7
5801,281,58,1,Lucknow,2024-12-06 11:48:00,175.61,50,Credit Card,33,Delivered,3.6
5802,288,12,12,Bangalore,2024-12-01 16:30:00,194.62,0,UPI,16,Cancelled,
5803,143,5,12,Ahmedabad,2024-07-08 11:34:00,438.01,20,Credit Card,55,Delivered,3.0
5804,13,42,9,Jaipur,2024-07-16 08:20:00,314.67,50,UPI,23,Delivered,3.8
5805,186,60,1,Hyderabad,2024-12-01 22:38:00,133.69,10,Credit Card,39,Delivered,4.5
5806,267,41,8,Kolkata,2024-06-10 17:56:00,225.39,20,UPI,41,Delivered,4.3
5807,269,20,14,Kolkata,2024-09-18 09:23:00,178.16,50,Debit Card,49,Cancelled,
5808,97,8,14,Ahmedabad,2024-11-07 08:27:00,100.23,30,UPI,30,Delivered,4.2
5809,357,1,6,Mumbai,2024-05-08 08:27:00,115.61,50,Credit Card,21,Delivered,3.9
5810,294,56,1,Chennai,2024-12-21 11:47:00,471.6,10,UPI,45,Delivered,4.1
5811,1,6,4,Mumbai,2024-11-23 08:25:00,182.09,30,Credit Card,47,Delivered,4.4
5812,295,56,1,Chennai,2024-02-20 18:48:00,908.39,0,UPI,39,Delivered,4.6
5813,27,54,1,Kolkata,2024-03-14 19:40:00,153.56,0,Cash on Delivery,35,Delivered,4.3
5814,36,11,7,Ahmedabad,2024-07-17 20:11:00,284.4,30,Debit Card,35,Delivered,3.4
5815,160,3,12,Kolkata,2024-08-26 15:16:00,234.55,20,Wallet,24,Cancelled,
5816,399,31,14,Chennai,2024-09-26 09:47:00,266.42,0,Wallet,13,Delivered,3.8
5817,31,28,8,Hyderabad,2024-11-12 08:34:00,859.62,20,Cash on Delivery,52,Delivered,4.4
5818,127,47,10,Mumbai,2024-04-28 08:58:00,313.07,30,Cash on Delivery,35,Delivered,3.7
5819,262,43,4,Lucknow,2024-08-29 09:35:00,541.34,0,Debit Card,43,Delivered,3.7
5820,345,56,1,Chennai,2024-09-08 10:50:00,850.8,30,Debit Card,31,Delivered,4.5
5821,210,5,12,Ahmedabad,2024-02-11 12:18:00,502.3,0,Debit Card,31,Delivered,4.6
5822,150,60,1,Hyderabad,2024-04-16 14:04:00,99.0,0,UPI,30,Delivered,3.5
5823,31,26,7,Kolkata,2024-06-28 19:18:00,470.36,0,UPI,33,Delivered,3.3
5824,100,16,1,Lucknow,2024-07-22 11:11:00,609.94,50,Debit Card,46,Delivered,3.4
5825,329,53,3,Pune,2024-03-22 08:50:00,522.78,0,Cash on Delivery,36,Delivered,4.5
5826,302,31,14,Chennai,2024-10-25 09:47:00,141.15,20,Credit Card,52,Delivered,3.6
5827,353,28,8,Hyderabad,2024-04-06 08:17:00,610.48,0,UPI,24,Refunded,
5828,219,7,14,Ahmedabad,2024-05-04 20:56:00,699.02,20,Credit Card,33,Delivered,3.8
5829,253,38,15,Hyderabad,2024-12-14 20:04:00,126.59,20,Wallet,34,Cancelled,
5830,171,9,11,Bangalore,2024-01-24 20:58:00,99.0,0,UPI,42,Refunded,
5831,257,39,11,Lucknow,2024-10-20 08:09:00,99.0,0,Debit Card,28,Delivered,3.4
5832,57,35,10,Hyderabad,2024-06-13 19:32:00,551.39,50,Wallet,47,Delivered,4.1
5833,9,43,4,Lucknow,2024-08-02 17:10:00,617.64,0,UPI,41,Delivered,4.0
5834,5,27,6,Ahmedabad,2024-10-06 15:06:00,551.92,20,Wallet,51,Delivered,4.4
5835,335,12,12,Bangalore,2024-04-23 12:19:00,202.05,50,Wallet,30,Delivered,4.3
5836,114,53,3,Pune,2024-09-01 17:24:00,681.48,0,UPI,18,Delivered,2.9
5837,265,25,3,Kolkata,2024-08-27 22:14:00,119.68,0,UPI,45,Delivered,4.3
5838,173,43,4,Lucknow,2024-08-19 15:49:00,969.82,30,UPI,46,Delivered,4.0
5839,220,29,11,Bangalore,2024-07-08 13:36:00,302.15,20,UPI,12,Cancelled,
5840,205,31,14,Chennai,2024-03-06 19:57:00,124.56,0,Wallet,41,Delivered,4.8
5841,24,58,1,Lucknow,2024-10-05 20:16:00,211.93,0,UPI,38,Delivered,3.6
5842,170,34,3,Bangalore,2024-01-16 16:25:00,106.93,30,Wallet,30,Cancelled,
5843,103,33,1,Mumbai,2024-08-07 08:46:00,358.08,10,UPI,51,Delivered,4.4
5844,60,27,6,Ahmedabad,2024-09-24 12:54:00,365.2,10,Wallet,31,Cancelled,
5845,86,56,1,Chennai,2024-06-26 11:01:00,711.65,10,UPI,52,Delivered,4.2
5846,255,56,1,Chennai,2024-02-05 22:37:00,1317.54,0,Debit Card,44,Delivered,3.6
5847,165,2,12,Jaipur,2024-04-17 20:49:00,117.35,50,UPI,42,Delivered,4.7
5848,372,14,7,Mumbai,2024-04-05 18:19:00,233.55,30,UPI,40,Delivered,4.3
5849,167,13,9,Bangalore,2024-06-12 21:32:00,493.91,0,UPI,42,Delivered,3.9
5850,84,24,9,Mumbai,2024-05-22 21:49:00,158.71,0,UPI,29,Delivered,3.6
5851,202,5,12,Ahmedabad,2024-08-25 10:28:00,345.59,0,UPI,23,Delivered,4.8
5852,90,34,3,Bangalore,2024-03-31 12:58:00,188.55,0,Debit Card,52,Delivered,4.6
5853,89,55,5,Bangalore,2024-12-07 10:53:00,198.16,0,UPI,29,Delivered,4.1
5854,120,23,13,Delhi,2024-07-16 17:53:00,995.78,20,Cash on Delivery,33,Refunded,
5855,156,19,11,Jaipur,2024-01-01 10:06:00,522.58,0,Debit Card,22,Delivered,4.1
5856,399,30,9,Ahmedabad,2024-11-27 11:22:00,167.98,20,Cash on Delivery,41,Delivered,3.4
5857,188,49,12,Pune,2024-06-01 21:58:00,273.95,10,Wallet,24,Delivered,4.9
5858,188,43,4,Lucknow,2024-03-01 20:30:00,793.63,0,Cash on Delivery,39,Delivered,3.4
5859,262,16,1,Lucknow,2024-09-30 16:18:00,441.03,20,Credit Card,32,Delivered,4.6
5860,52,52,2,Kolkata,2024-09-02 11:00:00,226.76,50,UPI,37,Delivered,5.0
5861,140,50,14,Hyderabad,2024-10-23 18:14:00,229.96,30,Credit Card,52,Delivered,3.6
5862,19,52,2,Kolkata,2024-06-30 15:14:00,119.23,0,Credit Card,24,Refunded,
5863,75,40,6,Kolkata,2024-07-25 09:38:00,159.12,10,UPI,30,Refunded,
5864,230,34,3,Bangalore,2024-01-22 09:15:00,179.0,0,Credit Card,27,Delivered,3.8
5865,130,49,12,Pune,2024-05-09 11:19:00,203.34,0,UPI,40,Delivered,3.6
5866,55,11,7,Ahmedabad,2024-11-18 15:29:00,471.57,10,UPI,39,Cancelled,
5867,271,14,7,Mumbai,2024-02-24 09:34:00,217.54,10,Cash on Delivery,33,Cancelled,
5868,100,48,4,Pune,2024-01-26 16:04:00,189.44,0,UPI,47,Delivered,4.8
5869,69,47,10,Mumbai,2024-05-09 10:55:00,170.61,0,UPI,35,Delivered,4.2
5870,399,15,14,Hyderabad,2024-07-30 21:33:00,192.68,0,UPI,29,Delivered,3.2
5871,299,35,10,Hyderabad,2024-08-13 13:55:00,386.07,30,UPI,48,Delivered,3.5
5872,17,58,1,Lucknow,2024-02-24 11:49:00,172.62,20,UPI,33,Cancelled,
5873,354,7,14,Ahmedabad,2024-12-05 16:52:00,761.63,20,UPI,33,Delivered,4.5
5874,116,29,11,Bangalore,2024-04-20 19:42:00,396.63,0,UPI,34,Delivered,3.7
5875,152,44,1,Lucknow,2024-07-22 12:01:00,340.77,0,UPI,37,Delivered,3.0
5876,330,54,1,Kolkata,2024-01-16 14:29:00,166.12,50,UPI,47,Delivered,4.4
5877,116,22,4,Ahmedabad,2024-06-14 20:50:00,175.69,30,Credit Card,44,Delivered,4.3
5878,30,23,13,Delhi,2024-10-06 10:29:00,446.38,30,UPI,41,Delivered,3.6
5879,323,24,9,Mumbai,2024-09-05 18:52:00,315.49,0,Cash on Delivery,25,Delivered,3.9
5880,51,35,10,Hyderabad,2024-07-09 14:10:00,732.76,0,Credit Card,35,Delivered,3.9
5881,60,51,7,Kolkata,2024-03-18 14:52:00,162.98,20,Debit Card,34,Delivered,4.0
5882,229,10,10,Mumbai,2024-12-01 09:20:00,199.27,0,Debit Card,41,Delivered,4.9
5883,259,8,14,Ahmedabad,2024-07-01 14:03:00,99.0,0,UPI,33,Delivered,4.5
5884,360,48,4,Pune,2024-11-12 22:13:00,191.25,20,Wallet,49,Delivered,4.4
5885,5,48,4,Pune,2024-12-04 18:04:00,253.47,0,UPI,41,Delivered,4.0
5886,28,12,12,Bangalore,2024-04-09 22:44:00,182.82,30,UPI,41,Delivered,3.6
5887,254,29,11,Bangalore,2024-06-20 22:54:00,259.45,30,UPI,25,Delivered,5.0
5888,364,29,11,Bangalore,2024-12-15 12:46:00,372.07,0,Wallet,28,Delivered,4.1
5889,231,23,13,Delhi,2024-01-30 14:40:00,1010.34,0,Wallet,30,Cancelled,
5890,395,26,7,Kolkata,2024-07-14 12:40:00,505.19,0,Cash on Delivery,35,Delivered,3.5
5891,357,37,8,Mumbai,2024-06-21 17:26:00,970.92,0,Credit Card,47,Delivered,5.0
5892,200,32,5,Bangalore,2024-07-26 21:12:00,598.04,0,Wallet,27,Delivered,4.2
5893,332,52,2,Kolkata,2024-08-15 12:44:00,314.92,0,UPI,19,Delivered,3.4
5894,271,38,15,Hyderabad,2024-09-01 15:44:00,99.0,10,Debit Card,49,Delivered,4.6
5895,339,57,8,Delhi,2024-11-30 11:19:00,566.51,30,Wallet,30,Delivered,4.7
5896,304,6,4,Mumbai,2024-06-21 14:58:00,363.3,0,Cash on Delivery,34,Delivered,3.9
5897,383,8,14,Ahmedabad,2024-05-12 13:53:00,99.43,20,UPI,45,Delivered,3.6
5898,46,17,1,Kolkata,2024-10-14 13:29:00,549.24,0,Cash on Delivery,47,Delivered,3.9
5899,28,12,12,Bangalore,2024-10-08 12:12:00,152.51,20,UPI,26,Delivered,4.5
5900,7,22,4,Ahmedabad,2024-12-14 12:24:00,190.83,10,UPI,38,Delivered,4.6
5901,232,14,7,Mumbai,2024-05-20 15:30:00,151.42,10,Cash on Delivery,49,Delivered,3.7
5902,199,34,3,Bangalore,2024-01-20 14:07:00,99.0,50,UPI,35,Delivered,4.9
5903,94,19,11,Jaipur,2024-07-19 12:50:00,447.48,0,UPI,46,Delivered,3.2
5904,82,6,4,Mumbai,2024-07-07 11:14:00,99.0,10,Debit Card,37,Delivered,3.7
5905,88,18,9,Lucknow,2024-01-26 13:41:00,1030.01,20,Debit Card,46,Delivered,4.0
5906,390,36,12,Bangalore,2024-01-11 18:29:00,949.95,10,UPI,48,Delivered,3.9
5907,186,54,1,Kolkata,2024-03-23 09:37:00,241.39,20,UPI,52,Cancelled,
5908,243,37,8,Mumbai,2024-03-27 12:00:00,1000.39,0,Wallet,40,Delivered,3.8
5909,68,38,15,Hyderabad,2024-06-04 21:51:00,99.0,0,UPI,31,Delivered,4.9
5910,311,15,14,Hyderabad,2024-10-12 17:53:00,159.96,10,Debit Card,38,Delivered,4.0
5911,374,38,15,Hyderabad,2024-05-22 13:13:00,99.0,30,Wallet,38,Delivered,4.3
5912,187,40,6,Kolkata,2024-05-21 16:58:00,333.18,0,Credit Card,35,Delivered,4.3
5913,239,9,11,Bangalore,2024-08-28 15:07:00,99.0,0,UPI,42,Delivered,4.3
5914,390,53,3,Pune,2024-10-14 22:28:00,666.33,0,UPI,41,Refunded,
5915,218,54,1,Kolkata,2024-02-10 18:44:00,99.0,0,Debit Card,38,Delivered,4.0
5916,108,6,4,Mumbai,2024-09-25 18:55:00,281.45,50,Cash on Delivery,57,Delivered,3.0
5917,307,54,1,Kolkata,2024-10-01 17:52:00,137.03,0,Debit Card,27,Delivered,4.6
5918,38,2,12,Jaipur,2024-06-27 12:47:00,143.87,30,UPI,39,Delivered,4.1
5919,395,16,1,Lucknow,2024-05-16 22:27:00,625.62,30,UPI,35,Delivered,3.8
5920,349,52,2,Kolkata,2024-08-11 11:53:00,176.91,10,UPI,17,Delivered,3.8
5921,276,1,6,Mumbai,2024-09-15 10:31:00,174.63,0,Cash on Delivery,29,Delivered,4.3
5922,10,30,9,Ahmedabad,2024-07-15 15:13:00,266.86,10,Debit Card,21,Delivered,3.8
5923,26,60,1,Hyderabad,2024-04-29 10:23:00,129.98,20,UPI,43,Delivered,4.0
5924,48,48,4,Pune,2024-09-25 18:28:00,225.1,0,Cash on Delivery,22,Delivered,4.5
5925,347,33,1,Mumbai,2024-03-12 10:41:00,209.3,0,Debit Card,21,Delivered,4.2
5926,370,1,6,Mumbai,2024-06-07 20:25:00,255.82,20,Wallet,33,Delivered,3.6
5927,14,39,11,Lucknow,2024-03-22 16:06:00,99.0,20,Credit Card,32,Delivered,4.4
5928,100,16,1,Lucknow,2024-04-21 13:47:00,820.77,20,Credit Card,31,Delivered,3.9
5929,187,17,1,Kolkata,2024-03-20 14:55:00,488.31,0,Credit Card,24,Refunded,
5930,12,48,4,Pune,2024-11-11 08:55:00,217.56,0,Cash on Delivery,44,Cancelled,
5931,372,48,4,Pune,2024-04-24 10:37:00,188.0,0,Cash on Delivery,33,Delivered,4.6
5932,379,38,15,Hyderabad,2024-01-04 11:03:00,144.6,30,Cash on Delivery,45,Delivered,3.9
5933,279,18,9,Lucknow,2024-02-11 16:39:00,1002.72,30,UPI,25,Delivered,4.2
5934,341,22,4,Ahmedabad,2024-11-02 08:16:00,198.72,10,Debit Card,29,Delivered,4.5
5935,328,22,4,Ahmedabad,2024-04-06 11:13:00,173.06,0,UPI,26,Delivered,3.6
5936,167,60,1,Hyderabad,2024-10-04 11:26:00,99.0,10,Cash on Delivery,35,Delivered,4.5
5937,122,59,11,Jaipur,2024-02-12 10:23:00,99.0,0,UPI,28,Delivered,5.0
5938,393,35,10,Hyderabad,2024-04-03 15:21:00,491.01,0,UPI,46,Delivered,4.4
5939,95,31,14,Chennai,2024-12-10 19:09:00,99.0,0,UPI,12,Delivered,4.2
5940,25,40,6,Kolkata,2024-09-02 08:51:00,249.5,20,UPI,52,Delivered,4.6
5941,17,27,6,Ahmedabad,2024-01-21 14:23:00,496.39,20,UPI,32,Delivered,4.6
5942,29,36,12,Bangalore,2024-09-21 11:55:00,623.32,20,UPI,27,Delivered,4.2
5943,323,55,5,Bangalore,2024-08-14 11:41:00,248.29,50,UPI,53,Delivered,3.5
5944,341,4,12,Jaipur,2024-02-05 13:08:00,436.89,50,UPI,34,Cancelled,
5945,313,49,12,Pune,2024-05-29 08:04:00,286.33,50,Cash on Delivery,32,Delivered,3.7
5946,72,54,1,Kolkata,2024-10-19 13:18:00,187.99,30,UPI,29,Cancelled,
5947,270,5,12,Ahmedabad,2024-03-12 17:42:00,764.1,0,Wallet,32,Delivered,3.9
5948,250,25,3,Kolkata,2024-04-05 20:19:00,100.1,50,Wallet,40,Delivered,3.3
5949,295,31,14,Chennai,2024-08-15 18:43:00,99.0,50,UPI,40,Refunded,
5950,144,14,7,Mumbai,2024-10-19 21:09:00,221.09,0,UPI,23,Delivered,4.9
5951,274,30,9,Ahmedabad,2024-08-10 16:28:00,347.36,0,UPI,23,Delivered,3.5
5952,223,47,10,Mumbai,2024-08-03 14:20:00,341.48,20,Debit Card,45,Delivered,4.1
5953,75,57,8,Delhi,2024-06-17 16:41:00,242.03,0,Debit Card,30,Delivered,3.6
5954,102,12,12,Bangalore,2024-02-11 09:03:00,136.61,20,UPI,34,Delivered,4.5
5955,20,27,6,Ahmedabad,2024-04-05 20:13:00,336.69,10,UPI,36,Delivered,4.7
5956,117,45,14,Bangalore,2024-04-22 20:20:00,246.75,10,Credit Card,50,Delivered,3.3
5957,174,24,9,Mumbai,2024-11-15 15:25:00,131.72,0,UPI,48,Delivered,4.5
5958,373,55,5,Bangalore,2024-06-08 19:56:00,367.0,10,Wallet,38,Delivered,3.4
5959,173,30,9,Ahmedabad,2024-04-28 15:52:00,139.76,0,UPI,28,Delivered,3.9
5960,4,18,9,Lucknow,2024-06-09 11:30:00,718.46,0,UPI,58,Delivered,5.0
5961,340,14,7,Mumbai,2024-05-25 10:11:00,159.64,0,UPI,42,Delivered,4.3
5962,148,56,1,Chennai,2024-06-27 16:44:00,897.79,10,Debit Card,49,Delivered,4.6
5963,395,19,11,Jaipur,2024-08-10 17:46:00,191.28,0,UPI,33,Delivered,4.3
5964,114,22,4,Ahmedabad,2024-11-03 09:50:00,189.72,0,UPI,23,Cancelled,
5965,321,26,7,Kolkata,2024-06-15 15:31:00,471.34,20,UPI,40,Delivered,4.0
5966,167,7,14,Ahmedabad,2024-05-29 11:05:00,548.4,50,UPI,35,Delivered,3.7
5967,300,28,8,Hyderabad,2024-07-07 18:48:00,1024.19,0,Debit Card,52,Delivered,5.0
5968,118,38,15,Hyderabad,2024-01-29 17:55:00,151.11,0,UPI,34,Delivered,5.0
5969,100,5,12,Ahmedabad,2024-12-02 22:52:00,439.57,10,Cash on Delivery,31,Cancelled,
5970,274,36,12,Bangalore,2024-06-10 22:37:00,779.1,20,UPI,48,Delivered,4.1
5971,175,18,9,Lucknow,2024-12-22 11:01:00,611.11,0,Credit Card,31,Cancelled,
5972,159,57,8,Delhi,2024-01-12 10:05:00,310.54,10,Debit Card,32,Refunded,
5973,384,14,7,Mumbai,2024-09-04 21:07:00,166.17,30,Credit Card,20,Delivered,4.8
5974,227,48,4,Pune,2024-09-01 17:45:00,134.52,10,Debit Card,46,Refunded,
5975,38,23,13,Delhi,2024-11-12 10:47:00,1031.05,20,UPI,33,Delivered,4.6
5976,198,55,5,Bangalore,2024-03-11 22:44:00,282.25,30,Wallet,23,Delivered,4.0
5977,136,52,2,Kolkata,2024-05-13 22:16:00,142.81,10,Credit Card,47,Delivered,4.1
5978,104,14,7,Mumbai,2024-03-08 13:31:00,185.22,10,UPI,32,Delivered,3.8
5979,193,32,5,Bangalore,2024-05-02 13:26:00,280.35,50,UPI,53,Cancelled,
5980,250,5,12,Ahmedabad,2024-04-19 22:59:00,218.22,10,UPI,48,Delivered,5.0
5981,13,22,4,Ahmedabad,2024-10-26 10:21:00,231.15,0,Debit Card,23,Delivered,4.6
5982,55,28,8,Hyderabad,2024-08-07 17:37:00,721.37,0,UPI,42,Delivered,4.1
5983,344,43,4,Lucknow,2024-09-08 16:08:00,1134.7,30,Wallet,46,Delivered,3.8
5984,85,12,12,Bangalore,2024-02-03 11:08:00,99.0,20,UPI,18,Delivered,4.4
5985,109,18,9,Lucknow,2024-10-27 11:07:00,940.85,0,Credit Card,32,Delivered,3.3
5986,43,36,12,Bangalore,2024-02-27 19:50:00,960.81,20,Cash on Delivery,30,Delivered,3.6
5987,388,31,14,Chennai,2024-10-01 16:15:00,198.08,0,Wallet,46,Refunded,
5988,71,13,9,Bangalore,2024-03-15 17:07:00,322.11,50,UPI,26,Delivered,4.0
5989,268,20,14,Kolkata,2024-03-14 21:17:00,319.21,10,Wallet,38,Delivered,3.8
5990,59,60,1,Hyderabad,2024-02-12 09:02:00,109.17,50,Wallet,54,Delivered,4.0
5991,44,45,14,Bangalore,2024-08-19 18:58:00,155.09,30,Wallet,15,Delivered,4.5
5992,272,36,12,Bangalore,2024-10-10 21:05:00,659.73,10,Wallet,36,Delivered,5.0
5993,390,55,5,Bangalore,2024-10-29 21:06:00,217.91,30,Wallet,36,Delivered,4.5
5994,14,55,5,Bangalore,2024-07-20 22:30:00,337.29,30,Debit Card,10,Delivered,4.0
5995,371,7,14,Ahmedabad,2024-08-08 17:53:00,1037.87,30,Cash on Delivery,18,Delivered,4.7
5996,112,23,13,Delhi,2024-03-21 18:50:00,933.27,50,Credit Card,44,Delivered,4.1
5997,379,34,3,Bangalore,2024-10-11 08:43:00,203.68,0,Credit Card,34,Cancelled,
5998,314,53,3,Pune,2024-12-11 19:24:00,191.38,10,Debit Card,37,Delivered,3.0
5999,228,58,1,Lucknow,2024-02-10 12:03:00,311.77,50,Wallet,34,Delivered,4.8
6000,169,50,14,Hyderabad,2024-08-27 16:56:00,246.9,30,UPI,47,Delivered,3.4
